train_type,priority,scheduled_duration,distance_remaining_km,current_speed_kmph,maximum_speed_kmph,current_delay_minutes,number_of_stops_remaining,station_dwell_time,number_of_trains_in_section,section_utilization,traffic_density,waiting_train_count,time_of_day,day_type,total_delay_minutes
EXPRESS,MEDIUM,45.0,45.1,129.7,130.0,3.4,0,0.0,4,52.9,47.6,0,EVENING,WEEKDAY,13.2
PASSENGER,MEDIUM,64.9,92.6,0.6,100.0,10.0,1,2.6,2,60.9,55.2,1,AFTERNOON,WEEKDAY,26.9
EXPRESS,HIGH,56.0,80.0,112.1,130.0,1.8,5,2.2,1,66.8,60.5,0,EVENING,WEEKDAY,6.5
EXPRESS,HIGH,174.8,57.8,0.9,140.0,0.8,2,4.2,2,39.3,34.5,1,EVENING,WEEKDAY,15.5
EXPRESS,HIGH,44.3,45.5,42.0,110.0,0.0,1,3.2,1,80.5,78.2,3,NIGHT,WEEKEND,12.5
PASSENGER,MEDIUM,101.3,85.6,34.4,110.0,7.4,5,3.7,3,51.2,58.3,1,AFTERNOON,WEEKDAY,27.6
LOCAL,LOW,48.3,34.2,83.1,90.0,0.0,2,2.6,1,50.7,55.1,0,AFTERNOON,WEEKEND,5.4
PASSENGER,MEDIUM,134.4,27.2,90.9,100.0,4.0,1,4.9,1,55.4,50.7,0,MORNING,WEEKDAY,11.9
EXPRESS,HIGH,100.5,77.3,19.1,130.0,0.9,2,2.7,2,34.7,34.6,2,AFTERNOON,WEEKDAY,13.7
EXPRESS,MEDIUM,81.2,17.4,136.4,140.0,8.1,0,0.0,1,32.1,25.3,0,AFTERNOON,WEEKEND,11.8
EXPRESS,HIGH,126.3,75.2,14.1,140.0,0.0,4,2.1,2,32.4,31.5,1,NIGHT,WEEKEND,10.1
EXPRESS,HIGH,85.2,13.4,33.7,130.0,0.0,0,0.0,3,79.1,73.0,1,EVENING,WEEKDAY,12.0
PASSENGER,MEDIUM,173.1,89.6,14.6,110.0,1.7,2,2.1,4,60.9,54.0,2,EVENING,WEEKDAY,25.7
PASSENGER,MEDIUM,130.7,23.8,89.5,110.0,0.0,0,0.0,1,25.3,23.1,0,NIGHT,WEEKDAY,3.2
PASSENGER,MEDIUM,163.0,9.6,38.7,100.0,0.0,0,0.0,4,77.4,76.1,2,MORNING,WEEKDAY,19.1
EXPRESS,HIGH,98.6,91.9,12.4,110.0,0.0,0,0.0,2,60.9,56.3,2,EVENING,WEEKDAY,17.1
PASSENGER,HIGH,137.2,54.4,92.3,110.0,0.0,1,1.8,2,49.1,35.6,0,MORNING,WEEKDAY,6.7
EXPRESS,HIGH,103.7,13.8,108.8,120.0,2.4,0,0.0,1,63.8,52.6,0,EVENING,WEEKDAY,7.9
PASSENGER,MEDIUM,171.0,57.7,44.8,110.0,0.0,2,2.8,2,29.6,21.9,3,EVENING,WEEKDAY,19.3
EXPRESS,HIGH,33.5,81.0,16.5,130.0,0.7,2,5.0,3,55.3,46.7,2,MORNING,WEEKDAY,22.6
PASSENGER,MEDIUM,65.8,55.6,77.5,100.0,0.2,2,1.8,1,44.0,45.6,0,EVENING,WEEKEND,6.5
EXPRESS,MEDIUM,43.8,12.5,62.7,140.0,0.2,0,0.0,3,29.4,31.1,3,AFTERNOON,WEEKDAY,16.8
EXPRESS,HIGH,155.8,83.0,135.2,140.0,0.0,0,0.0,1,16.7,16.5,0,EVENING,WEEKEND,0.0
PASSENGER,MEDIUM,93.6,55.3,18.6,110.0,1.2,1,3.0,1,39.3,32.9,1,MORNING,WEEKEND,12.1
LOCAL,LOW,178.9,52.5,71.7,80.0,0.0,3,4.9,1,60.3,53.0,0,MORNING,WEEKEND,12.7
EXPRESS,HIGH,99.6,21.9,113.4,140.0,6.1,1,3.5,3,98.0,96.5,0,EVENING,WEEKDAY,16.6
EXPRESS,HIGH,119.1,18.5,115.9,120.0,5.9,1,4.7,1,64.0,57.8,0,EVENING,WEEKEND,11.5
LOCAL,MEDIUM,120.9,90.9,70.4,80.0,5.2,3,4.4,1,42.6,34.9,0,AFTERNOON,WEEKDAY,13.7
PASSENGER,MEDIUM,50.5,24.2,15.7,100.0,2.5,1,2.5,2,64.7,66.7,2,EVENING,WEEKDAY,20.5
LOCAL,MEDIUM,177.0,46.3,62.6,80.0,0.0,3,2.1,1,21.3,28.5,0,AFTERNOON,WEEKDAY,2.0
LOCAL,MEDIUM,55.3,8.7,28.0,90.0,0.1,0,0.0,2,84.6,83.7,1,MORNING,WEEKDAY,13.5
EXPRESS,HIGH,57.7,72.3,103.1,110.0,0.0,2,4.6,1,60.4,71.9,0,MORNING,WEEKEND,8.7
EXPRESS,HIGH,57.3,71.4,38.0,130.0,2.3,1,3.5,1,81.9,80.9,1,AFTERNOON,WEEKDAY,14.3
EXPRESS,HIGH,178.0,37.0,67.8,140.0,0.0,2,4.4,2,91.8,87.8,0,EVENING,WEEKDAY,12.1
FREIGHT,MEDIUM,169.4,65.2,14.4,75.0,0.0,0,0.0,2,98.0,94.9,1,MORNING,WEEKDAY,17.1
PASSENGER,HIGH,98.1,38.2,44.1,110.0,0.4,1,2.9,1,76.2,75.1,0,AFTERNOON,WEEKDAY,6.4
LOCAL,LOW,86.9,23.5,7.5,90.0,0.9,1,2.8,2,30.1,27.6,2,NIGHT,WEEKEND,17.7
LOCAL,MEDIUM,95.8,53.6,79.7,90.0,0.0,2,2.7,1,65.7,73.8,0,NIGHT,WEEKDAY,5.9
PASSENGER,MEDIUM,136.0,72.7,77.6,100.0,2.7,4,1.9,1,33.6,35.7,0,EVENING,WEEKEND,7.3
EXPRESS,HIGH,114.8,58.9,119.8,140.0,1.2,1,3.6,2,50.1,43.7,0,EVENING,WEEKDAY,9.8
EXPRESS,MEDIUM,33.5,76.1,134.4,140.0,0.0,4,4.9,1,57.1,50.6,0,MORNING,WEEKEND,13.4
EXPRESS,HIGH,47.1,59.3,107.6,110.0,1.0,3,3.0,1,60.3,74.2,0,MORNING,WEEKEND,5.2
PASSENGER,MEDIUM,98.8,92.8,19.7,110.0,1.9,5,2.2,2,83.5,74.0,1,MORNING,WEEKDAY,22.4
EXPRESS,HIGH,104.6,48.3,52.5,130.0,2.6,2,2.0,2,18.0,21.6,1,AFTERNOON,WEEKDAY,10.3
EXPRESS,HIGH,80.9,58.6,38.0,140.0,5.8,3,3.8,3,87.1,78.2,3,MORNING,WEEKDAY,27.7
FREIGHT,MEDIUM,161.5,16.0,54.6,65.0,0.1,0,0.0,1,18.0,16.7,0,EVENING,WEEKEND,2.3
PASSENGER,MEDIUM,114.9,15.3,100.2,110.0,0.0,0,0.0,1,20.3,16.0,0,NIGHT,WEEKEND,2.1
EXPRESS,HIGH,104.7,78.4,37.0,130.0,2.4,0,0.0,3,79.8,78.4,1,EVENING,WEEKDAY,17.2
PASSENGER,MEDIUM,57.7,91.3,47.0,110.0,1.8,5,4.1,2,48.7,44.6,1,AFTERNOON,WEEKDAY,20.9
EXPRESS,HIGH,173.3,81.2,29.0,140.0,0.0,3,3.9,2,57.7,62.9,1,MORNING,WEEKEND,14.1
EXPRESS,HIGH,148.5,91.6,37.3,130.0,13.8,3,2.3,2,24.8,21.3,2,MORNING,WEEKEND,27.3
FREIGHT,LOW,113.4,94.9,21.8,65.0,0.2,2,4.4,2,48.4,44.2,2,MORNING,WEEKDAY,26.9
EXPRESS,HIGH,109.5,84.6,25.0,130.0,7.3,2,4.5,3,78.9,65.7,1,EVENING,WEEKDAY,27.0
EXPRESS,MEDIUM,31.4,11.3,102.6,110.0,0.0,1,2.5,1,42.8,46.8,0,AFTERNOON,WEEKEND,3.0
EXPRESS,HIGH,46.4,9.1,29.7,110.0,8.2,0,0.0,3,27.0,24.2,2,MORNING,WEEKEND,16.6
FREIGHT,LOW,48.1,79.8,47.5,75.0,3.2,2,2.9,3,82.6,75.7,0,EVENING,WEEKDAY,19.5
LOCAL,MEDIUM,142.2,61.1,74.9,90.0,9.4,1,2.9,2,20.2,23.2,0,NIGHT,WEEKDAY,13.6
EXPRESS,HIGH,46.4,91.6,43.0,110.0,0.0,0,0.0,3,86.3,76.9,1,MORNING,WEEKDAY,15.6
EXPRESS,HIGH,53.8,72.7,58.2,110.0,3.4,0,0.0,2,85.5,78.8,0,EVENING,WEEKDAY,13.6
EXPRESS,HIGH,144.2,14.6,129.8,140.0,0.2,0,0.0,1,48.2,47.3,0,AFTERNOON,WEEKEND,2.7
EXPRESS,HIGH,142.4,92.2,24.1,120.0,1.1,0,0.0,2,52.9,53.6,1,EVENING,WEEKEND,12.2
EXPRESS,MEDIUM,42.4,24.9,37.4,130.0,0.0,0,0.0,4,65.1,61.0,1,EVENING,WEEKDAY,15.1
EXPRESS,HIGH,127.8,7.8,45.6,120.0,5.0,1,2.5,3,88.2,82.1,2,MORNING,WEEKDAY,18.6
FREIGHT,LOW,48.8,15.6,10.5,75.0,0.0,1,3.9,2,38.0,32.5,2,EVENING,WEEKDAY,19.2
EXPRESS,MEDIUM,147.0,82.4,0.5,120.0,1.4,0,0.0,3,92.4,77.8,1,MORNING,WEEKDAY,22.7
FREIGHT,MEDIUM,115.1,16.9,53.4,65.0,0.2,1,4.8,3,75.5,69.4,0,MORNING,WEEKDAY,11.7
FREIGHT,LOW,164.2,12.2,60.9,75.0,0.6,1,2.7,1,65.9,57.2,0,AFTERNOON,WEEKEND,7.4
PASSENGER,MEDIUM,113.3,49.8,75.8,100.0,1.0,1,4.9,3,43.6,43.1,0,EVENING,WEEKDAY,12.1
PASSENGER,MEDIUM,36.0,93.9,12.5,100.0,3.1,3,2.8,2,34.7,29.3,1,AFTERNOON,WEEKDAY,18.0
PASSENGER,MEDIUM,57.0,86.8,26.7,100.0,0.6,0,0.0,2,81.0,76.6,1,MORNING,WEEKDAY,19.0
EXPRESS,MEDIUM,175.5,16.8,12.3,110.0,3.4,1,2.8,2,10.0,13.7,1,AFTERNOON,WEEKEND,11.0
EXPRESS,HIGH,150.9,81.0,2.3,130.0,0.5,4,1.8,2,79.8,75.1,3,EVENING,WEEKDAY,21.0
EXPRESS,HIGH,30.7,91.9,106.0,140.0,1.3,1,4.1,2,24.3,34.8,0,MORNING,WEEKEND,9.1
EXPRESS,HIGH,56.6,83.1,1.8,130.0,9.4,0,0.0,3,84.7,70.1,1,EVENING,WEEKDAY,26.9
PASSENGER,MEDIUM,128.7,14.6,16.2,110.0,3.9,1,4.6,2,41.0,32.9,1,AFTERNOON,WEEKDAY,14.7
EXPRESS,MEDIUM,78.7,5.5,47.6,110.0,3.2,1,4.2,2,83.2,84.4,0,MORNING,WEEKDAY,13.8
PASSENGER,MEDIUM,81.2,7.3,47.3,110.0,0.0,0,0.0,2,42.9,36.0,2,AFTERNOON,WEEKDAY,12.2
FREIGHT,MEDIUM,170.2,10.4,9.1,65.0,3.3,0,0.0,2,23.1,28.0,1,MORNING,WEEKEND,10.2
FREIGHT,LOW,108.8,21.3,1.5,75.0,3.5,0,0.0,3,60.3,55.4,1,MORNING,WEEKDAY,21.5
PASSENGER,MEDIUM,91.7,60.0,99.7,110.0,2.1,0,0.0,3,69.5,65.7,0,MORNING,WEEKDAY,12.9
LOCAL,LOW,64.5,33.1,16.0,80.0,0.0,1,1.9,2,71.6,68.3,1,AFTERNOON,WEEKDAY,15.1
LOCAL,MEDIUM,119.4,63.1,55.0,80.0,1.1,2,3.4,3,81.5,71.5,0,EVENING,WEEKDAY,14.3
EXPRESS,HIGH,179.3,37.7,102.3,120.0,1.9,0,0.0,3,57.3,51.9,0,MORNING,WEEKDAY,9.9
EXPRESS,MEDIUM,52.9,40.9,122.9,130.0,0.0,0,0.0,1,57.5,56.5,0,NIGHT,WEEKDAY,4.0
EXPRESS,HIGH,75.8,54.8,10.3,110.0,0.0,1,3.7,3,56.5,56.5,2,MORNING,WEEKEND,15.9
PASSENGER,MEDIUM,42.1,32.4,106.2,110.0,9.0,1,4.6,2,21.0,20.7,0,EVENING,WEEKEND,12.9
LOCAL,MEDIUM,40.2,38.1,72.8,80.0,0.9,2,2.0,1,32.7,32.4,0,AFTERNOON,WEEKDAY,2.2
EXPRESS,HIGH,122.9,72.9,33.4,120.0,0.0,4,3.7,2,92.7,90.5,1,MORNING,WEEKDAY,18.6
EXPRESS,HIGH,90.7,76.3,109.7,140.0,1.9,4,4.2,3,10.0,8.4,0,EVENING,WEEKEND,11.4
EXPRESS,HIGH,59.8,61.6,89.2,110.0,3.7,4,2.9,1,18.1,21.5,0,AFTERNOON,WEEKEND,6.5
PASSENGER,MEDIUM,171.4,64.3,10.2,100.0,7.7,4,2.0,2,79.7,74.8,1,MORNING,WEEKDAY,25.7
LOCAL,MEDIUM,128.9,72.2,33.9,80.0,5.4,1,1.8,4,67.6,65.7,3,MORNING,WEEKDAY,29.2
PASSENGER,MEDIUM,164.8,51.3,44.3,110.0,0.0,2,4.9,3,17.8,18.9,1,AFTERNOON,WEEKDAY,14.2
PASSENGER,MEDIUM,36.6,19.1,98.2,100.0,3.9,0,0.0,1,47.1,57.9,0,AFTERNOON,WEEKDAY,8.2
PASSENGER,MEDIUM,111.6,28.3,103.2,110.0,1.1,0,0.0,1,10.0,12.1,0,MORNING,WEEKEND,2.2
EXPRESS,HIGH,52.6,49.0,116.3,130.0,7.3,3,3.1,1,45.9,50.2,0,MORNING,WEEKEND,11.5
EXPRESS,HIGH,162.0,22.5,96.9,110.0,6.6,1,4.1,1,16.9,9.2,0,NIGHT,WEEKDAY,9.3
EXPRESS,MEDIUM,100.5,80.8,82.6,110.0,0.0,5,2.7,1,15.7,19.1,0,EVENING,WEEKEND,4.1
LOCAL,MEDIUM,45.6,70.1,22.9,80.0,0.6,3,4.2,1,98.0,88.5,1,EVENING,WEEKDAY,21.9
LOCAL,LOW,140.3,16.0,81.8,90.0,0.0,0,0.0,1,52.0,48.1,0,AFTERNOON,WEEKDAY,5.8
PASSENGER,MEDIUM,114.8,23.3,85.9,100.0,9.7,1,1.8,1,27.2,30.1,0,EVENING,WEEKEND,11.1
LOCAL,MEDIUM,63.8,10.2,13.4,80.0,2.0,1,1.7,3,83.5,82.3,3,EVENING,WEEKDAY,23.5
PASSENGER,HIGH,77.3,36.1,41.0,110.0,5.4,0,0.0,3,65.6,64.9,1,EVENING,WEEKDAY,17.5
FREIGHT,LOW,76.3,35.4,15.9,65.0,5.5,1,1.8,2,41.9,35.4,1,EVENING,WEEKDAY,20.3
PASSENGER,MEDIUM,44.6,24.4,35.7,100.0,0.0,0,0.0,2,52.8,49.0,3,MORNING,WEEKDAY,19.1
EXPRESS,HIGH,128.9,16.4,66.6,120.0,1.2,0,0.0,2,81.6,75.1,0,EVENING,WEEKDAY,9.7
EXPRESS,HIGH,59.3,44.7,22.2,110.0,0.0,2,2.8,2,64.3,70.0,1,AFTERNOON,WEEKDAY,10.7
FREIGHT,MEDIUM,164.1,21.6,33.2,75.0,3.9,1,5.0,4,53.4,48.3,1,MORNING,WEEKDAY,21.3
FREIGHT,LOW,137.9,52.5,27.7,75.0,2.2,1,4.4,2,59.8,47.6,1,MORNING,WEEKDAY,20.8
LOCAL,MEDIUM,66.0,14.1,78.1,90.0,13.5,1,4.1,1,52.0,45.9,0,EVENING,WEEKEND,19.4
EXPRESS,HIGH,64.1,82.0,115.6,140.0,3.7,3,2.3,2,46.3,49.0,0,MORNING,WEEKDAY,10.4
LOCAL,MEDIUM,114.1,65.4,68.5,80.0,0.2,1,4.9,3,41.4,52.3,0,MORNING,WEEKEND,9.7
EXPRESS,HIGH,32.7,77.4,97.3,120.0,0.0,0,0.0,1,63.7,62.0,0,NIGHT,WEEKEND,3.7
LOCAL,MEDIUM,165.4,9.3,79.9,80.0,6.8,0,0.0,1,37.8,34.1,0,MORNING,WEEKEND,8.9
EXPRESS,HIGH,130.4,86.9,27.9,140.0,3.3,3,4.3,3,49.4,38.5,2,MORNING,WEEKDAY,24.7
PASSENGER,MEDIUM,127.8,48.9,23.4,110.0,0.0,3,3.1,2,63.6,61.1,1,MORNING,WEEKDAY,16.1
PASSENGER,MEDIUM,61.0,30.3,13.2,100.0,9.4,0,0.0,2,75.5,66.2,1,MORNING,WEEKDAY,23.1
EXPRESS,HIGH,104.0,83.7,15.3,110.0,6.1,1,4.0,2,45.1,40.9,1,AFTERNOON,WEEKDAY,19.0
LOCAL,HIGH,133.0,59.3,39.2,90.0,1.5,2,3.8,3,84.9,80.7,0,MORNING,WEEKDAY,14.3
PASSENGER,MEDIUM,121.9,87.2,85.6,100.0,1.2,4,2.9,1,68.0,62.8,0,MORNING,WEEKDAY,9.5
FREIGHT,LOW,156.8,63.7,62.1,65.0,6.8,2,3.5,1,17.5,12.5,0,AFTERNOON,WEEKEND,7.9
EXPRESS,HIGH,54.8,51.1,118.5,140.0,5.5,0,0.0,1,30.4,29.3,0,AFTERNOON,WEEKDAY,6.1
PASSENGER,MEDIUM,45.8,55.4,7.3,110.0,0.0,1,1.9,2,56.1,51.7,1,EVENING,WEEKDAY,15.5
FREIGHT,LOW,43.2,54.1,62.4,65.0,1.5,0,0.0,1,29.4,16.2,0,AFTERNOON,WEEKEND,1.3
EXPRESS,HIGH,111.7,79.8,16.2,120.0,1.4,2,2.2,3,91.3,88.4,2,EVENING,WEEKDAY,21.1
EXPRESS,HIGH,119.0,16.9,95.3,110.0,0.1,0,0.0,1,10.0,5.6,0,EVENING,WEEKEND,1.7
PASSENGER,LOW,103.7,32.2,22.6,110.0,2.1,2,3.5,3,82.2,78.1,2,EVENING,WEEKDAY,29.7
FREIGHT,LOW,74.8,62.6,51.5,65.0,2.6,4,2.8,4,87.6,79.1,0,MORNING,WEEKDAY,20.0
LOCAL,MEDIUM,60.1,94.1,52.2,90.0,0.0,3,2.9,2,80.9,80.0,0,AFTERNOON,WEEKEND,11.5
EXPRESS,HIGH,30.9,67.8,12.4,130.0,7.0,2,1.6,3,53.8,53.5,1,EVENING,WEEKDAY,21.6
PASSENGER,MEDIUM,83.7,59.3,92.1,100.0,1.0,3,2.6,2,30.4,19.5,0,EVENING,WEEKEND,4.1
EXPRESS,HIGH,104.5,29.4,106.6,140.0,1.1,0,0.0,1,26.9,31.0,0,MORNING,WEEKEND,3.7
PASSENGER,MEDIUM,45.3,33.5,18.7,110.0,0.0,1,1.6,1,24.4,23.1,1,MORNING,WEEKEND,7.7
PASSENGER,MEDIUM,137.0,20.0,69.0,100.0,0.2,1,2.8,1,70.5,69.7,0,EVENING,WEEKDAY,8.4
LOCAL,MEDIUM,37.9,38.3,8.7,90.0,4.0,1,2.9,2,47.3,39.8,2,MORNING,WEEKDAY,20.1
FREIGHT,MEDIUM,137.0,40.6,37.1,65.0,0.0,1,2.9,3,71.2,73.2,0,MORNING,WEEKDAY,11.7
PASSENGER,MEDIUM,161.6,70.2,89.4,100.0,0.3,0,0.0,1,39.7,44.0,0,NIGHT,WEEKDAY,3.4
EXPRESS,HIGH,63.5,71.5,52.3,140.0,0.0,4,2.9,2,36.1,31.0,1,AFTERNOON,WEEKDAY,10.5
EXPRESS,HIGH,39.0,47.6,38.5,110.0,0.8,2,2.0,2,41.6,31.0,1,NIGHT,WEEKDAY,9.2
PASSENGER,MEDIUM,166.0,52.5,92.2,100.0,4.1,3,3.7,1,69.9,63.7,0,MORNING,WEEKEND,11.5
PASSENGER,HIGH,172.4,36.9,106.3,110.0,2.3,0,0.0,1,28.3,34.8,0,MORNING,WEEKEND,2.8
EXPRESS,MEDIUM,59.5,91.5,113.8,120.0,8.3,2,2.9,4,42.9,37.1,0,EVENING,WEEKDAY,18.0
FREIGHT,LOW,67.1,69.6,42.0,75.0,0.0,2,1.7,1,70.6,65.6,0,MORNING,WEEKDAY,12.3
LOCAL,MEDIUM,34.4,43.6,59.4,80.0,1.6,0,0.0,4,95.2,87.2,0,EVENING,WEEKDAY,15.2
EXPRESS,HIGH,67.7,75.9,98.7,130.0,0.7,4,2.3,2,30.2,25.1,0,EVENING,WEEKDAY,6.2
PASSENGER,MEDIUM,72.4,73.3,10.1,110.0,0.0,2,3.6,2,90.9,80.3,1,EVENING,WEEKDAY,20.0
EXPRESS,HIGH,91.4,50.6,115.0,130.0,1.2,0,0.0,1,43.8,40.4,0,MORNING,WEEKEND,4.4
EXPRESS,HIGH,38.2,52.0,20.9,110.0,0.0,0,0.0,3,83.6,75.9,2,MORNING,WEEKDAY,15.9
EXPRESS,HIGH,177.7,77.6,104.0,110.0,3.1,1,3.2,2,15.4,15.0,0,AFTERNOON,WEEKEND,5.7
EXPRESS,MEDIUM,107.1,14.2,42.6,130.0,0.0,0,0.0,3,32.9,27.9,1,EVENING,WEEKEND,10.0
EXPRESS,HIGH,104.4,90.2,105.6,110.0,0.0,5,4.5,2,48.1,45.2,0,EVENING,WEEKDAY,13.8
PASSENGER,MEDIUM,137.8,50.4,96.6,100.0,0.0,2,2.6,1,14.9,17.5,0,NIGHT,WEEKDAY,0.0
EXPRESS,HIGH,31.8,86.5,117.7,130.0,1.4,5,3.6,1,56.3,59.5,0,EVENING,WEEKEND,8.6
EXPRESS,HIGH,171.7,38.7,93.0,120.0,0.0,1,4.7,1,16.4,9.2,0,AFTERNOON,WEEKDAY,3.1
FREIGHT,MEDIUM,135.7,71.4,9.1,75.0,1.2,1,3.6,2,82.4,84.0,1,MORNING,WEEKDAY,20.0
EXPRESS,HIGH,135.6,62.7,15.7,140.0,0.0,2,1.9,2,98.0,92.8,1,MORNING,WEEKDAY,15.0
EXPRESS,HIGH,87.8,61.5,39.9,120.0,0.8,1,1.5,2,35.3,35.0,1,AFTERNOON,WEEKDAY,9.1
LOCAL,LOW,95.8,51.1,82.2,90.0,0.0,3,1.5,2,24.7,32.3,0,EVENING,WEEKEND,4.2
EXPRESS,HIGH,119.6,24.4,114.9,140.0,5.4,1,4.1,1,44.8,50.5,0,AFTERNOON,WEEKDAY,9.3
EXPRESS,HIGH,159.8,35.0,24.7,110.0,0.0,2,1.7,2,77.8,71.0,2,MORNING,WEEKEND,11.5
PASSENGER,HIGH,34.2,47.3,5.5,110.0,2.5,3,3.8,2,64.0,63.0,3,EVENING,WEEKDAY,22.7
PASSENGER,HIGH,113.0,44.9,95.2,100.0,5.4,0,0.0,2,46.5,45.7,0,MORNING,WEEKEND,9.6
LOCAL,MEDIUM,108.2,36.4,65.9,80.0,2.2,1,2.8,1,47.6,43.6,0,MORNING,WEEKEND,4.4
LOCAL,LOW,42.5,19.5,21.9,80.0,0.0,1,2.4,2,76.3,76.3,1,EVENING,WEEKDAY,18.2
PASSENGER,LOW,134.5,53.7,24.0,100.0,0.4,3,4.8,2,17.5,24.0,1,AFTERNOON,WEEKDAY,18.3
PASSENGER,HIGH,92.9,50.7,0.5,110.0,4.5,0,0.0,2,10.0,14.3,1,NIGHT,WEEKDAY,13.8
EXPRESS,HIGH,158.2,21.5,11.0,120.0,0.2,1,2.1,3,85.4,80.7,2,EVENING,WEEKDAY,15.5
PASSENGER,LOW,179.6,44.0,92.7,110.0,2.2,1,2.7,1,61.5,64.9,0,AFTERNOON,WEEKEND,9.2
LOCAL,LOW,112.3,74.6,18.6,80.0,0.5,3,4.1,2,50.6,43.3,2,MORNING,WEEKEND,25.6
FREIGHT,LOW,146.1,44.0,11.3,65.0,0.0,0,0.0,2,43.6,37.6,2,MORNING,WEEKDAY,20.7
FREIGHT,LOW,96.6,17.0,21.9,65.0,0.9,1,2.2,2,57.5,50.3,1,EVENING,WEEKDAY,15.2
PASSENGER,MEDIUM,177.5,46.5,81.6,100.0,1.9,2,3.5,1,44.4,40.3,0,EVENING,WEEKEND,7.3
EXPRESS,MEDIUM,130.0,44.3,52.8,130.0,9.5,0,0.0,3,27.8,24.9,2,AFTERNOON,WEEKEND,23.1
EXPRESS,HIGH,76.8,12.2,128.0,130.0,1.9,0,0.0,1,56.7,51.1,0,AFTERNOON,WEEKDAY,4.5
LOCAL,MEDIUM,160.3,56.3,20.0,90.0,6.9,1,3.6,2,46.0,47.0,1,MORNING,WEEKDAY,21.5
PASSENGER,MEDIUM,38.2,61.8,83.7,110.0,3.0,1,1.6,1,15.1,13.3,0,MORNING,WEEKEND,5.6
PASSENGER,MEDIUM,173.0,62.5,85.1,110.0,3.2,4,3.0,1,45.7,44.2,0,EVENING,WEEKEND,9.3
FREIGHT,LOW,132.5,92.9,69.2,75.0,3.2,4,1.7,2,60.2,54.4,0,EVENING,WEEKDAY,12.6
FREIGHT,LOW,148.4,54.7,64.5,75.0,2.6,0,0.0,3,29.8,36.2,0,NIGHT,WEEKDAY,9.5
EXPRESS,HIGH,154.0,6.8,14.7,120.0,0.4,0,0.0,1,93.1,87.3,3,EVENING,WEEKDAY,14.0
PASSENGER,MEDIUM,76.8,32.3,83.7,100.0,2.8,0,0.0,1,18.6,23.6,0,AFTERNOON,WEEKEND,5.3
LOCAL,MEDIUM,171.1,73.9,60.8,80.0,0.5,2,4.2,3,87.1,74.7,0,MORNING,WEEKDAY,15.6
EXPRESS,HIGH,106.9,71.3,87.0,110.0,6.7,1,4.7,1,50.4,48.9,0,EVENING,WEEKDAY,14.4
PASSENGER,MEDIUM,149.7,38.7,80.5,100.0,0.0,1,4.1,3,66.8,63.9,0,EVENING,WEEKDAY,11.6
PASSENGER,MEDIUM,98.7,18.7,21.0,100.0,0.0,1,4.2,2,25.3,28.6,1,EVENING,WEEKEND,9.1
PASSENGER,MEDIUM,55.6,79.5,19.7,100.0,0.0,2,4.1,1,82.7,62.0,1,EVENING,WEEKDAY,18.1
PASSENGER,MEDIUM,87.0,20.6,91.9,100.0,2.9,1,2.8,3,33.4,30.9,0,EVENING,WEEKDAY,11.1
PASSENGER,HIGH,174.2,7.7,38.2,100.0,10.3,1,2.7,3,66.2,60.3,1,MORNING,WEEKDAY,20.7
PASSENGER,MEDIUM,76.8,94.1,42.1,100.0,0.7,3,2.2,2,78.6,76.8,2,EVENING,WEEKDAY,20.9
LOCAL,MEDIUM,67.0,50.1,29.4,80.0,0.0,2,3.1,1,19.7,15.8,1,NIGHT,WEEKDAY,8.2
LOCAL,LOW,133.7,33.2,70.2,90.0,4.6,1,3.9,1,54.2,56.7,0,NIGHT,WEEKEND,12.4
PASSENGER,MEDIUM,128.8,71.0,16.2,110.0,0.0,4,4.2,2,63.4,57.0,1,NIGHT,WEEKDAY,19.4
PASSENGER,MEDIUM,128.8,7.9,11.7,100.0,12.2,0,0.0,2,68.6,65.7,3,EVENING,WEEKEND,29.8
EXPRESS,MEDIUM,153.5,37.3,10.3,110.0,0.3,1,4.7,3,98.0,95.2,1,MORNING,WEEKDAY,19.2
EXPRESS,HIGH,169.9,32.3,93.7,110.0,0.6,1,2.7,1,42.7,40.5,0,AFTERNOON,WEEKDAY,2.6
PASSENGER,MEDIUM,112.6,36.9,4.8,100.0,1.5,1,3.4,2,58.3,51.6,1,EVENING,WEEKDAY,15.4
EXPRESS,HIGH,55.2,42.7,13.9,140.0,7.6,2,2.8,3,93.1,86.8,3,EVENING,WEEKDAY,26.5
EXPRESS,HIGH,153.7,70.8,49.4,120.0,1.0,1,3.3,2,62.7,52.7,1,EVENING,WEEKDAY,13.9
EXPRESS,HIGH,78.7,67.7,109.9,130.0,3.4,1,1.6,2,37.9,34.4,0,EVENING,WEEKDAY,10.3
PASSENGER,HIGH,93.0,84.8,31.1,100.0,1.5,0,0.0,3,76.9,76.1,2,MORNING,WEEKDAY,20.0
EXPRESS,HIGH,69.7,32.4,45.7,130.0,0.0,1,3.6,2,66.6,66.7,3,EVENING,WEEKEND,14.4
PASSENGER,MEDIUM,107.0,16.9,81.5,100.0,0.0,1,3.1,1,35.6,39.8,0,EVENING,WEEKEND,3.9
EXPRESS,HIGH,139.1,73.3,117.3,120.0,2.8,3,2.9,1,34.9,25.7,0,EVENING,WEEKEND,3.1
LOCAL,MEDIUM,69.0,62.7,56.2,80.0,6.1,3,1.9,2,80.4,73.0,0,EVENING,WEEKDAY,16.5
PASSENGER,HIGH,53.4,94.3,30.7,110.0,1.9,3,3.8,2,61.4,49.1,1,MORNING,WEEKDAY,20.3
EXPRESS,HIGH,32.4,75.2,109.4,140.0,13.5,4,2.0,3,60.0,57.9,0,EVENING,WEEKDAY,21.7
EXPRESS,HIGH,62.8,72.2,100.2,120.0,2.3,0,0.0,1,60.7,59.7,0,MORNING,WEEKDAY,7.6
EXPRESS,HIGH,138.6,65.6,10.5,140.0,0.1,4,3.6,2,26.9,24.4,1,AFTERNOON,WEEKEND,14.1
PASSENGER,HIGH,179.2,75.6,103.3,110.0,0.3,4,3.7,1,21.5,24.0,0,NIGHT,WEEKEND,5.4
LOCAL,MEDIUM,152.0,16.4,10.4,80.0,1.2,0,0.0,3,62.8,70.6,1,EVENING,WEEKDAY,14.8
EXPRESS,HIGH,164.8,79.1,74.8,130.0,0.0,2,4.4,3,73.2,67.2,0,EVENING,WEEKEND,12.0
EXPRESS,HIGH,75.9,34.4,109.5,140.0,3.0,0,0.0,1,34.9,29.2,0,EVENING,WEEKEND,5.6
PASSENGER,LOW,72.7,7.3,4.9,100.0,2.3,1,4.2,1,49.6,43.2,1,EVENING,WEEKDAY,16.7
FREIGHT,LOW,36.2,78.8,23.7,65.0,3.1,2,4.7,3,96.5,88.2,2,MORNING,WEEKDAY,35.0
FREIGHT,LOW,135.3,74.0,27.3,65.0,0.0,3,3.5,2,98.0,90.0,1,MORNING,WEEKDAY,24.8
PASSENGER,HIGH,97.8,94.8,32.7,110.0,2.0,5,3.1,2,83.0,79.0,1,MORNING,WEEKDAY,20.3
EXPRESS,HIGH,90.2,57.4,91.8,120.0,2.8,0,0.0,2,26.6,31.4,0,AFTERNOON,WEEKDAY,6.2
PASSENGER,MEDIUM,51.5,31.7,29.0,110.0,0.0,2,4.3,3,10.0,8.2,2,NIGHT,WEEKDAY,15.5
EXPRESS,HIGH,56.6,92.4,33.3,110.0,2.3,5,3.7,1,49.5,52.0,1,MORNING,WEEKEND,17.7
EXPRESS,HIGH,87.1,63.0,2.8,130.0,6.0,1,2.4,2,56.0,50.2,1,MORNING,WEEKDAY,18.7
EXPRESS,MEDIUM,173.7,42.3,51.2,120.0,3.2,2,2.3,2,95.8,88.8,0,EVENING,WEEKDAY,14.6
PASSENGER,HIGH,87.8,58.8,64.9,100.0,2.6,0,0.0,1,86.1,83.6,0,EVENING,WEEKDAY,10.3
EXPRESS,HIGH,97.7,52.2,43.0,120.0,4.9,3,2.8,3,70.9,59.6,3,EVENING,WEEKEND,22.1
EXPRESS,HIGH,92.1,73.9,27.2,110.0,0.0,4,2.3,1,47.9,42.7,1,MORNING,WEEKDAY,11.3
PASSENGER,MEDIUM,127.1,61.5,28.4,100.0,4.7,2,2.7,3,62.3,61.8,1,EVENING,WEEKDAY,21.1
PASSENGER,MEDIUM,163.5,91.1,90.8,100.0,5.1,3,4.1,2,60.5,57.3,0,MORNING,WEEKDAY,16.0
EXPRESS,HIGH,92.8,48.5,107.1,120.0,0.8,3,2.4,1,57.3,48.0,0,AFTERNOON,WEEKDAY,3.3
PASSENGER,MEDIUM,121.5,71.2,82.2,100.0,0.0,0,0.0,1,40.9,44.0,0,EVENING,WEEKEND,3.8
EXPRESS,HIGH,123.9,13.2,125.5,130.0,3.0,1,3.7,2,51.6,56.6,0,MORNING,WEEKDAY,10.0
EXPRESS,HIGH,67.0,22.9,92.6,120.0,0.7,1,3.5,3,61.7,51.4,0,MORNING,WEEKDAY,8.3
LOCAL,MEDIUM,162.9,18.8,29.2,90.0,1.2,1,2.6,3,41.9,38.1,3,NIGHT,WEEKDAY,17.8
FREIGHT,MEDIUM,176.5,23.9,28.2,65.0,0.0,1,4.9,3,64.5,57.9,1,MORNING,WEEKDAY,17.0
LOCAL,MEDIUM,64.8,72.1,27.0,80.0,8.0,0,0.0,2,26.6,29.8,1,AFTERNOON,WEEKDAY,19.8
EXPRESS,HIGH,77.5,27.4,9.2,140.0,4.1,0,0.0,2,70.1,66.5,2,AFTERNOON,WEEKDAY,15.3
PASSENGER,MEDIUM,159.2,77.2,42.6,100.0,1.3,0,0.0,3,75.6,69.2,2,MORNING,WEEKDAY,22.1
EXPRESS,HIGH,137.6,9.8,11.1,130.0,4.5,0,0.0,3,85.3,76.1,1,EVENING,WEEKDAY,17.0
FREIGHT,LOW,134.6,65.4,1.4,65.0,11.4,3,2.3,1,34.6,31.6,1,MORNING,WEEKEND,26.0
LOCAL,MEDIUM,111.6,6.0,35.6,90.0,2.5,1,1.7,1,75.5,82.1,1,AFTERNOON,WEEKDAY,11.5
PASSENGER,MEDIUM,59.4,75.7,109.9,110.0,2.0,2,1.7,1,10.0,9.0,0,AFTERNOON,WEEKDAY,1.5
EXPRESS,HIGH,72.2,51.2,12.0,110.0,0.3,0,0.0,3,65.0,63.7,1,MORNING,WEEKDAY,14.7
LOCAL,MEDIUM,142.5,25.9,31.3,90.0,0.0,1,3.1,2,79.6,75.3,2,NIGHT,WEEKDAY,16.8
FREIGHT,LOW,163.0,75.4,30.6,75.0,0.0,0,0.0,4,85.2,81.9,0,EVENING,WEEKDAY,19.1
FREIGHT,MEDIUM,73.7,55.0,2.0,75.0,0.0,1,3.9,1,65.3,68.6,1,MORNING,WEEKDAY,15.6
LOCAL,LOW,166.4,11.3,50.4,80.0,5.1,0,0.0,3,84.7,80.5,0,EVENING,WEEKDAY,18.8
EXPRESS,HIGH,86.6,31.0,43.3,130.0,0.0,0,0.0,2,98.0,97.9,2,MORNING,WEEKDAY,13.6
PASSENGER,MEDIUM,173.3,29.7,85.5,110.0,13.9,1,3.2,1,33.4,30.6,0,AFTERNOON,WEEKDAY,17.2
LOCAL,MEDIUM,163.1,87.6,71.9,80.0,5.9,0,0.0,1,56.4,51.2,0,MORNING,WEEKEND,9.5
PASSENGER,LOW,134.4,59.1,15.4,100.0,0.0,2,3.5,1,87.3,84.4,2,MORNING,WEEKDAY,27.1
LOCAL,LOW,52.1,12.3,6.5,90.0,0.0,0,0.0,2,67.8,67.0,3,MORNING,WEEKDAY,26.7
EXPRESS,HIGH,54.9,22.6,43.6,110.0,0.0,0,0.0,3,62.2,55.7,1,EVENING,WEEKDAY,10.9
EXPRESS,MEDIUM,174.2,35.8,115.5,120.0,1.6,0,0.0,1,16.7,14.7,0,NIGHT,WEEKDAY,0.7
PASSENGER,HIGH,131.1,41.2,71.0,110.0,0.0,1,1.6,1,74.2,67.7,0,AFTERNOON,WEEKDAY,3.9
PASSENGER,MEDIUM,108.8,85.8,83.6,110.0,0.0,0,0.0,1,30.7,38.8,0,AFTERNOON,WEEKDAY,4.2
EXPRESS,HIGH,92.7,82.0,124.9,130.0,0.0,2,2.7,1,61.9,58.2,0,AFTERNOON,WEEKDAY,3.7
EXPRESS,HIGH,51.1,15.7,39.9,120.0,0.0,1,4.8,2,26.8,26.2,3,EVENING,WEEKEND,11.3
EXPRESS,HIGH,38.6,48.4,85.8,110.0,0.0,0,0.0,1,34.0,28.9,0,EVENING,WEEKEND,3.1
PASSENGER,MEDIUM,152.0,70.5,39.9,110.0,0.0,3,4.7,3,97.9,87.6,2,MORNING,WEEKDAY,26.2
LOCAL,HIGH,37.4,8.7,73.8,90.0,2.1,1,1.8,1,39.4,41.7,0,MORNING,WEEKEND,3.6
PASSENGER,MEDIUM,90.3,76.3,5.0,110.0,1.7,2,3.5,3,10.6,14.5,1,NIGHT,WEEKDAY,15.6
EXPRESS,HIGH,160.3,94.4,18.3,140.0,0.0,0,0.0,3,98.0,95.6,1,MORNING,WEEKDAY,18.3
EXPRESS,HIGH,81.5,27.5,23.8,140.0,0.0,0,0.0,1,61.4,45.1,1,EVENING,WEEKDAY,9.2
EXPRESS,HIGH,127.3,84.2,41.1,120.0,0.0,3,4.1,2,87.5,81.2,2,EVENING,WEEKDAY,19.3
PASSENGER,HIGH,157.1,44.9,14.3,100.0,0.0,0,0.0,2,39.8,37.8,2,AFTERNOON,WEEKDAY,11.2
FREIGHT,LOW,96.8,21.8,33.7,75.0,0.0,0,0.0,2,10.0,9.8,3,MORNING,WEEKEND,19.1
EXPRESS,HIGH,90.8,35.5,41.2,140.0,1.1,0,0.0,2,21.1,14.5,1,NIGHT,WEEKDAY,7.2
LOCAL,MEDIUM,129.6,38.2,3.1,90.0,1.2,2,1.5,2,72.5,64.3,2,MORNING,WEEKDAY,20.3
EXPRESS,HIGH,100.0,82.1,30.0,140.0,5.0,1,4.5,4,62.4,56.2,1,MORNING,WEEKDAY,22.8
PASSENGER,MEDIUM,39.3,19.3,27.7,100.0,0.7,1,4.2,3,80.4,82.0,1,EVENING,WEEKDAY,16.3
EXPRESS,HIGH,79.4,46.1,6.7,120.0,11.4,1,1.6,3,94.9,91.2,1,EVENING,WEEKDAY,26.4
PASSENGER,MEDIUM,121.4,15.1,42.5,100.0,0.2,1,3.1,3,50.7,52.4,1,MORNING,WEEKDAY,13.6
EXPRESS,HIGH,88.8,78.9,110.8,140.0,2.2,5,2.7,1,80.9,70.6,0,EVENING,WEEKDAY,10.2
EXPRESS,HIGH,171.4,59.9,102.7,130.0,0.0,2,2.9,3,73.1,69.8,0,EVENING,WEEKDAY,9.8
PASSENGER,MEDIUM,130.2,13.2,50.8,100.0,0.0,0,0.0,3,81.7,75.3,0,MORNING,WEEKDAY,9.7
LOCAL,MEDIUM,57.8,17.9,31.4,80.0,1.0,0,0.0,3,65.1,59.9,1,EVENING,WEEKDAY,14.2
EXPRESS,HIGH,119.9,16.2,9.4,130.0,0.0,1,4.1,2,61.2,55.6,2,EVENING,WEEKDAY,12.2
EXPRESS,HIGH,107.1,73.7,105.9,110.0,1.7,1,1.7,2,28.1,21.7,0,EVENING,WEEKDAY,5.2
EXPRESS,HIGH,170.7,32.9,86.6,120.0,1.1,1,1.5,3,97.6,93.0,0,EVENING,WEEKDAY,10.3
LOCAL,LOW,77.5,11.1,24.7,80.0,0.0,0,0.0,3,50.2,45.1,1,EVENING,WEEKDAY,15.1
LOCAL,MEDIUM,139.1,45.2,20.5,80.0,1.1,0,0.0,2,55.5,44.1,2,EVENING,WEEKDAY,19.1
EXPRESS,HIGH,103.8,26.0,109.7,140.0,9.2,0,0.0,1,34.2,40.9,0,AFTERNOON,WEEKDAY,11.9
EXPRESS,MEDIUM,116.6,80.1,120.2,140.0,1.2,1,3.0,3,20.0,22.8,0,MORNING,WEEKDAY,8.9
PASSENGER,MEDIUM,160.2,63.5,78.4,100.0,1.1,3,3.6,1,31.6,30.6,0,AFTERNOON,WEEKDAY,7.4
EXPRESS,HIGH,99.6,44.3,85.0,110.0,4.0,2,1.9,2,63.8,60.7,0,EVENING,WEEKDAY,10.1
PASSENGER,LOW,44.6,24.1,17.9,100.0,0.0,1,2.8,4,91.5,80.6,1,EVENING,WEEKDAY,22.1
PASSENGER,MEDIUM,38.6,32.6,22.2,100.0,7.1,1,2.4,4,98.0,92.5,3,EVENING,WEEKDAY,32.6
PASSENGER,MEDIUM,80.1,65.4,26.2,100.0,4.0,3,2.2,2,85.6,73.3,1,AFTERNOON,WEEKDAY,19.0
EXPRESS,HIGH,46.4,52.3,52.2,130.0,0.0,1,2.0,2,71.1,73.1,1,AFTERNOON,WEEKDAY,10.3
FREIGHT,LOW,78.3,59.2,32.1,75.0,0.0,2,4.9,2,40.1,42.9,1,AFTERNOON,WEEKDAY,17.6
EXPRESS,HIGH,102.5,9.3,33.6,130.0,1.5,1,2.6,2,77.6,75.2,2,MORNING,WEEKDAY,12.2
FREIGHT,LOW,98.7,80.0,52.4,65.0,2.8,3,3.3,1,20.5,19.1,0,NIGHT,WEEKDAY,7.5
LOCAL,MEDIUM,51.2,76.6,29.6,80.0,1.5,5,2.3,2,93.1,85.9,3,MORNING,WEEKDAY,25.8
PASSENGER,HIGH,131.1,67.3,17.2,100.0,3.5,3,2.6,2,10.0,11.4,2,NIGHT,WEEKDAY,15.3
EXPRESS,HIGH,82.4,19.6,88.5,110.0,9.6,1,3.6,2,74.1,64.9,0,MORNING,WEEKDAY,17.1
LOCAL,LOW,65.5,66.1,65.7,90.0,0.0,4,4.4,2,73.9,63.7,0,MORNING,WEEKDAY,17.5
EXPRESS,MEDIUM,50.7,86.5,104.5,120.0,0.2,2,2.8,1,25.2,20.8,0,AFTERNOON,WEEKDAY,3.3
EXPRESS,HIGH,94.8,78.4,24.4,130.0,0.0,5,3.8,2,53.0,51.9,1,NIGHT,WEEKDAY,16.5
EXPRESS,HIGH,157.7,91.4,107.6,120.0,2.1,1,4.1,1,10.0,4.7,0,AFTERNOON,WEEKDAY,4.1
LOCAL,MEDIUM,65.5,24.0,18.1,90.0,0.0,1,4.7,3,87.6,77.8,1,EVENING,WEEKDAY,17.7
PASSENGER,HIGH,137.8,45.6,16.6,110.0,10.6,2,3.7,1,84.8,85.0,2,NIGHT,WEEKEND,24.2
EXPRESS,MEDIUM,54.7,24.8,109.6,110.0,0.0,0,0.0,1,53.5,51.5,0,AFTERNOON,WEEKEND,3.3
EXPRESS,MEDIUM,131.0,74.9,68.5,130.0,0.0,2,2.8,2,98.0,90.4,0,MORNING,WEEKDAY,14.1
EXPRESS,HIGH,153.8,66.2,122.5,130.0,5.8,1,2.0,1,38.4,37.8,0,AFTERNOON,WEEKDAY,7.5
PASSENGER,HIGH,170.5,12.9,86.6,110.0,2.7,1,2.9,3,37.1,39.4,0,NIGHT,WEEKEND,8.5
FREIGHT,LOW,169.8,56.0,14.7,65.0,5.1,0,0.0,1,75.7,71.0,1,MORNING,WEEKDAY,21.2
LOCAL,MEDIUM,174.4,19.1,16.4,80.0,0.0,1,3.8,4,65.0,57.9,1,EVENING,WEEKDAY,16.9
LOCAL,MEDIUM,43.6,13.9,64.7,80.0,0.0,0,0.0,1,56.0,54.7,0,EVENING,WEEKEND,3.6
LOCAL,LOW,94.1,16.4,38.5,90.0,2.7,0,0.0,4,95.9,85.5,1,EVENING,WEEKDAY,24.3
LOCAL,MEDIUM,90.5,79.9,45.7,90.0,0.0,1,2.1,1,75.1,75.4,0,AFTERNOON,WEEKEND,9.5
PASSENGER,MEDIUM,83.5,54.7,92.7,100.0,0.1,1,2.5,2,47.1,48.4,0,AFTERNOON,WEEKDAY,4.2
LOCAL,LOW,59.7,81.7,78.9,80.0,13.1,3,3.4,1,54.9,50.0,0,EVENING,WEEKDAY,21.7
EXPRESS,HIGH,109.2,70.6,125.6,140.0,0.0,4,3.4,2,38.2,36.8,0,AFTERNOON,WEEKDAY,7.4
EXPRESS,HIGH,157.4,15.1,58.1,130.0,0.7,0,0.0,1,86.0,82.9,1,EVENING,WEEKDAY,10.0
EXPRESS,HIGH,163.3,70.7,29.0,140.0,1.1,1,4.6,2,75.8,77.0,1,NIGHT,WEEKDAY,13.6
LOCAL,MEDIUM,150.4,7.0,31.7,90.0,9.7,1,2.0,2,62.0,64.1,1,MORNING,WEEKEND,19.7
EXPRESS,MEDIUM,68.8,90.3,20.5,130.0,5.2,5,3.3,1,86.5,82.0,1,EVENING,WEEKDAY,25.9
LOCAL,MEDIUM,124.2,14.5,76.0,90.0,6.5,0,0.0,2,45.7,48.1,0,MORNING,WEEKDAY,12.1
PASSENGER,MEDIUM,121.0,73.1,91.8,110.0,0.1,2,1.6,1,15.0,10.6,0,EVENING,WEEKEND,2.2
FREIGHT,LOW,156.4,92.7,57.7,65.0,3.1,4,3.7,4,59.3,59.9,0,EVENING,WEEKDAY,20.8
PASSENGER,MEDIUM,115.3,23.7,108.7,110.0,1.3,0,0.0,1,69.4,64.7,0,EVENING,WEEKDAY,8.5
LOCAL,MEDIUM,146.7,48.7,14.7,90.0,2.6,3,2.6,2,92.7,91.5,2,EVENING,WEEKDAY,22.5
PASSENGER,MEDIUM,111.9,50.9,72.3,100.0,2.7,1,1.8,1,71.2,63.9,0,MORNING,WEEKDAY,10.3
LOCAL,LOW,153.7,63.6,0.3,90.0,0.0,1,3.1,2,62.4,58.7,2,MORNING,WEEKDAY,26.1
FREIGHT,LOW,100.5,26.6,19.4,65.0,1.4,1,3.9,2,98.0,93.5,2,MORNING,WEEKDAY,28.8
PASSENGER,MEDIUM,34.2,52.7,28.0,110.0,0.3,2,3.7,2,16.1,19.5,1,NIGHT,WEEKDAY,11.7
PASSENGER,MEDIUM,162.4,66.6,2.4,110.0,1.5,0,0.0,1,25.5,21.8,1,AFTERNOON,WEEKEND,12.0
FREIGHT,LOW,99.8,94.0,7.8,65.0,3.1,2,2.4,4,66.0,67.5,2,EVENING,WEEKDAY,33.0
PASSENGER,MEDIUM,70.3,52.7,88.8,100.0,6.4,0,0.0,2,67.2,52.9,0,MORNING,WEEKDAY,14.5
PASSENGER,HIGH,69.8,36.3,37.1,100.0,3.6,1,3.8,2,40.6,40.3,1,AFTERNOON,WEEKDAY,12.7
PASSENGER,MEDIUM,31.5,61.0,29.9,110.0,1.2,0,0.0,2,77.4,72.4,2,EVENING,WEEKDAY,20.0
FREIGHT,LOW,42.0,23.1,1.5,65.0,5.3,0,0.0,2,10.0,4.1,1,MORNING,WEEKEND,15.6
EXPRESS,HIGH,58.0,76.3,50.0,120.0,0.0,2,3.8,2,90.8,81.6,2,MORNING,WEEKDAY,17.7
PASSENGER,HIGH,176.9,51.7,21.8,100.0,0.0,0,0.0,3,98.0,91.1,1,EVENING,WEEKDAY,14.3
EXPRESS,HIGH,90.5,59.7,37.0,110.0,2.8,3,4.6,2,51.9,54.3,1,NIGHT,WEEKDAY,17.5
FREIGHT,LOW,166.9,64.6,8.4,75.0,0.0,2,2.8,2,86.6,86.2,1,NIGHT,WEEKDAY,21.0
EXPRESS,HIGH,112.6,45.2,136.5,140.0,0.0,2,4.2,1,40.4,47.8,0,EVENING,WEEKEND,5.0
EXPRESS,HIGH,127.8,52.2,44.2,120.0,2.8,0,0.0,3,73.5,69.2,1,MORNING,WEEKDAY,15.0
FREIGHT,LOW,120.3,25.4,63.2,65.0,0.0,1,2.6,2,54.0,58.5,0,AFTERNOON,WEEKDAY,6.9
PASSENGER,MEDIUM,83.9,55.4,19.5,110.0,0.0,3,4.3,1,12.6,15.0,1,MORNING,WEEKEND,11.8
PASSENGER,MEDIUM,107.6,6.6,83.8,110.0,0.0,1,3.5,1,73.5,77.4,0,EVENING,WEEKEND,6.7
EXPRESS,HIGH,64.1,5.4,66.3,120.0,2.4,1,4.4,2,81.6,74.9,0,MORNING,WEEKDAY,10.8
EXPRESS,HIGH,163.3,84.8,125.4,130.0,0.0,2,4.8,1,53.1,55.5,0,AFTERNOON,WEEKDAY,5.7
PASSENGER,MEDIUM,144.6,17.9,37.0,110.0,29.1,1,3.5,2,21.9,20.0,1,NIGHT,WEEKDAY,37.1
EXPRESS,HIGH,39.5,46.9,96.8,110.0,0.0,3,1.9,1,44.7,43.9,0,MORNING,WEEKEND,2.7
EXPRESS,HIGH,118.2,33.1,49.0,140.0,9.9,0,0.0,2,52.6,56.1,1,MORNING,WEEKDAY,20.6
EXPRESS,HIGH,179.7,27.9,40.5,110.0,11.1,0,0.0,2,52.5,42.9,2,EVENING,WEEKDAY,23.5
EXPRESS,HIGH,110.3,9.9,47.1,140.0,0.0,1,2.2,4,45.4,38.8,2,EVENING,WEEKDAY,12.9
FREIGHT,MEDIUM,88.5,37.7,21.8,65.0,0.0,2,3.0,1,86.2,81.3,2,AFTERNOON,WEEKEND,17.4
EXPRESS,HIGH,46.1,59.2,14.7,140.0,0.8,0,0.0,2,45.5,38.4,2,AFTERNOON,WEEKDAY,13.5
FREIGHT,LOW,72.7,34.6,50.0,65.0,2.7,2,4.8,1,52.1,52.4,0,EVENING,WEEKDAY,13.8
EXPRESS,HIGH,143.4,80.1,31.1,110.0,5.0,5,2.3,2,23.2,16.2,2,AFTERNOON,WEEKDAY,17.2
PASSENGER,MEDIUM,86.9,63.4,7.7,100.0,6.7,2,1.6,2,49.8,39.7,2,MORNING,WEEKEND,24.6
PASSENGER,MEDIUM,38.0,19.3,29.4,110.0,0.0,0,0.0,3,54.5,51.9,1,EVENING,WEEKDAY,14.3
EXPRESS,HIGH,166.3,26.9,109.7,130.0,0.0,1,4.8,1,31.8,32.2,0,NIGHT,WEEKEND,2.8
EXPRESS,HIGH,41.3,15.1,17.5,110.0,0.5,1,3.4,2,70.7,64.1,1,EVENING,WEEKDAY,10.7
PASSENGER,MEDIUM,82.3,77.2,100.7,110.0,1.7,2,2.7,2,58.7,70.0,0,AFTERNOON,WEEKEND,8.9
EXPRESS,HIGH,121.0,20.0,44.1,140.0,0.0,1,4.9,2,43.7,37.3,2,MORNING,WEEKDAY,12.2
PASSENGER,MEDIUM,167.5,82.7,3.9,110.0,4.1,5,2.2,1,52.9,54.1,1,EVENING,WEEKDAY,20.6
PASSENGER,MEDIUM,98.3,84.9,28.5,100.0,0.0,1,2.3,2,79.3,83.6,1,MORNING,WEEKDAY,17.7
EXPRESS,HIGH,116.1,21.4,26.1,120.0,0.0,1,3.3,3,59.6,53.0,1,MORNING,WEEKDAY,11.8
LOCAL,MEDIUM,36.5,80.2,63.7,80.0,1.9,2,2.9,1,70.9,67.5,0,AFTERNOON,WEEKDAY,8.8
FREIGHT,LOW,145.9,15.2,56.5,65.0,0.7,1,3.1,3,52.1,41.6,0,MORNING,WEEKDAY,10.4
PASSENGER,MEDIUM,146.1,71.3,40.1,100.0,0.0,3,3.8,2,15.2,20.2,1,MORNING,WEEKEND,12.5
LOCAL,MEDIUM,117.1,33.3,77.2,80.0,0.0,0,0.0,2,10.0,9.6,0,AFTERNOON,WEEKDAY,1.9
EXPRESS,HIGH,98.4,63.7,103.2,130.0,0.0,2,1.9,1,39.9,43.9,0,MORNING,WEEKEND,3.5
LOCAL,LOW,172.1,88.9,73.2,90.0,1.8,1,4.8,3,45.8,51.4,0,MORNING,WEEKEND,12.7
EXPRESS,HIGH,49.7,27.0,115.2,130.0,1.4,0,0.0,1,46.7,43.6,0,NIGHT,WEEKEND,3.2
LOCAL,LOW,72.7,52.9,37.0,90.0,1.1,1,2.9,2,37.8,35.8,2,NIGHT,WEEKDAY,19.3
LOCAL,MEDIUM,87.9,22.2,53.4,90.0,0.0,1,4.2,3,93.8,93.2,0,EVENING,WEEKDAY,13.5
LOCAL,LOW,138.4,80.8,78.5,90.0,1.6,0,0.0,3,51.4,56.3,0,MORNING,WEEKEND,9.8
FREIGHT,MEDIUM,90.4,48.2,74.5,75.0,0.0,3,4.8,1,42.0,38.3,0,MORNING,WEEKDAY,10.3
PASSENGER,MEDIUM,65.5,64.5,109.8,110.0,5.4,3,3.8,1,15.8,5.2,0,EVENING,WEEKEND,7.8
EXPRESS,HIGH,122.9,16.1,129.5,130.0,0.3,0,0.0,1,42.6,35.2,0,AFTERNOON,WEEKDAY,2.4
PASSENGER,MEDIUM,158.3,18.9,82.5,100.0,0.0,1,2.9,1,42.7,45.9,0,MORNING,WEEKEND,3.1
PASSENGER,HIGH,72.4,60.7,73.2,110.0,2.9,2,2.0,1,75.7,71.0,0,EVENING,WEEKDAY,10.4
EXPRESS,HIGH,175.6,65.3,104.6,120.0,0.0,4,2.2,1,39.5,30.2,0,AFTERNOON,WEEKDAY,2.5
PASSENGER,HIGH,45.1,38.1,88.3,110.0,0.1,0,0.0,1,18.7,12.6,0,AFTERNOON,WEEKDAY,1.3
LOCAL,LOW,127.6,28.0,40.5,90.0,3.3,0,0.0,3,98.0,98.8,2,EVENING,WEEKDAY,30.0
EXPRESS,MEDIUM,122.1,63.6,82.9,110.0,7.2,1,1.7,1,61.6,56.1,0,AFTERNOON,WEEKEND,12.4
LOCAL,MEDIUM,151.1,58.9,69.1,90.0,0.0,3,2.9,2,66.4,71.6,0,AFTERNOON,WEEKEND,8.7
EXPRESS,HIGH,121.0,34.4,91.7,120.0,1.6,2,4.9,1,26.7,24.7,0,NIGHT,WEEKDAY,6.7
LOCAL,MEDIUM,105.0,25.2,7.8,90.0,0.2,1,4.1,2,71.7,64.0,1,MORNING,WEEKDAY,15.1
EXPRESS,MEDIUM,129.3,41.8,107.1,140.0,4.7,2,4.0,1,72.1,61.6,0,EVENING,WEEKEND,13.3
FREIGHT,MEDIUM,123.3,90.6,21.3,75.0,4.6,5,1.5,4,78.8,80.4,1,EVENING,WEEKDAY,25.5
PASSENGER,MEDIUM,171.6,45.0,15.1,110.0,0.7,2,4.7,2,58.3,52.7,2,EVENING,WEEKDAY,22.6
EXPRESS,HIGH,163.2,31.6,51.9,120.0,0.7,0,0.0,1,68.2,63.3,1,EVENING,WEEKDAY,8.8
PASSENGER,MEDIUM,103.3,72.6,75.6,100.0,0.0,1,2.7,2,65.0,64.4,0,AFTERNOON,WEEKEND,8.1
PASSENGER,HIGH,52.1,11.5,21.5,100.0,0.0,1,4.4,3,56.3,48.4,1,MORNING,WEEKDAY,11.1
PASSENGER,HIGH,145.5,35.8,99.1,100.0,0.0,2,2.1,1,22.3,17.2,0,EVENING,WEEKEND,0.8
LOCAL,MEDIUM,155.7,32.6,16.8,90.0,0.0,0,0.0,4,95.2,88.1,1,EVENING,WEEKDAY,17.7
EXPRESS,HIGH,43.8,6.4,92.7,130.0,0.5,0,0.0,1,98.0,95.9,0,MORNING,WEEKDAY,7.4
EXPRESS,HIGH,136.1,42.9,106.6,110.0,2.9,2,3.8,1,50.5,48.1,0,NIGHT,WEEKDAY,7.5
EXPRESS,HIGH,37.0,45.0,128.4,140.0,11.4,1,2.2,1,12.9,14.0,0,NIGHT,WEEKDAY,11.8
EXPRESS,HIGH,156.1,75.9,11.4,110.0,4.8,5,4.6,1,38.0,48.4,1,NIGHT,WEEKDAY,21.3
EXPRESS,MEDIUM,157.9,41.0,58.8,140.0,0.0,1,2.1,4,98.0,90.0,1,MORNING,WEEKDAY,18.0
EXPRESS,HIGH,178.6,39.3,23.8,110.0,2.2,2,2.4,2,42.2,37.1,1,EVENING,WEEKDAY,11.0
EXPRESS,HIGH,57.6,88.7,105.8,120.0,0.0,5,3.9,2,68.9,77.3,0,EVENING,WEEKEND,11.9
PASSENGER,MEDIUM,64.3,80.8,6.1,100.0,3.0,0,0.0,3,61.1,59.5,1,MORNING,WEEKDAY,21.8
EXPRESS,HIGH,59.1,92.6,2.8,140.0,0.2,0,0.0,2,58.9,46.4,1,EVENING,WEEKDAY,17.7
PASSENGER,MEDIUM,52.6,41.0,22.1,100.0,1.0,1,2.6,2,59.3,52.4,2,AFTERNOON,WEEKDAY,16.9
PASSENGER,HIGH,103.8,40.5,92.0,100.0,0.0,1,3.8,1,26.0,37.8,0,MORNING,WEEKEND,2.2
EXPRESS,MEDIUM,44.3,61.6,7.1,140.0,1.5,1,3.8,1,96.3,86.6,1,EVENING,WEEKDAY,19.0
FREIGHT,LOW,172.5,30.1,71.8,75.0,0.0,2,3.6,1,41.3,40.6,0,EVENING,WEEKEND,6.4
EXPRESS,HIGH,53.1,51.5,101.4,110.0,0.9,1,2.6,1,35.2,30.7,0,MORNING,WEEKEND,2.5
PASSENGER,HIGH,47.5,33.3,34.0,110.0,0.4,0,0.0,1,79.0,79.8,2,MORNING,WEEKDAY,12.0
LOCAL,MEDIUM,125.5,45.3,32.2,80.0,2.4,3,3.6,2,26.9,23.3,1,MORNING,WEEKEND,15.2
EXPRESS,HIGH,126.3,36.8,92.0,110.0,12.6,1,1.6,1,29.3,30.5,0,AFTERNOON,WEEKEND,14.2
EXPRESS,HIGH,46.9,44.5,118.4,130.0,1.4,1,2.9,1,66.3,62.9,0,AFTERNOON,WEEKDAY,4.7
EXPRESS,HIGH,67.5,80.0,54.6,110.0,0.4,2,4.8,2,98.0,95.1,0,EVENING,WEEKDAY,16.5
FREIGHT,LOW,47.0,72.3,28.1,65.0,0.0,1,4.2,3,14.0,10.5,2,NIGHT,WEEKDAY,18.2
FREIGHT,LOW,154.0,33.1,56.9,75.0,2.6,1,4.9,1,38.4,39.0,0,AFTERNOON,WEEKEND,10.1
EXPRESS,HIGH,92.3,83.8,104.0,110.0,0.0,1,4.4,1,56.6,53.7,0,EVENING,WEEKDAY,5.9
LOCAL,MEDIUM,103.7,48.2,32.8,80.0,0.0,2,1.6,2,61.0,51.1,1,EVENING,WEEKDAY,13.0
FREIGHT,LOW,48.0,67.6,23.1,75.0,0.0,4,2.8,3,42.8,40.7,1,MORNING,WEEKDAY,18.4
EXPRESS,HIGH,169.0,93.3,39.2,120.0,9.2,1,1.8,2,72.1,65.2,3,EVENING,WEEKEND,25.9
PASSENGER,MEDIUM,77.0,5.4,4.6,100.0,0.0,1,3.9,2,89.3,85.6,2,EVENING,WEEKDAY,18.2
EXPRESS,HIGH,148.6,40.2,52.9,110.0,0.0,0,0.0,4,87.6,80.0,0,EVENING,WEEKDAY,11.1
PASSENGER,MEDIUM,162.9,17.0,79.8,110.0,5.8,0,0.0,2,78.1,77.2,0,EVENING,WEEKDAY,14.7
EXPRESS,HIGH,108.1,13.4,97.2,120.0,0.5,1,2.1,1,57.4,54.1,0,AFTERNOON,WEEKEND,2.7
PASSENGER,MEDIUM,169.5,90.1,101.0,110.0,4.3,5,2.1,2,10.0,11.9,0,EVENING,WEEKEND,6.5
PASSENGER,MEDIUM,147.8,46.6,40.2,110.0,0.1,3,3.0,3,58.4,57.3,2,NIGHT,WEEKDAY,19.1
LOCAL,MEDIUM,151.9,19.3,28.4,80.0,0.0,0,0.0,2,33.7,41.4,1,AFTERNOON,WEEKDAY,10.0
PASSENGER,MEDIUM,116.3,25.4,24.3,110.0,0.0,0,0.0,2,56.5,56.2,1,AFTERNOON,WEEKDAY,11.1
LOCAL,LOW,118.5,68.4,64.2,80.0,0.0,3,2.8,1,28.2,28.2,0,EVENING,WEEKEND,4.9
EXPRESS,HIGH,54.9,33.6,49.3,140.0,1.1,0,0.0,2,34.2,45.7,1,NIGHT,WEEKEND,8.0
EXPRESS,HIGH,58.8,42.8,124.0,140.0,1.1,0,0.0,3,58.5,48.7,0,MORNING,WEEKDAY,9.5
EXPRESS,HIGH,167.7,70.8,119.8,130.0,5.0,2,4.8,1,58.6,55.4,0,NIGHT,WEEKDAY,11.6
PASSENGER,LOW,55.7,44.9,0.1,100.0,1.0,2,2.6,3,76.1,70.1,3,MORNING,WEEKDAY,32.9
FREIGHT,LOW,55.5,55.0,60.7,65.0,0.0,1,4.9,3,67.9,71.4,0,NIGHT,WEEKEND,13.0
EXPRESS,HIGH,156.9,46.2,94.7,110.0,5.3,3,4.9,1,54.2,55.5,0,NIGHT,WEEKEND,13.9
PASSENGER,MEDIUM,100.6,84.9,25.4,110.0,5.7,3,1.9,2,15.4,11.1,1,AFTERNOON,WEEKDAY,16.8
EXPRESS,MEDIUM,154.2,74.5,57.9,140.0,8.1,0,0.0,2,69.6,61.6,1,MORNING,WEEKDAY,23.2
EXPRESS,HIGH,55.9,66.0,73.0,120.0,2.2,0,0.0,3,80.4,76.1,0,EVENING,WEEKDAY,12.9
EXPRESS,HIGH,111.4,71.6,115.8,120.0,0.6,2,2.4,1,46.5,57.3,0,AFTERNOON,WEEKEND,3.7
PASSENGER,MEDIUM,177.2,40.5,44.4,100.0,3.5,0,0.0,2,21.5,20.6,1,EVENING,WEEKEND,11.1
PASSENGER,MEDIUM,73.4,41.8,21.0,110.0,0.0,0,0.0,3,72.7,62.1,2,MORNING,WEEKDAY,18.3
FREIGHT,LOW,64.2,42.1,59.7,75.0,2.0,2,4.6,2,78.4,81.8,0,MORNING,WEEKDAY,17.4
EXPRESS,HIGH,78.8,10.4,103.2,130.0,0.0,1,3.0,1,44.0,34.9,0,AFTERNOON,WEEKDAY,1.5
PASSENGER,MEDIUM,107.8,6.1,41.0,110.0,0.0,1,4.1,2,84.1,77.2,3,EVENING,WEEKDAY,20.7
PASSENGER,MEDIUM,156.8,85.0,10.9,110.0,1.7,3,3.7,2,71.3,64.9,2,EVENING,WEEKDAY,25.6
PASSENGER,MEDIUM,87.9,45.9,18.8,100.0,0.0,2,1.6,2,89.2,85.0,1,EVENING,WEEKDAY,17.0
PASSENGER,MEDIUM,56.0,27.6,0.9,100.0,3.9,0,0.0,2,87.9,80.7,1,EVENING,WEEKDAY,19.4
EXPRESS,HIGH,69.5,27.9,103.8,110.0,0.0,1,2.6,3,10.0,9.4,0,AFTERNOON,WEEKDAY,3.5
PASSENGER,HIGH,164.4,65.1,96.4,110.0,0.5,2,3.2,2,46.2,44.1,0,EVENING,WEEKDAY,7.1
PASSENGER,MEDIUM,48.4,8.6,29.0,110.0,1.5,0,0.0,2,17.8,19.4,2,AFTERNOON,WEEKEND,12.4
EXPRESS,MEDIUM,79.4,63.5,55.2,130.0,0.1,4,4.3,3,67.4,67.4,1,EVENING,WEEKDAY,21.6
EXPRESS,HIGH,170.0,70.9,78.1,110.0,0.0,4,1.7,2,91.0,86.3,0,EVENING,WEEKDAY,10.3
PASSENGER,MEDIUM,154.9,70.1,85.2,110.0,8.7,2,1.8,2,32.0,34.3,0,EVENING,WEEKEND,13.1
EXPRESS,HIGH,83.4,54.2,95.2,120.0,0.0,3,2.0,1,10.1,13.5,0,NIGHT,WEEKEND,2.0
EXPRESS,MEDIUM,84.5,6.8,87.9,110.0,0.1,1,1.8,1,43.4,35.3,0,MORNING,WEEKDAY,6.3
LOCAL,MEDIUM,127.9,80.5,63.0,80.0,0.0,0,0.0,1,60.9,52.8,0,MORNING,WEEKEND,5.1
EXPRESS,HIGH,69.9,77.9,48.7,140.0,0.0,5,4.5,2,83.8,81.6,2,MORNING,WEEKDAY,23.0
PASSENGER,MEDIUM,173.1,63.9,19.5,110.0,0.0,3,2.7,3,77.3,66.5,1,MORNING,WEEKDAY,16.9
LOCAL,MEDIUM,98.3,74.6,82.8,90.0,2.9,3,4.8,1,10.0,5.9,0,MORNING,WEEKEND,10.8
LOCAL,MEDIUM,138.7,52.3,14.9,90.0,0.0,0,0.0,1,80.7,81.0,1,NIGHT,WEEKEND,14.7
EXPRESS,HIGH,70.9,64.3,23.0,120.0,1.5,2,4.4,1,60.0,50.6,1,EVENING,WEEKDAY,14.3
PASSENGER,MEDIUM,177.7,62.1,49.1,110.0,0.0,2,1.6,2,88.6,84.1,1,EVENING,WEEKDAY,17.2
EXPRESS,HIGH,74.3,69.0,46.1,110.0,1.6,0,0.0,2,44.0,47.8,1,AFTERNOON,WEEKEND,11.2
LOCAL,MEDIUM,108.5,69.7,32.5,90.0,0.1,3,1.7,2,52.1,43.8,2,EVENING,WEEKEND,15.7
PASSENGER,MEDIUM,152.1,87.0,36.0,100.0,2.0,3,4.8,2,84.8,80.6,3,MORNING,WEEKDAY,31.9
PASSENGER,MEDIUM,90.3,55.6,32.4,100.0,3.1,2,4.8,4,55.7,46.7,2,MORNING,WEEKDAY,26.9
EXPRESS,HIGH,149.4,57.8,89.0,130.0,1.9,0,0.0,1,97.1,82.6,0,EVENING,WEEKDAY,9.9
PASSENGER,MEDIUM,126.1,78.6,15.0,100.0,0.9,1,4.5,1,98.0,92.6,3,MORNING,WEEKDAY,26.4
EXPRESS,HIGH,145.6,7.7,49.1,110.0,0.0,0,0.0,3,62.5,59.1,1,MORNING,WEEKDAY,10.0
LOCAL,LOW,60.9,48.3,79.0,90.0,0.0,2,3.9,1,30.8,25.9,0,EVENING,WEEKEND,5.5
LOCAL,MEDIUM,124.7,5.3,65.8,80.0,6.1,0,0.0,1,10.0,6.6,0,EVENING,WEEKEND,7.6
PASSENGER,MEDIUM,143.6,13.9,96.6,110.0,0.0,0,0.0,1,60.3,56.2,0,MORNING,WEEKDAY,5.4
PASSENGER,MEDIUM,137.5,41.2,14.9,100.0,0.7,2,2.5,2,23.8,28.2,1,AFTERNOON,WEEKEND,10.0
EXPRESS,HIGH,63.7,73.3,50.5,120.0,6.4,3,4.4,3,72.2,67.1,2,MORNING,WEEKDAY,27.8
PASSENGER,MEDIUM,96.7,56.6,79.5,100.0,5.1,1,2.1,1,34.7,38.1,0,NIGHT,WEEKDAY,9.1
EXPRESS,HIGH,120.3,86.4,25.0,120.0,0.3,2,2.2,2,89.5,81.9,3,EVENING,WEEKDAY,19.3
EXPRESS,HIGH,50.7,52.7,27.6,130.0,0.0,2,4.1,2,68.1,73.3,2,AFTERNOON,WEEKEND,16.2
LOCAL,MEDIUM,153.3,25.6,58.1,90.0,0.0,1,3.3,1,75.2,72.4,0,AFTERNOON,WEEKDAY,6.1
PASSENGER,MEDIUM,159.4,61.9,40.2,110.0,0.0,4,4.8,1,98.0,90.4,2,EVENING,WEEKDAY,27.3
FREIGHT,LOW,110.9,73.8,2.5,65.0,0.0,0,0.0,1,89.9,86.0,1,EVENING,WEEKDAY,21.5
EXPRESS,HIGH,155.1,17.7,32.8,110.0,0.0,1,4.0,3,71.8,71.3,1,EVENING,WEEKEND,10.3
EXPRESS,HIGH,114.4,59.1,109.0,130.0,0.3,2,4.5,1,40.0,42.3,0,NIGHT,WEEKDAY,5.4
PASSENGER,HIGH,137.3,28.3,79.2,100.0,1.3,0,0.0,2,45.7,48.3,0,AFTERNOON,WEEKDAY,5.1
EXPRESS,HIGH,42.4,14.6,95.1,120.0,6.2,0,0.0,1,16.8,30.9,0,MORNING,WEEKEND,5.7
FREIGHT,LOW,111.8,93.2,53.7,65.0,0.0,3,3.1,3,31.4,33.9,0,MORNING,WEEKEND,9.2
EXPRESS,HIGH,84.5,30.6,112.9,140.0,0.1,1,4.2,1,44.5,48.6,0,NIGHT,WEEKEND,4.1
EXPRESS,HIGH,89.1,9.0,18.1,130.0,0.0,0,0.0,3,46.7,42.5,1,EVENING,WEEKDAY,9.8
PASSENGER,MEDIUM,129.2,27.4,39.2,100.0,0.0,1,2.8,2,60.3,56.2,1,EVENING,WEEKDAY,13.4
LOCAL,MEDIUM,32.1,35.3,82.3,90.0,0.0,1,2.9,1,29.7,30.4,0,NIGHT,WEEKDAY,2.2
PASSENGER,MEDIUM,148.2,51.8,86.7,110.0,6.9,0,0.0,1,49.6,50.4,0,MORNING,WEEKEND,11.6
LOCAL,MEDIUM,88.1,87.6,30.4,80.0,0.0,4,2.5,4,86.0,75.7,3,MORNING,WEEKDAY,27.3
EXPRESS,HIGH,54.3,50.7,34.6,110.0,8.9,0,0.0,4,55.7,58.6,1,EVENING,WEEKDAY,23.4
LOCAL,MEDIUM,47.7,59.0,27.8,90.0,3.7,3,3.5,2,26.4,28.6,1,EVENING,WEEKDAY,17.0
PASSENGER,HIGH,99.4,91.6,80.2,100.0,8.1,2,3.4,1,47.4,49.0,0,NIGHT,WEEKDAY,13.6
EXPRESS,HIGH,171.2,91.9,8.6,130.0,0.0,2,2.5,2,68.7,68.7,1,NIGHT,WEEKDAY,14.5
LOCAL,MEDIUM,80.5,19.7,12.7,90.0,6.4,1,3.9,2,84.1,78.2,2,EVENING,WEEKDAY,24.4
PASSENGER,MEDIUM,127.1,80.7,76.7,100.0,3.6,2,2.0,1,55.2,48.1,0,EVENING,WEEKEND,8.7
PASSENGER,MEDIUM,70.7,79.0,64.3,110.0,0.4,0,0.0,2,79.5,66.6,0,MORNING,WEEKDAY,11.9
PASSENGER,MEDIUM,41.8,5.1,46.2,110.0,0.0,0,0.0,3,83.7,78.3,2,EVENING,WEEKDAY,17.5
EXPRESS,HIGH,119.1,28.1,135.7,140.0,0.0,1,2.8,1,31.5,37.6,0,AFTERNOON,WEEKDAY,2.7
LOCAL,MEDIUM,116.2,84.4,71.0,90.0,5.4,2,4.3,2,10.0,9.2,0,NIGHT,WEEKEND,12.7
PASSENGER,MEDIUM,105.6,58.2,83.3,100.0,0.6,0,0.0,1,52.7,46.8,0,EVENING,WEEKDAY,8.0
FREIGHT,LOW,56.2,87.0,27.7,65.0,1.6,1,3.5,1,79.6,79.0,0,AFTERNOON,WEEKDAY,14.8
FREIGHT,LOW,57.6,77.3,2.9,65.0,4.4,3,4.5,2,67.4,66.2,2,EVENING,WEEKEND,33.7
PASSENGER,MEDIUM,30.0,81.0,45.5,110.0,0.0,4,1.6,1,88.2,77.2,0,NIGHT,WEEKDAY,11.3
EXPRESS,HIGH,153.5,85.4,40.5,120.0,0.0,3,1.8,2,53.9,55.5,2,NIGHT,WEEKEND,13.3
EXPRESS,MEDIUM,88.1,65.5,12.6,120.0,3.1,1,3.4,2,23.4,28.5,1,AFTERNOON,WEEKDAY,17.4
LOCAL,MEDIUM,154.7,56.1,22.2,80.0,0.5,2,2.6,2,60.1,53.2,1,MORNING,WEEKDAY,13.7
EXPRESS,HIGH,102.8,90.3,37.1,120.0,0.0,5,4.1,2,84.4,78.5,1,MORNING,WEEKDAY,20.8
FREIGHT,LOW,169.2,70.6,61.1,75.0,0.0,3,1.5,1,51.9,51.9,0,EVENING,WEEKEND,5.9
FREIGHT,LOW,176.3,50.4,29.1,65.0,0.0,2,4.2,3,83.9,82.9,1,MORNING,WEEKDAY,22.7
EXPRESS,HIGH,99.9,68.0,33.8,140.0,0.0,1,2.3,2,50.7,55.1,2,NIGHT,WEEKEND,13.1
PASSENGER,MEDIUM,58.8,94.1,12.8,110.0,0.0,3,3.8,2,30.5,32.3,1,NIGHT,WEEKEND,17.0
PASSENGER,MEDIUM,76.9,63.5,15.0,110.0,1.1,1,3.2,2,66.8,61.8,1,MORNING,WEEKDAY,16.8
PASSENGER,MEDIUM,69.4,20.1,90.3,100.0,0.3,0,0.0,1,40.9,31.5,0,AFTERNOON,WEEKDAY,2.5
EXPRESS,HIGH,47.9,6.3,23.3,130.0,3.4,1,4.6,1,57.4,47.0,1,AFTERNOON,WEEKDAY,10.4
PASSENGER,HIGH,92.6,76.6,21.3,100.0,1.7,0,0.0,2,69.5,65.3,1,MORNING,WEEKDAY,14.3
PASSENGER,MEDIUM,93.7,47.8,20.3,110.0,0.0,1,3.7,2,34.6,27.9,1,MORNING,WEEKDAY,14.1
LOCAL,MEDIUM,132.0,51.8,62.6,80.0,2.0,3,4.3,2,81.3,73.0,0,MORNING,WEEKDAY,15.4
EXPRESS,HIGH,164.6,66.3,106.4,110.0,3.5,0,0.0,1,14.0,19.1,0,AFTERNOON,WEEKEND,1.8
LOCAL,MEDIUM,127.2,58.0,78.9,90.0,1.4,0,0.0,1,46.5,47.9,0,AFTERNOON,WEEKDAY,5.3
FREIGHT,MEDIUM,78.4,88.8,57.1,65.0,4.4,3,1.6,1,32.0,34.7,0,MORNING,WEEKEND,7.2
PASSENGER,MEDIUM,146.9,60.0,49.4,110.0,2.1,0,0.0,2,19.8,19.2,1,AFTERNOON,WEEKEND,11.0
EXPRESS,HIGH,38.9,65.1,89.4,110.0,4.7,2,2.8,1,50.1,47.5,0,MORNING,WEEKEND,8.8
EXPRESS,HIGH,76.4,86.7,108.8,110.0,0.0,1,2.9,1,18.4,22.9,0,NIGHT,WEEKDAY,0.0
EXPRESS,HIGH,80.0,36.8,43.2,110.0,0.0,2,3.2,3,48.2,43.4,3,MORNING,WEEKDAY,17.2
PASSENGER,MEDIUM,123.4,33.6,14.9,100.0,0.0,1,4.3,3,73.1,70.5,1,EVENING,WEEKDAY,17.4
EXPRESS,MEDIUM,104.0,94.8,116.8,120.0,0.0,4,2.6,1,66.1,62.7,0,AFTERNOON,WEEKDAY,5.7
PASSENGER,MEDIUM,37.7,54.1,79.9,100.0,0.0,2,3.5,2,42.9,43.1,0,EVENING,WEEKDAY,8.8
EXPRESS,HIGH,73.3,26.4,38.7,110.0,0.0,0,0.0,2,25.1,26.2,1,EVENING,WEEKEND,5.6
LOCAL,MEDIUM,100.8,62.8,34.5,90.0,0.0,2,2.4,3,50.2,53.4,2,MORNING,WEEKDAY,18.5
PASSENGER,MEDIUM,155.2,90.7,41.0,100.0,0.6,0,0.0,1,16.1,12.5,1,NIGHT,WEEKEND,11.9
EXPRESS,HIGH,49.8,77.5,113.1,120.0,0.0,2,1.9,1,10.0,14.1,0,EVENING,WEEKEND,0.8
LOCAL,LOW,65.3,5.8,60.5,80.0,0.0,1,4.2,1,52.9,61.1,0,AFTERNOON,WEEKDAY,7.7
LOCAL,LOW,113.4,15.9,19.2,80.0,4.0,0,0.0,3,98.0,92.2,2,EVENING,WEEKDAY,31.4
EXPRESS,HIGH,34.6,85.3,115.8,130.0,0.0,2,1.7,2,64.6,65.3,0,EVENING,WEEKDAY,8.3
EXPRESS,HIGH,74.5,82.9,115.7,120.0,1.3,3,1.5,1,62.2,54.6,0,AFTERNOON,WEEKEND,4.6
EXPRESS,MEDIUM,95.1,81.5,52.7,120.0,0.0,3,2.1,4,60.0,58.9,2,MORNING,WEEKDAY,20.6
EXPRESS,MEDIUM,41.3,34.0,37.8,120.0,2.8,1,1.7,2,67.9,68.0,2,EVENING,WEEKDAY,21.1
PASSENGER,MEDIUM,61.2,41.3,84.7,100.0,2.5,1,2.1,1,56.5,48.4,0,EVENING,WEEKEND,6.9
EXPRESS,HIGH,75.5,40.7,53.4,140.0,4.1,2,4.1,2,64.1,64.6,1,EVENING,WEEKDAY,18.4
EXPRESS,HIGH,73.6,52.6,29.7,110.0,0.7,3,3.1,2,55.5,61.8,1,AFTERNOON,WEEKDAY,11.1
EXPRESS,MEDIUM,68.9,63.6,60.0,120.0,4.8,3,3.5,3,90.0,94.4,0,EVENING,WEEKDAY,21.2
EXPRESS,HIGH,98.4,31.8,12.2,140.0,7.5,2,4.0,1,91.3,83.3,3,EVENING,WEEKDAY,24.4
PASSENGER,HIGH,78.9,79.9,97.4,100.0,1.0,0,0.0,3,60.4,58.2,0,MORNING,WEEKDAY,9.2
EXPRESS,HIGH,139.7,19.9,114.0,120.0,6.8,1,3.2,2,19.7,17.9,0,MORNING,WEEKEND,9.4
EXPRESS,HIGH,32.8,64.1,39.1,120.0,1.2,1,2.1,3,60.0,60.2,1,EVENING,WEEKDAY,14.2
LOCAL,HIGH,69.1,27.7,24.0,80.0,0.0,1,2.2,2,38.0,38.1,1,NIGHT,WEEKEND,7.2
FREIGHT,LOW,164.6,25.9,5.7,65.0,0.0,1,4.2,3,98.0,99.3,1,EVENING,WEEKDAY,23.2
LOCAL,MEDIUM,54.9,10.8,10.3,90.0,10.4,0,0.0,2,41.2,35.3,1,EVENING,WEEKDAY,20.2
PASSENGER,MEDIUM,128.3,78.5,84.1,110.0,11.4,5,1.7,3,64.7,67.3,0,AFTERNOON,WEEKDAY,19.3
LOCAL,HIGH,49.3,31.2,75.9,90.0,3.4,0,0.0,1,48.0,47.0,0,AFTERNOON,WEEKEND,7.1
EXPRESS,HIGH,130.9,15.4,29.7,140.0,4.5,0,0.0,2,57.7,55.1,2,AFTERNOON,WEEKDAY,14.6
EXPRESS,HIGH,95.4,12.3,14.8,140.0,0.0,0,0.0,2,54.9,57.1,1,AFTERNOON,WEEKEND,8.1
EXPRESS,HIGH,130.2,77.0,137.5,140.0,0.0,4,3.8,1,19.0,11.7,0,MORNING,WEEKEND,2.8
LOCAL,MEDIUM,99.8,62.9,9.3,90.0,0.0,2,2.2,4,98.0,98.2,2,MORNING,WEEKDAY,24.8
EXPRESS,MEDIUM,66.4,5.3,34.5,140.0,0.0,0,0.0,2,76.3,72.3,1,EVENING,WEEKDAY,12.3
LOCAL,MEDIUM,164.6,72.0,5.7,90.0,1.7,0,0.0,1,94.4,91.1,2,EVENING,WEEKDAY,23.6
PASSENGER,MEDIUM,143.8,27.8,72.3,110.0,1.0,0,0.0,4,85.5,86.9,0,MORNING,WEEKDAY,14.8
PASSENGER,MEDIUM,163.6,51.6,86.4,110.0,7.1,1,2.7,1,47.4,43.3,0,EVENING,WEEKEND,12.7
FREIGHT,LOW,163.8,22.4,15.7,75.0,0.3,1,2.5,1,84.7,78.9,2,EVENING,WEEKDAY,22.9
FREIGHT,LOW,163.1,92.2,55.9,75.0,4.8,4,4.3,2,79.4,81.4,0,AFTERNOON,WEEKDAY,22.6
EXPRESS,HIGH,37.3,69.9,56.4,130.0,2.1,1,2.9,2,87.5,85.4,3,MORNING,WEEKDAY,19.6
LOCAL,LOW,96.0,39.3,26.4,80.0,0.0,2,2.6,2,37.3,36.1,2,AFTERNOON,WEEKDAY,18.6
LOCAL,LOW,175.4,36.8,18.9,90.0,6.9,0,0.0,3,48.6,48.3,1,MORNING,WEEKDAY,24.5
PASSENGER,MEDIUM,85.7,23.4,13.0,100.0,1.4,1,2.8,2,40.8,35.1,2,AFTERNOON,WEEKEND,13.7
PASSENGER,MEDIUM,145.7,24.5,1.0,100.0,3.3,1,2.3,2,47.3,37.2,2,EVENING,WEEKEND,16.3
LOCAL,HIGH,155.2,34.2,3.5,90.0,6.5,2,2.7,2,64.0,67.1,1,EVENING,WEEKDAY,19.5
EXPRESS,HIGH,165.8,70.1,9.7,140.0,0.8,0,0.0,3,69.5,69.4,1,EVENING,WEEKDAY,17.2
EXPRESS,HIGH,64.1,89.7,63.0,110.0,0.5,1,2.5,1,84.4,84.2,0,AFTERNOON,WEEKDAY,7.6
LOCAL,MEDIUM,96.2,43.6,9.6,80.0,2.0,0,0.0,2,38.2,46.2,3,AFTERNOON,WEEKDAY,19.2
PASSENGER,MEDIUM,161.4,52.6,21.3,100.0,1.5,1,3.6,2,52.1,48.2,2,MORNING,WEEKDAY,19.1
FREIGHT,LOW,33.7,90.7,63.3,65.0,0.0,5,4.6,1,61.2,56.8,0,NIGHT,WEEKDAY,13.6
PASSENGER,MEDIUM,75.0,17.5,87.5,110.0,0.8,1,1.7,4,95.0,93.5,0,EVENING,WEEKDAY,13.5
PASSENGER,MEDIUM,36.4,70.8,5.2,100.0,0.0,1,4.8,2,76.7,73.0,1,MORNING,WEEKDAY,18.7
FREIGHT,LOW,172.7,46.8,9.2,65.0,0.0,1,1.7,1,45.3,32.9,1,MORNING,WEEKDAY,14.1
PASSENGER,MEDIUM,56.7,33.1,16.3,100.0,10.6,1,4.4,2,93.1,94.3,2,MORNING,WEEKDAY,32.5
EXPRESS,MEDIUM,46.6,17.0,109.6,130.0,1.0,0,0.0,1,50.0,42.5,0,EVENING,WEEKEND,3.5
EXPRESS,HIGH,167.6,44.0,131.4,140.0,3.3,0,0.0,1,57.1,48.8,0,MORNING,WEEKEND,5.1
PASSENGER,MEDIUM,127.9,20.3,24.5,100.0,0.6,1,4.4,2,31.0,27.0,1,AFTERNOON,WEEKDAY,10.4
FREIGHT,LOW,44.8,11.5,23.8,75.0,1.1,1,3.9,3,85.3,81.2,1,MORNING,WEEKDAY,21.5
PASSENGER,MEDIUM,176.9,61.5,35.4,100.0,1.2,1,4.9,3,31.0,24.3,2,AFTERNOON,WEEKDAY,19.2
LOCAL,MEDIUM,123.3,20.7,87.9,90.0,0.0,1,2.6,1,66.9,67.1,0,MORNING,WEEKEND,3.8
FREIGHT,LOW,38.8,82.2,24.2,65.0,3.2,5,1.7,3,83.5,76.2,1,EVENING,WEEKDAY,26.3
PASSENGER,MEDIUM,74.1,89.6,13.4,110.0,0.0,2,2.6,1,76.9,66.1,1,EVENING,WEEKDAY,17.9
EXPRESS,HIGH,36.3,35.2,7.6,120.0,4.3,2,1.6,3,83.8,74.7,1,MORNING,WEEKDAY,18.8
EXPRESS,HIGH,47.9,13.6,43.5,130.0,1.4,0,0.0,2,63.1,66.4,1,NIGHT,WEEKDAY,8.9
PASSENGER,MEDIUM,114.9,82.9,60.7,110.0,0.0,4,2.9,2,92.2,82.3,0,MORNING,WEEKDAY,14.2
PASSENGER,MEDIUM,163.2,21.9,5.8,100.0,10.3,1,4.3,1,16.1,15.3,1,AFTERNOON,WEEKDAY,18.0
FREIGHT,LOW,159.5,35.2,61.1,65.0,0.0,1,2.3,1,23.8,23.6,0,AFTERNOON,WEEKDAY,1.8
LOCAL,LOW,170.7,62.2,88.4,90.0,1.3,0,0.0,1,61.3,60.1,0,EVENING,WEEKEND,7.4
EXPRESS,HIGH,97.5,46.8,106.1,110.0,4.1,1,2.9,2,41.1,42.1,0,AFTERNOON,WEEKDAY,9.0
EXPRESS,HIGH,67.8,30.8,103.0,130.0,2.1,2,5.0,1,22.6,22.6,0,AFTERNOON,WEEKDAY,8.4
LOCAL,MEDIUM,34.3,11.9,67.3,80.0,0.3,0,0.0,1,63.6,72.5,0,EVENING,WEEKEND,4.0
FREIGHT,LOW,140.1,45.2,58.5,75.0,0.7,0,0.0,1,60.7,57.4,0,EVENING,WEEKDAY,9.3
EXPRESS,HIGH,40.5,58.5,101.9,130.0,2.6,3,1.9,1,13.7,6.5,0,AFTERNOON,WEEKDAY,4.1
PASSENGER,MEDIUM,69.7,55.6,12.4,100.0,7.4,0,0.0,2,90.0,92.8,2,MORNING,WEEKEND,25.9
PASSENGER,MEDIUM,163.9,19.6,89.6,100.0,9.6,1,4.4,1,17.6,14.6,0,NIGHT,WEEKDAY,12.5
PASSENGER,HIGH,129.3,45.3,96.7,100.0,0.0,0,0.0,2,62.2,56.9,0,EVENING,WEEKDAY,6.4
EXPRESS,HIGH,139.8,13.5,46.2,140.0,3.1,1,2.3,3,98.0,90.7,1,EVENING,WEEKDAY,14.6
EXPRESS,HIGH,116.7,85.6,40.8,120.0,2.0,1,2.3,4,61.4,59.6,1,MORNING,WEEKDAY,18.9
PASSENGER,HIGH,152.7,76.1,104.5,110.0,5.2,5,1.9,1,55.3,51.0,0,EVENING,WEEKDAY,10.7
EXPRESS,HIGH,109.0,43.4,23.0,140.0,2.7,2,4.3,4,83.5,78.2,3,EVENING,WEEKDAY,26.5
LOCAL,MEDIUM,170.8,77.8,11.9,80.0,3.4,3,2.0,3,10.0,6.4,1,NIGHT,WEEKDAY,15.9
EXPRESS,HIGH,137.7,5.0,2.8,110.0,0.5,0,0.0,2,86.5,85.6,1,MORNING,WEEKDAY,10.3
PASSENGER,MEDIUM,132.2,92.7,0.5,100.0,9.1,3,4.6,2,37.3,29.1,1,MORNING,WEEKDAY,30.5
EXPRESS,HIGH,64.6,79.1,4.5,130.0,0.6,4,4.3,2,42.3,44.3,1,MORNING,WEEKEND,18.0
PASSENGER,HIGH,85.5,72.6,1.0,110.0,0.4,2,4.5,2,74.0,71.7,1,MORNING,WEEKDAY,18.8
PASSENGER,MEDIUM,164.7,58.0,70.6,100.0,7.2,2,2.1,2,98.0,96.9,0,MORNING,WEEKDAY,18.6
FREIGHT,LOW,115.9,14.3,27.0,65.0,4.0,1,1.6,2,77.4,72.7,0,EVENING,WEEKDAY,15.4
FREIGHT,LOW,42.7,69.8,7.6,75.0,0.0,0,0.0,3,33.2,32.6,2,NIGHT,WEEKDAY,22.9
LOCAL,LOW,86.5,7.4,72.9,80.0,2.1,1,4.0,1,10.0,4.9,0,AFTERNOON,WEEKDAY,4.0
FREIGHT,LOW,164.9,52.1,42.8,65.0,0.0,2,3.8,2,98.0,97.2,0,MORNING,WEEKDAY,16.7
EXPRESS,MEDIUM,92.7,11.1,36.2,120.0,0.1,0,0.0,2,39.4,39.6,1,EVENING,WEEKEND,8.5
PASSENGER,MEDIUM,145.9,62.1,2.5,110.0,0.0,1,4.9,1,26.0,23.9,1,MORNING,WEEKEND,11.9
LOCAL,LOW,146.0,90.9,68.5,80.0,6.4,2,3.1,1,47.9,46.3,0,AFTERNOON,WEEKEND,13.5
EXPRESS,MEDIUM,149.3,23.6,49.9,120.0,5.7,0,0.0,3,88.0,86.0,0,EVENING,WEEKDAY,18.1
PASSENGER,HIGH,146.8,91.2,80.4,100.0,1.4,1,4.4,1,60.7,51.9,0,AFTERNOON,WEEKDAY,5.9
FREIGHT,LOW,143.0,82.5,22.4,75.0,0.0,0,0.0,1,74.9,81.9,1,AFTERNOON,WEEKDAY,17.7
FREIGHT,LOW,125.9,88.1,30.8,75.0,6.6,4,3.9,3,33.0,36.8,2,AFTERNOON,WEEKEND,33.0
EXPRESS,HIGH,164.1,89.0,122.2,140.0,0.0,1,1.9,1,45.8,41.3,0,EVENING,WEEKEND,2.6
EXPRESS,HIGH,100.0,46.9,92.0,120.0,0.1,1,4.6,1,45.3,40.4,0,AFTERNOON,WEEKDAY,5.4
LOCAL,MEDIUM,173.5,56.4,42.8,90.0,5.5,1,4.7,2,79.5,80.7,0,EVENING,WEEKDAY,18.0
EXPRESS,HIGH,62.4,63.2,136.1,140.0,1.8,1,2.2,1,45.4,52.1,0,EVENING,WEEKEND,2.3
FREIGHT,LOW,166.6,61.3,19.9,65.0,0.0,4,3.1,3,62.0,57.0,1,EVENING,WEEKDAY,21.6
PASSENGER,MEDIUM,118.1,17.6,99.4,110.0,14.9,1,2.1,2,31.4,28.1,0,AFTERNOON,WEEKEND,19.2
PASSENGER,MEDIUM,81.2,34.1,79.9,100.0,3.7,1,3.4,3,58.0,53.6,0,MORNING,WEEKDAY,13.7
EXPRESS,HIGH,80.6,74.7,15.2,120.0,0.0,4,4.8,3,75.8,73.0,1,MORNING,WEEKDAY,22.5
FREIGHT,LOW,76.9,86.1,8.8,75.0,4.0,0,0.0,2,74.5,66.9,3,EVENING,WEEKDAY,36.1
LOCAL,MEDIUM,110.3,19.1,69.8,90.0,0.4,0,0.0,3,63.9,65.2,0,AFTERNOON,WEEKDAY,8.5
PASSENGER,MEDIUM,131.9,46.9,14.9,100.0,0.0,1,2.0,3,13.9,21.8,1,AFTERNOON,WEEKDAY,11.4
PASSENGER,HIGH,179.7,50.7,19.1,100.0,0.0,0,0.0,2,37.3,35.5,1,MORNING,WEEKDAY,10.4
LOCAL,MEDIUM,50.5,24.6,7.7,80.0,0.0,0,0.0,3,74.6,73.6,1,MORNING,WEEKDAY,14.7
LOCAL,MEDIUM,61.7,71.5,69.2,90.0,17.0,4,4.4,2,66.3,63.6,0,MORNING,WEEKDAY,32.7
PASSENGER,MEDIUM,86.4,63.9,48.8,110.0,1.9,4,4.4,2,60.6,49.8,1,MORNING,WEEKDAY,21.8
PASSENGER,MEDIUM,78.6,93.3,88.4,100.0,0.0,4,1.8,1,32.6,42.6,0,NIGHT,WEEKEND,4.3
PASSENGER,MEDIUM,76.0,76.9,31.4,110.0,3.0,2,3.6,4,65.4,64.5,1,MORNING,WEEKDAY,23.8
LOCAL,MEDIUM,165.0,65.0,63.2,80.0,0.0,2,1.8,1,51.0,52.7,0,EVENING,WEEKEND,6.7
EXPRESS,HIGH,69.5,24.5,99.9,130.0,0.1,1,4.2,1,63.3,61.7,0,EVENING,WEEKEND,5.3
LOCAL,MEDIUM,153.1,40.0,10.0,80.0,8.4,1,4.4,1,81.5,83.1,1,AFTERNOON,WEEKDAY,22.5
PASSENGER,MEDIUM,60.3,89.7,84.3,110.0,2.7,5,2.1,1,36.5,28.6,0,EVENING,WEEKEND,7.1
LOCAL,MEDIUM,144.6,66.1,16.4,80.0,0.0,2,4.7,2,63.0,58.8,1,EVENING,WEEKDAY,19.6
PASSENGER,MEDIUM,128.3,65.2,98.5,110.0,0.0,3,4.0,1,55.0,52.7,0,MORNING,WEEKDAY,9.6
EXPRESS,MEDIUM,89.6,72.3,102.7,110.0,2.5,1,1.9,1,69.0,66.4,0,MORNING,WEEKEND,7.0
EXPRESS,HIGH,68.8,48.9,110.5,140.0,0.6,2,1.8,1,42.1,39.6,0,NIGHT,WEEKDAY,3.0
FREIGHT,LOW,114.0,10.3,54.1,65.0,0.0,0,0.0,2,68.7,62.7,0,EVENING,WEEKDAY,11.0
FREIGHT,LOW,130.0,72.3,49.2,65.0,0.0,4,3.8,1,35.1,36.2,0,EVENING,WEEKEND,9.0
LOCAL,MEDIUM,111.4,31.9,24.8,90.0,0.0,0,0.0,2,64.5,70.0,1,AFTERNOON,WEEKEND,10.9
FREIGHT,LOW,30.0,61.5,15.2,65.0,0.0,4,3.2,2,41.6,40.2,1,MORNING,WEEKDAY,19.3
EXPRESS,HIGH,134.4,10.2,125.9,140.0,1.2,0,0.0,1,22.3,20.1,0,AFTERNOON,WEEKDAY,2.4
FREIGHT,MEDIUM,52.0,51.1,56.7,75.0,0.0,2,4.8,1,10.0,2.2,0,NIGHT,WEEKDAY,5.3
PASSENGER,MEDIUM,70.6,22.3,108.4,110.0,0.0,1,3.2,1,60.6,49.3,0,NIGHT,WEEKDAY,4.9
EXPRESS,HIGH,100.2,61.2,113.4,120.0,0.0,2,4.4,1,51.6,52.1,0,MORNING,WEEKEND,5.2
PASSENGER,HIGH,129.9,61.1,85.6,110.0,0.0,1,4.8,1,24.4,28.2,0,NIGHT,WEEKDAY,4.6
PASSENGER,HIGH,160.8,43.3,107.5,110.0,1.2,1,4.3,2,69.9,76.2,0,AFTERNOON,WEEKDAY,7.7
PASSENGER,LOW,155.8,27.0,45.4,110.0,1.0,1,3.0,2,33.4,33.1,2,AFTERNOON,WEEKEND,19.5
LOCAL,MEDIUM,72.9,11.6,32.3,90.0,0.0,1,2.6,4,87.1,81.4,2,EVENING,WEEKDAY,19.2
FREIGHT,MEDIUM,96.6,33.1,33.0,75.0,0.0,1,2.0,2,67.1,64.5,1,MORNING,WEEKDAY,14.0
FREIGHT,LOW,78.5,78.4,63.7,65.0,1.5,3,4.6,1,26.6,30.6,0,AFTERNOON,WEEKEND,7.6
EXPRESS,HIGH,46.5,11.7,128.3,130.0,0.0,1,4.6,3,49.2,51.3,0,NIGHT,WEEKDAY,6.9
LOCAL,MEDIUM,140.9,62.4,27.4,90.0,0.0,3,2.4,3,77.8,72.6,3,MORNING,WEEKDAY,24.7
FREIGHT,MEDIUM,44.8,42.8,27.9,65.0,6.4,2,2.1,2,83.6,74.3,1,MORNING,WEEKDAY,21.2
LOCAL,MEDIUM,179.8,41.7,89.4,90.0,1.6,2,1.8,1,31.8,27.5,0,AFTERNOON,WEEKEND,2.1
EXPRESS,HIGH,111.6,21.3,88.7,110.0,0.0,0,0.0,1,30.3,34.2,0,AFTERNOON,WEEKEND,1.4
LOCAL,MEDIUM,45.9,20.3,13.9,80.0,8.4,0,0.0,3,98.0,93.9,1,MORNING,WEEKDAY,24.5
EXPRESS,HIGH,108.3,57.4,5.7,120.0,0.0,1,2.9,1,98.0,96.1,1,MORNING,WEEKDAY,13.5
FREIGHT,LOW,128.1,42.1,25.7,75.0,0.0,0,0.0,3,90.8,85.5,2,MORNING,WEEKDAY,26.6
PASSENGER,HIGH,167.2,16.2,9.3,110.0,2.9,1,3.8,1,90.6,86.8,1,MORNING,WEEKDAY,12.9
LOCAL,LOW,92.9,73.2,64.7,80.0,9.6,2,2.6,1,67.7,68.0,0,MORNING,WEEKEND,17.8
EXPRESS,HIGH,106.2,94.6,31.1,110.0,0.0,4,1.8,1,31.4,25.0,1,EVENING,WEEKEND,9.4
EXPRESS,HIGH,77.0,46.6,130.1,140.0,0.0,1,3.6,1,47.3,48.0,0,NIGHT,WEEKDAY,3.9
EXPRESS,HIGH,134.0,26.3,116.4,130.0,2.3,1,5.0,1,39.9,35.3,0,EVENING,WEEKEND,7.0
PASSENGER,MEDIUM,35.5,36.2,80.6,110.0,11.2,1,2.6,4,92.3,84.8,0,MORNING,WEEKDAY,25.7
EXPRESS,HIGH,51.5,59.1,112.4,120.0,2.1,2,3.4,1,39.5,36.3,0,EVENING,WEEKEND,6.2
EXPRESS,HIGH,77.0,80.4,95.3,110.0,0.0,3,3.1,2,51.7,55.6,0,NIGHT,WEEKDAY,5.7
EXPRESS,HIGH,95.6,16.4,13.3,120.0,3.7,1,2.1,2,65.3,61.1,1,MORNING,WEEKDAY,13.8
EXPRESS,HIGH,147.1,89.5,100.8,110.0,2.1,4,3.8,1,19.1,28.0,0,MORNING,WEEKEND,8.2
EXPRESS,HIGH,64.5,58.2,125.6,140.0,2.7,0,0.0,1,28.4,24.6,0,MORNING,WEEKEND,3.9
PASSENGER,MEDIUM,109.5,35.2,34.7,110.0,3.7,2,2.7,2,66.7,70.9,2,EVENING,WEEKEND,19.8
EXPRESS,HIGH,91.6,70.7,41.5,120.0,7.9,3,1.9,2,49.3,40.6,1,EVENING,WEEKDAY,19.0
FREIGHT,LOW,71.5,70.7,16.4,65.0,0.8,4,3.0,2,49.2,46.5,1,MORNING,WEEKDAY,19.9
PASSENGER,MEDIUM,166.9,72.3,87.7,110.0,5.4,2,2.1,1,12.1,13.4,0,AFTERNOON,WEEKDAY,8.3
EXPRESS,HIGH,39.7,7.5,74.9,140.0,2.6,0,0.0,2,83.9,84.2,0,MORNING,WEEKDAY,9.5
PASSENGER,HIGH,149.0,22.3,62.4,100.0,10.1,1,2.4,2,77.5,71.7,0,EVENING,WEEKDAY,18.7
EXPRESS,MEDIUM,66.8,68.3,37.1,120.0,0.0,3,4.8,2,27.7,29.0,3,EVENING,WEEKEND,24.3
EXPRESS,HIGH,35.9,92.6,99.5,120.0,16.5,0,0.0,2,43.0,37.8,0,NIGHT,WEEKEND,20.2
PASSENGER,MEDIUM,36.7,28.6,44.5,110.0,0.0,1,4.3,1,17.7,16.1,1,AFTERNOON,WEEKDAY,8.1
EXPRESS,HIGH,117.6,40.7,89.5,110.0,9.8,2,3.6,4,61.6,64.6,0,EVENING,WEEKDAY,22.0
PASSENGER,MEDIUM,53.1,65.5,8.4,110.0,0.0,3,4.4,1,10.0,11.3,1,AFTERNOON,WEEKEND,14.5
EXPRESS,HIGH,103.7,47.5,27.6,110.0,0.0,0,0.0,2,86.9,86.0,1,MORNING,WEEKDAY,11.7
EXPRESS,HIGH,91.2,45.9,33.1,120.0,4.1,2,3.1,3,49.2,39.2,1,EVENING,WEEKDAY,15.5
EXPRESS,HIGH,97.4,66.4,107.5,140.0,0.0,4,1.6,2,65.7,60.4,0,EVENING,WEEKDAY,7.5
PASSENGER,MEDIUM,33.9,19.8,98.5,100.0,6.6,1,2.6,1,47.8,43.1,0,NIGHT,WEEKEND,9.4
EXPRESS,HIGH,144.5,8.6,109.5,140.0,10.2,0,0.0,2,67.7,61.8,0,EVENING,WEEKDAY,17.9
LOCAL,MEDIUM,91.9,76.7,75.7,80.0,0.0,1,2.0,1,14.9,13.5,0,MORNING,WEEKEND,1.2
EXPRESS,HIGH,61.8,21.9,136.8,140.0,0.0,1,3.8,2,51.8,52.3,0,NIGHT,WEEKEND,5.1
PASSENGER,MEDIUM,139.5,66.1,89.4,100.0,1.4,1,3.1,1,63.0,64.9,0,MORNING,WEEKEND,6.9
EXPRESS,MEDIUM,34.0,49.0,114.2,140.0,0.0,3,4.3,1,13.1,24.8,0,MORNING,WEEKEND,5.7
EXPRESS,HIGH,155.6,9.7,29.4,110.0,0.0,0,0.0,2,42.9,40.6,3,NIGHT,WEEKEND,11.9
EXPRESS,HIGH,166.3,29.6,87.5,110.0,10.5,1,2.4,2,22.1,23.3,0,AFTERNOON,WEEKDAY,13.5
PASSENGER,MEDIUM,31.1,85.2,85.3,110.0,0.0,2,1.9,2,42.2,34.0,0,MORNING,WEEKDAY,6.4
EXPRESS,HIGH,153.3,17.2,69.3,140.0,1.2,1,2.9,3,86.9,79.5,0,EVENING,WEEKDAY,10.1
EXPRESS,MEDIUM,165.6,6.3,13.4,130.0,0.8,0,0.0,2,10.0,13.9,1,AFTERNOON,WEEKDAY,7.4
PASSENGER,MEDIUM,52.1,69.0,37.7,110.0,0.2,1,4.9,2,67.5,69.4,2,EVENING,WEEKEND,19.1
LOCAL,MEDIUM,107.4,52.0,62.2,80.0,2.6,0,0.0,2,65.7,61.1,0,EVENING,WEEKDAY,11.5
PASSENGER,HIGH,92.4,61.3,80.3,100.0,0.0,1,2.1,1,43.8,43.4,0,AFTERNOON,WEEKEND,3.7
PASSENGER,MEDIUM,127.8,37.1,77.9,100.0,0.0,1,1.8,2,66.5,69.2,0,MORNING,WEEKEND,8.0
EXPRESS,HIGH,96.9,57.6,16.7,110.0,4.8,2,2.2,1,15.2,9.8,1,EVENING,WEEKEND,10.7
EXPRESS,HIGH,112.5,80.3,1.7,120.0,0.0,4,4.5,2,45.2,42.8,1,AFTERNOON,WEEKDAY,19.4
PASSENGER,MEDIUM,119.8,29.2,98.3,110.0,3.0,1,2.0,1,35.2,34.1,0,NIGHT,WEEKDAY,5.3
EXPRESS,HIGH,99.5,19.8,26.4,140.0,3.2,1,3.3,1,80.0,92.7,1,AFTERNOON,WEEKDAY,11.6
EXPRESS,HIGH,130.9,62.1,115.8,130.0,2.2,1,4.4,1,24.7,30.7,0,NIGHT,WEEKDAY,6.8
FREIGHT,LOW,111.8,24.0,3.5,65.0,1.4,1,3.7,2,10.0,4.9,1,AFTERNOON,WEEKEND,11.2
LOCAL,MEDIUM,88.7,91.1,25.2,80.0,0.0,1,4.2,3,81.7,69.9,2,MORNING,WEEKDAY,24.3
EXPRESS,HIGH,45.9,43.0,103.6,120.0,0.0,2,3.9,1,45.2,43.3,0,MORNING,WEEKDAY,6.8
EXPRESS,HIGH,47.7,73.3,27.8,110.0,0.9,2,1.7,3,69.7,67.4,2,MORNING,WEEKDAY,18.1
FREIGHT,MEDIUM,154.9,73.1,60.3,65.0,0.3,2,4.8,1,34.6,33.1,0,AFTERNOON,WEEKDAY,6.5
PASSENGER,MEDIUM,161.3,33.4,28.2,100.0,0.0,1,3.1,4,98.0,93.3,1,MORNING,WEEKDAY,18.8
PASSENGER,MEDIUM,163.2,47.1,41.7,100.0,0.0,2,1.7,2,70.6,63.6,2,EVENING,WEEKDAY,16.8
PASSENGER,MEDIUM,96.2,93.8,77.4,100.0,0.4,2,2.6,1,22.5,15.0,0,AFTERNOON,WEEKDAY,4.5
PASSENGER,HIGH,163.3,77.6,85.6,100.0,0.0,1,3.2,1,11.1,13.1,0,AFTERNOON,WEEKDAY,2.3
FREIGHT,LOW,46.7,13.6,63.0,75.0,0.0,1,3.0,1,27.1,25.5,0,MORNING,WEEKEND,3.0
EXPRESS,HIGH,64.7,27.3,41.2,130.0,0.0,0,0.0,1,11.7,9.3,1,AFTERNOON,WEEKEND,4.8
LOCAL,HIGH,48.3,43.5,31.9,80.0,4.0,0,0.0,3,71.0,77.4,1,EVENING,WEEKDAY,16.2
LOCAL,LOW,86.7,8.3,70.3,90.0,1.4,1,2.0,2,71.7,69.6,0,NIGHT,WEEKDAY,9.7
FREIGHT,LOW,58.6,85.9,12.3,65.0,6.5,1,3.1,2,52.1,43.5,2,MORNING,WEEKDAY,30.9
EXPRESS,HIGH,36.0,7.0,37.5,110.0,5.2,1,4.6,2,55.4,40.8,1,EVENING,WEEKDAY,15.8
PASSENGER,MEDIUM,103.9,45.9,107.9,110.0,0.0,2,2.6,1,53.1,43.2,0,MORNING,WEEKEND,3.8
PASSENGER,MEDIUM,126.9,26.8,85.9,110.0,0.3,0,0.0,1,27.2,22.9,0,EVENING,WEEKEND,3.5
PASSENGER,MEDIUM,154.2,12.5,9.1,110.0,0.0,1,3.4,2,92.7,87.0,1,MORNING,WEEKDAY,15.8
PASSENGER,MEDIUM,155.5,27.4,96.5,100.0,2.7,0,0.0,2,23.9,25.0,0,EVENING,WEEKEND,6.2
LOCAL,LOW,152.5,94.4,2.0,90.0,2.7,2,3.3,2,22.5,21.5,1,MORNING,WEEKEND,20.1
EXPRESS,HIGH,166.8,93.8,97.3,120.0,0.0,0,0.0,2,68.2,64.8,0,MORNING,WEEKDAY,7.6
EXPRESS,HIGH,72.3,10.0,125.4,130.0,0.0,1,4.8,1,48.2,50.5,0,AFTERNOON,WEEKDAY,5.0
FREIGHT,LOW,117.4,51.3,70.7,75.0,3.6,0,0.0,1,25.9,21.0,0,AFTERNOON,WEEKDAY,6.6
EXPRESS,HIGH,80.3,81.2,52.3,120.0,3.7,1,2.9,2,53.8,45.6,2,MORNING,WEEKDAY,20.3
PASSENGER,HIGH,82.1,59.1,94.1,100.0,7.5,2,2.7,1,15.8,21.4,0,EVENING,WEEKEND,8.2
EXPRESS,HIGH,161.9,94.1,50.3,120.0,7.3,3,4.8,3,56.2,52.1,1,MORNING,WEEKDAY,26.8
EXPRESS,HIGH,116.8,91.8,105.7,140.0,0.0,5,2.6,1,33.4,34.7,0,AFTERNOON,WEEKDAY,4.9
EXPRESS,HIGH,128.4,29.9,10.0,120.0,1.1,0,0.0,2,50.7,48.7,1,AFTERNOON,WEEKDAY,10.0
EXPRESS,HIGH,162.2,35.1,120.2,130.0,2.3,2,3.9,1,28.0,21.5,0,EVENING,WEEKEND,6.2
EXPRESS,HIGH,167.7,23.2,116.4,120.0,0.2,1,2.9,2,41.8,43.0,0,AFTERNOON,WEEKDAY,4.0
EXPRESS,HIGH,37.3,32.5,17.0,140.0,0.0,1,3.8,2,56.4,61.9,1,EVENING,WEEKEND,11.4
FREIGHT,LOW,175.0,77.7,2.2,75.0,11.0,4,3.6,4,89.0,78.0,1,MORNING,WEEKDAY,40.7
EXPRESS,MEDIUM,110.2,14.7,9.3,110.0,0.4,0,0.0,3,86.6,80.6,1,EVENING,WEEKDAY,16.6
PASSENGER,HIGH,156.3,90.7,86.4,110.0,6.1,4,1.6,1,36.2,49.2,0,NIGHT,WEEKEND,10.2
EXPRESS,HIGH,136.9,54.7,109.4,110.0,6.2,0,0.0,1,31.2,38.8,0,NIGHT,WEEKDAY,6.9
FREIGHT,LOW,171.4,39.7,55.3,65.0,0.7,0,0.0,1,22.5,14.1,0,AFTERNOON,WEEKDAY,2.6
PASSENGER,MEDIUM,115.0,75.1,4.4,100.0,0.0,3,3.6,2,62.7,59.4,1,MORNING,WEEKDAY,18.6
EXPRESS,HIGH,149.1,78.5,58.7,140.0,2.1,3,4.0,2,10.0,7.1,1,AFTERNOON,WEEKEND,12.5
LOCAL,MEDIUM,67.0,63.3,69.0,90.0,4.4,4,2.2,1,10.0,8.3,0,NIGHT,WEEKDAY,7.0
PASSENGER,MEDIUM,77.7,40.2,34.4,100.0,0.1,1,2.8,3,85.2,83.3,1,EVENING,WEEKDAY,17.4
PASSENGER,HIGH,81.6,58.7,82.0,100.0,0.0,3,4.3,1,65.4,65.5,0,MORNING,WEEKEND,7.4
EXPRESS,HIGH,127.8,22.1,138.0,140.0,1.2,0,0.0,2,61.6,63.8,0,MORNING,WEEKDAY,6.8
LOCAL,MEDIUM,116.4,58.0,65.0,80.0,2.7,1,3.5,1,20.3,28.1,0,AFTERNOON,WEEKDAY,5.7
FREIGHT,LOW,63.4,26.7,55.8,65.0,3.9,1,4.0,2,38.3,32.5,0,EVENING,WEEKDAY,11.4
PASSENGER,MEDIUM,105.3,19.3,32.8,100.0,1.5,1,3.4,2,52.2,49.9,2,NIGHT,WEEKDAY,16.0
LOCAL,MEDIUM,156.3,54.1,71.0,80.0,0.8,0,0.0,1,13.1,14.8,0,AFTERNOON,WEEKDAY,1.6
EXPRESS,HIGH,168.1,22.8,48.5,140.0,3.2,1,3.1,2,50.8,42.6,3,MORNING,WEEKEND,16.8
EXPRESS,HIGH,45.5,88.2,23.8,130.0,4.0,1,3.6,1,55.1,59.7,1,AFTERNOON,WEEKDAY,15.5
PASSENGER,MEDIUM,31.3,67.4,20.4,100.0,3.5,2,4.6,2,65.9,65.0,2,NIGHT,WEEKDAY,25.7
EXPRESS,HIGH,84.5,14.9,23.0,140.0,1.6,0,0.0,3,60.1,57.3,1,MORNING,WEEKDAY,12.2
FREIGHT,LOW,162.4,20.2,58.6,75.0,2.1,1,2.3,1,46.6,41.1,0,MORNING,WEEKEND,6.5
PASSENGER,MEDIUM,156.6,82.1,86.9,100.0,2.9,5,4.1,1,62.6,64.7,0,NIGHT,WEEKEND,15.0
PASSENGER,MEDIUM,46.7,41.8,72.0,100.0,4.7,1,4.7,4,86.2,83.8,0,MORNING,WEEKDAY,19.1
LOCAL,LOW,133.3,12.3,30.1,90.0,2.4,0,0.0,2,29.1,30.1,1,MORNING,WEEKEND,11.8
EXPRESS,HIGH,101.3,16.3,30.4,140.0,5.7,1,4.0,2,64.4,60.7,3,EVENING,WEEKDAY,20.4
PASSENGER,HIGH,71.6,51.9,16.0,110.0,6.1,2,4.4,2,50.9,42.1,1,MORNING,WEEKDAY,22.0
PASSENGER,MEDIUM,179.3,60.4,12.7,100.0,0.0,1,1.8,2,94.0,88.5,2,MORNING,WEEKDAY,21.0
LOCAL,LOW,59.5,92.3,67.8,80.0,22.1,2,2.8,1,11.6,13.1,0,NIGHT,WEEKDAY,24.0
EXPRESS,MEDIUM,93.4,69.1,33.0,120.0,11.9,2,4.8,1,79.2,81.2,1,EVENING,WEEKEND,28.3
PASSENGER,MEDIUM,57.4,31.8,33.9,100.0,1.6,1,3.8,2,43.3,43.7,1,AFTERNOON,WEEKDAY,12.7
FREIGHT,LOW,140.8,12.9,26.2,65.0,0.0,1,4.7,2,30.6,30.7,1,AFTERNOON,WEEKDAY,12.6
EXPRESS,MEDIUM,54.1,83.9,111.7,140.0,0.0,3,4.4,1,15.3,25.0,0,EVENING,WEEKEND,7.6
LOCAL,LOW,33.0,93.3,64.9,80.0,0.0,0,0.0,2,75.7,80.2,0,MORNING,WEEKEND,10.3
LOCAL,MEDIUM,33.3,94.0,37.0,80.0,3.9,5,3.6,1,72.9,66.9,0,MORNING,WEEKDAY,19.1
EXPRESS,MEDIUM,153.9,93.8,49.8,140.0,1.2,0,0.0,1,94.9,87.1,1,EVENING,WEEKDAY,17.2
FREIGHT,LOW,156.5,6.2,12.5,65.0,1.6,0,0.0,2,10.0,12.2,3,NIGHT,WEEKDAY,20.8
PASSENGER,MEDIUM,169.8,22.6,13.8,100.0,4.1,0,0.0,1,72.9,67.5,1,MORNING,WEEKEND,13.7
EXPRESS,HIGH,62.4,66.8,39.1,120.0,0.0,2,1.6,3,46.1,42.1,1,AFTERNOON,WEEKDAY,10.1
LOCAL,HIGH,154.4,67.4,72.2,90.0,0.0,1,4.7,2,75.6,70.6,0,EVENING,WEEKDAY,9.7
LOCAL,LOW,125.8,79.5,84.1,90.0,2.8,0,0.0,1,29.3,32.6,0,AFTERNOON,WEEKDAY,6.5
PASSENGER,HIGH,152.3,70.0,93.7,110.0,0.0,0,0.0,1,65.2,76.0,0,EVENING,WEEKEND,4.8
EXPRESS,HIGH,144.9,81.0,5.1,130.0,0.2,3,2.5,2,77.3,75.7,1,NIGHT,WEEKDAY,14.2
FREIGHT,LOW,49.6,53.1,61.2,75.0,0.0,3,4.7,2,38.5,37.2,0,AFTERNOON,WEEKEND,11.0
FREIGHT,LOW,141.9,72.0,57.4,75.0,1.5,4,2.5,2,65.3,60.5,0,MORNING,WEEKDAY,13.5
LOCAL,LOW,62.1,76.8,31.6,80.0,0.0,0,0.0,2,31.6,32.4,1,AFTERNOON,WEEKDAY,13.1
EXPRESS,HIGH,89.7,89.8,128.0,140.0,3.3,4,3.7,1,65.4,67.7,0,EVENING,WEEKEND,10.0
PASSENGER,HIGH,81.2,23.1,24.9,100.0,2.9,1,3.5,2,37.3,34.1,1,EVENING,WEEKEND,10.2
FREIGHT,LOW,95.3,95.0,29.8,75.0,0.4,0,0.0,3,79.5,82.4,2,EVENING,WEEKDAY,28.3
EXPRESS,HIGH,44.4,55.9,40.1,110.0,0.0,3,2.9,1,36.6,38.1,1,AFTERNOON,WEEKDAY,8.3
EXPRESS,HIGH,89.3,27.7,1.9,130.0,0.0,0,0.0,2,29.1,21.6,1,MORNING,WEEKEND,6.7
EXPRESS,HIGH,75.8,78.2,6.4,120.0,0.9,0,0.0,2,53.7,49.8,3,EVENING,WEEKEND,18.5
LOCAL,MEDIUM,157.9,51.8,77.2,90.0,0.0,2,3.1,1,60.1,56.0,0,MORNING,WEEKDAY,6.8
FREIGHT,LOW,162.3,5.0,48.2,65.0,5.4,0,0.0,1,80.7,71.8,0,MORNING,WEEKEND,13.2
PASSENGER,MEDIUM,94.2,35.6,44.3,100.0,0.1,2,2.6,2,81.5,73.9,0,MORNING,WEEKEND,8.8
EXPRESS,MEDIUM,163.2,45.9,121.7,130.0,0.0,1,1.8,1,13.8,10.7,0,NIGHT,WEEKDAY,1.3
EXPRESS,MEDIUM,114.3,26.0,49.7,140.0,0.0,0,0.0,2,26.5,29.9,1,AFTERNOON,WEEKDAY,9.4
LOCAL,MEDIUM,122.2,24.9,68.1,90.0,4.2,1,4.6,1,41.2,35.4,0,NIGHT,WEEKDAY,9.4
EXPRESS,HIGH,139.0,85.9,7.1,120.0,5.9,3,4.2,2,10.0,12.0,2,AFTERNOON,WEEKDAY,22.6
EXPRESS,HIGH,150.4,16.5,23.0,140.0,0.2,1,1.6,4,81.0,75.3,1,MORNING,WEEKDAY,14.2
EXPRESS,HIGH,165.6,19.2,29.1,110.0,1.0,1,4.9,1,82.5,77.5,3,MORNING,WEEKDAY,16.3
PASSENGER,HIGH,127.7,8.2,78.0,110.0,1.5,0,0.0,2,90.0,91.0,0,AFTERNOON,WEEKDAY,7.8
PASSENGER,MEDIUM,163.6,66.2,79.9,100.0,0.5,1,2.4,2,46.0,43.1,0,MORNING,WEEKDAY,7.7
EXPRESS,HIGH,153.3,56.8,135.2,140.0,1.4,3,2.5,2,37.0,44.5,0,AFTERNOON,WEEKDAY,4.1
EXPRESS,HIGH,161.6,27.7,97.1,120.0,4.0,1,1.7,1,22.1,30.0,0,AFTERNOON,WEEKDAY,5.4
EXPRESS,HIGH,110.7,48.6,109.2,130.0,2.8,2,3.6,1,21.0,19.6,0,EVENING,WEEKEND,6.4
EXPRESS,HIGH,155.2,47.0,33.1,140.0,1.4,1,4.0,2,10.0,10.3,1,EVENING,WEEKEND,11.4
EXPRESS,HIGH,115.9,5.7,90.9,120.0,0.0,1,1.8,1,69.3,68.1,0,EVENING,WEEKEND,2.8
LOCAL,MEDIUM,111.7,23.7,76.2,80.0,2.5,1,2.1,1,59.0,56.4,0,AFTERNOON,WEEKEND,6.1
FREIGHT,MEDIUM,87.3,54.3,72.4,75.0,1.6,2,3.9,2,61.4,54.5,0,AFTERNOON,WEEKEND,10.2
FREIGHT,LOW,144.3,80.7,49.6,65.0,0.0,5,2.4,1,21.2,22.2,0,EVENING,WEEKEND,2.8
EXPRESS,HIGH,69.7,20.8,52.7,140.0,3.0,0,0.0,3,81.9,80.1,2,EVENING,WEEKEND,15.8
LOCAL,LOW,104.1,93.2,67.9,90.0,0.0,5,4.3,1,26.1,26.6,0,AFTERNOON,WEEKEND,10.9
EXPRESS,MEDIUM,67.4,88.6,88.2,110.0,0.6,0,0.0,1,16.0,20.9,0,AFTERNOON,WEEKDAY,3.2
PASSENGER,MEDIUM,82.1,42.0,108.0,110.0,0.0,2,2.6,1,10.0,12.5,0,AFTERNOON,WEEKEND,0.0
EXPRESS,HIGH,153.2,6.2,114.4,140.0,0.9,1,2.5,1,36.2,43.4,0,AFTERNOON,WEEKDAY,1.8
PASSENGER,HIGH,162.6,76.3,1.7,110.0,1.1,3,4.7,2,76.2,78.0,1,AFTERNOON,WEEKDAY,20.1
EXPRESS,HIGH,176.3,25.4,89.8,130.0,0.5,1,4.8,1,73.2,73.2,0,EVENING,WEEKEND,5.7
PASSENGER,MEDIUM,171.8,9.1,82.6,100.0,0.8,1,2.8,1,21.6,13.2,0,AFTERNOON,WEEKDAY,2.2
EXPRESS,MEDIUM,44.5,42.1,28.7,110.0,0.0,1,2.7,3,36.3,36.2,3,MORNING,WEEKDAY,21.1
PASSENGER,MEDIUM,109.8,24.1,44.7,100.0,0.0,0,0.0,2,92.7,88.3,1,EVENING,WEEKDAY,15.3
EXPRESS,HIGH,78.8,28.3,118.1,130.0,0.0,1,3.9,1,55.5,46.4,0,EVENING,WEEKEND,2.9
PASSENGER,MEDIUM,59.1,26.9,40.8,100.0,0.0,1,4.5,3,29.5,28.3,2,NIGHT,WEEKDAY,15.5
FREIGHT,MEDIUM,111.5,36.5,49.0,65.0,0.0,1,3.8,1,10.1,5.9,0,NIGHT,WEEKDAY,3.0
PASSENGER,MEDIUM,156.5,36.4,100.5,110.0,1.0,0,0.0,1,61.6,58.3,0,MORNING,WEEKDAY,8.2
PASSENGER,MEDIUM,167.3,73.7,102.7,110.0,0.0,2,2.7,1,63.5,64.4,0,AFTERNOON,WEEKDAY,5.8
EXPRESS,HIGH,91.6,86.8,98.0,120.0,0.0,4,2.5,1,20.2,25.4,0,NIGHT,WEEKDAY,1.3
PASSENGER,MEDIUM,130.5,36.0,26.9,100.0,2.1,0,0.0,2,44.3,49.2,1,EVENING,WEEKEND,13.0
PASSENGER,MEDIUM,132.4,68.4,82.2,100.0,6.1,3,2.7,3,94.5,92.0,0,EVENING,WEEKDAY,18.7
PASSENGER,MEDIUM,143.0,65.7,80.6,100.0,0.2,3,3.3,1,62.7,62.2,0,MORNING,WEEKEND,7.9
PASSENGER,HIGH,42.3,21.1,94.4,110.0,1.7,1,2.0,2,22.6,34.1,0,AFTERNOON,WEEKEND,3.7
EXPRESS,HIGH,94.9,13.7,108.4,120.0,0.0,1,3.4,1,41.3,44.7,0,AFTERNOON,WEEKDAY,2.9
EXPRESS,HIGH,160.9,49.1,113.6,120.0,6.3,3,4.9,1,40.2,40.4,0,AFTERNOON,WEEKDAY,15.9
FREIGHT,LOW,54.1,33.5,0.9,75.0,2.1,1,4.9,3,73.6,62.9,2,EVENING,WEEKDAY,29.4
LOCAL,MEDIUM,53.3,39.5,84.3,90.0,2.5,1,4.1,1,66.8,59.9,0,MORNING,WEEKDAY,11.0
FREIGHT,MEDIUM,164.4,21.4,27.6,75.0,1.6,1,3.0,2,70.6,57.9,1,MORNING,WEEKDAY,14.6
LOCAL,MEDIUM,95.5,63.8,73.7,80.0,0.0,2,3.7,1,34.4,28.2,0,AFTERNOON,WEEKEND,5.0
EXPRESS,HIGH,64.8,52.3,44.0,120.0,1.9,3,3.6,3,47.9,49.6,1,AFTERNOON,WEEKDAY,14.8
EXPRESS,HIGH,120.9,18.1,45.6,120.0,2.4,0,0.0,3,66.2,57.0,1,EVENING,WEEKDAY,13.0
LOCAL,MEDIUM,33.1,7.7,66.6,90.0,0.6,1,4.1,2,81.4,76.9,0,MORNING,WEEKDAY,10.9
PASSENGER,MEDIUM,118.1,36.4,31.0,110.0,0.3,0,0.0,1,31.1,31.8,1,NIGHT,WEEKDAY,8.2
EXPRESS,HIGH,137.6,49.2,4.7,130.0,0.0,0,0.0,2,96.8,86.8,1,EVENING,WEEKDAY,14.5
PASSENGER,MEDIUM,120.9,92.6,86.0,100.0,1.3,1,4.2,1,66.2,66.9,0,MORNING,WEEKEND,8.6
LOCAL,LOW,86.6,50.5,85.3,90.0,2.0,0,0.0,2,41.5,44.7,0,AFTERNOON,WEEKEND,7.7
LOCAL,LOW,161.2,5.3,67.0,80.0,0.6,0,0.0,2,71.5,66.8,0,EVENING,WEEKDAY,12.1
EXPRESS,MEDIUM,78.5,72.9,52.9,120.0,0.0,3,4.9,1,39.1,35.8,1,AFTERNOON,WEEKDAY,14.8
PASSENGER,MEDIUM,118.3,49.5,6.6,100.0,0.0,3,2.6,3,91.7,86.3,1,MORNING,WEEKDAY,20.5
EXPRESS,HIGH,172.6,44.5,31.6,120.0,0.0,2,4.4,2,36.9,39.3,1,NIGHT,WEEKEND,11.4
EXPRESS,HIGH,146.0,15.9,13.5,140.0,0.0,0,0.0,2,17.8,15.3,2,AFTERNOON,WEEKDAY,8.5
PASSENGER,MEDIUM,172.3,52.7,5.8,110.0,0.0,1,3.1,1,26.2,28.4,1,MORNING,WEEKEND,9.4
PASSENGER,MEDIUM,113.6,9.1,36.5,100.0,0.6,0,0.0,1,10.0,17.5,1,AFTERNOON,WEEKDAY,5.6
LOCAL,LOW,128.2,30.5,12.5,80.0,3.4,1,2.8,3,50.5,44.8,1,EVENING,WEEKDAY,20.2
PASSENGER,MEDIUM,42.0,84.0,2.2,100.0,0.3,4,4.9,1,76.4,71.1,1,MORNING,WEEKDAY,25.8
EXPRESS,HIGH,176.9,66.9,121.7,140.0,1.6,1,2.4,1,58.2,63.2,0,NIGHT,WEEKDAY,5.1
LOCAL,HIGH,122.6,74.0,28.9,90.0,0.0,1,2.1,2,50.4,49.9,2,NIGHT,WEEKDAY,12.8
FREIGHT,LOW,76.5,25.1,50.5,65.0,2.5,1,3.8,4,56.9,57.1,0,EVENING,WEEKDAY,16.3
EXPRESS,HIGH,123.8,24.2,95.4,120.0,0.0,0,0.0,3,85.4,82.4,0,MORNING,WEEKDAY,8.1
PASSENGER,MEDIUM,118.7,53.4,21.1,110.0,0.4,2,2.5,2,63.0,49.7,2,MORNING,WEEKDAY,18.7
LOCAL,MEDIUM,46.3,34.9,10.9,80.0,6.3,0,0.0,2,63.9,53.9,2,EVENING,WEEKDAY,23.7
PASSENGER,MEDIUM,43.7,21.3,22.1,100.0,2.0,0,0.0,4,78.0,78.3,1,MORNING,WEEKDAY,18.9
EXPRESS,HIGH,31.6,88.2,97.3,110.0,1.3,5,3.7,1,40.3,38.5,0,AFTERNOON,WEEKDAY,9.7
LOCAL,MEDIUM,93.6,91.1,25.6,90.0,0.0,4,3.7,3,56.5,50.9,1,EVENING,WEEKDAY,21.1
LOCAL,LOW,30.9,36.8,65.6,80.0,0.0,0,0.0,2,49.3,52.5,0,MORNING,WEEKDAY,9.3
LOCAL,MEDIUM,63.4,74.3,25.2,80.0,11.1,3,3.8,2,30.5,27.5,2,AFTERNOON,WEEKEND,28.6
EXPRESS,HIGH,137.2,39.1,71.1,120.0,0.1,1,4.6,2,84.7,80.6,0,EVENING,WEEKDAY,10.2
FREIGHT,LOW,88.6,91.7,14.0,65.0,0.8,5,1.5,3,59.4,52.2,1,EVENING,WEEKDAY,22.4
EXPRESS,HIGH,82.9,69.5,98.2,130.0,2.9,0,0.0,2,78.0,77.4,0,MORNING,WEEKDAY,12.5
FREIGHT,LOW,142.6,79.9,62.8,65.0,3.3,3,2.3,1,64.2,63.2,0,AFTERNOON,WEEKEND,10.3
EXPRESS,HIGH,43.7,52.3,11.7,120.0,1.8,1,3.3,2,20.6,17.0,1,EVENING,WEEKEND,10.7
EXPRESS,HIGH,153.0,75.2,45.8,130.0,0.1,2,4.1,2,56.7,56.6,1,EVENING,WEEKDAY,14.6
LOCAL,MEDIUM,81.3,10.8,2.9,80.0,0.0,0,0.0,2,76.0,76.2,1,EVENING,WEEKDAY,12.9
EXPRESS,HIGH,99.1,48.8,121.3,140.0,0.8,0,0.0,3,63.2,58.2,0,MORNING,WEEKDAY,9.0
PASSENGER,MEDIUM,119.5,70.3,32.2,110.0,1.9,0,0.0,2,30.1,31.6,3,AFTERNOON,WEEKDAY,19.8
PASSENGER,HIGH,105.6,7.7,27.5,100.0,0.7,1,2.4,2,98.0,93.4,2,MORNING,WEEKDAY,13.1
EXPRESS,HIGH,68.5,76.3,90.2,120.0,4.5,2,2.4,3,97.3,84.5,0,EVENING,WEEKDAY,14.1
EXPRESS,HIGH,77.7,48.8,105.5,110.0,0.0,1,3.2,2,42.1,37.9,0,MORNING,WEEKEND,4.7
EXPRESS,HIGH,58.5,76.8,113.3,130.0,0.5,3,4.9,2,61.8,63.9,0,EVENING,WEEKDAY,13.9
EXPRESS,HIGH,162.5,18.0,109.9,140.0,1.7,1,3.4,1,56.1,44.4,0,AFTERNOON,WEEKDAY,5.5
EXPRESS,HIGH,50.4,50.4,47.2,130.0,4.9,2,4.8,4,98.0,93.6,1,EVENING,WEEKDAY,25.5
FREIGHT,MEDIUM,97.7,66.8,58.8,75.0,4.4,4,1.6,1,33.1,33.0,0,MORNING,WEEKEND,9.4
FREIGHT,LOW,108.3,84.7,14.7,65.0,1.4,1,3.1,3,81.6,71.8,2,MORNING,WEEKDAY,29.9
PASSENGER,MEDIUM,30.7,17.5,9.0,110.0,3.2,0,0.0,2,29.5,28.9,2,AFTERNOON,WEEKDAY,15.4
PASSENGER,HIGH,69.3,61.7,31.3,100.0,0.0,2,4.7,1,84.1,76.2,1,MORNING,WEEKEND,12.5
FREIGHT,LOW,126.5,62.1,3.0,75.0,2.4,4,3.2,1,84.9,83.2,1,EVENING,WEEKDAY,25.3
PASSENGER,HIGH,145.6,6.2,46.7,110.0,0.0,1,3.8,2,61.6,55.2,2,AFTERNOON,WEEKDAY,10.3
LOCAL,LOW,41.8,16.2,86.5,90.0,6.7,0,0.0,2,70.0,66.9,0,MORNING,WEEKDAY,17.6
PASSENGER,MEDIUM,104.6,82.2,101.9,110.0,0.6,0,0.0,3,35.6,32.5,0,EVENING,WEEKDAY,7.9
PASSENGER,MEDIUM,104.2,71.1,36.8,100.0,1.0,4,5.0,2,54.4,47.9,1,EVENING,WEEKDAY,21.4
PASSENGER,MEDIUM,121.0,46.5,106.1,110.0,0.8,2,2.7,1,25.0,24.8,0,AFTERNOON,WEEKDAY,1.0
FREIGHT,LOW,115.9,26.4,3.3,75.0,0.0,0,0.0,2,84.4,82.2,2,EVENING,WEEKDAY,24.3
PASSENGER,MEDIUM,127.2,78.0,47.6,110.0,0.0,1,1.9,2,30.7,32.7,1,EVENING,WEEKDAY,13.1
EXPRESS,MEDIUM,32.7,10.4,23.0,110.0,0.6,1,2.8,4,75.2,64.9,1,MORNING,WEEKDAY,16.1
FREIGHT,LOW,178.4,22.7,29.7,75.0,0.0,1,2.6,2,92.3,82.3,2,EVENING,WEEKDAY,24.2
LOCAL,LOW,53.8,20.8,28.7,90.0,2.9,1,2.9,2,66.8,62.4,1,EVENING,WEEKDAY,19.3
EXPRESS,MEDIUM,178.8,53.8,39.5,140.0,0.0,0,0.0,2,91.2,90.5,1,EVENING,WEEKDAY,16.1
PASSENGER,HIGH,167.3,22.2,95.2,100.0,1.0,0,0.0,1,54.3,58.9,0,AFTERNOON,WEEKEND,3.5
PASSENGER,MEDIUM,157.9,70.3,6.3,110.0,0.0,4,3.6,1,34.8,42.5,1,EVENING,WEEKEND,16.0
FREIGHT,LOW,116.9,64.0,32.9,75.0,0.0,4,3.2,4,52.3,51.0,2,MORNING,WEEKDAY,27.9
EXPRESS,HIGH,149.4,29.7,89.5,110.0,0.0,0,0.0,2,89.8,90.7,0,EVENING,WEEKDAY,8.8
LOCAL,LOW,31.2,82.3,78.0,90.0,5.8,5,2.1,2,23.9,17.0,0,EVENING,WEEKEND,9.8
FREIGHT,LOW,39.3,76.3,32.2,75.0,1.1,2,2.2,1,63.8,66.4,1,MORNING,WEEKDAY,18.1
EXPRESS,HIGH,58.4,63.9,37.5,120.0,9.9,0,0.0,3,60.6,63.5,1,EVENING,WEEKDAY,24.0
EXPRESS,HIGH,165.5,39.3,112.5,130.0,0.0,0,0.0,1,30.7,30.9,0,AFTERNOON,WEEKDAY,2.5
PASSENGER,MEDIUM,114.1,89.7,106.0,110.0,4.9,1,3.3,1,10.0,10.5,0,NIGHT,WEEKDAY,4.8
LOCAL,LOW,116.3,60.6,27.4,80.0,0.0,3,4.6,2,84.7,86.3,1,EVENING,WEEKDAY,25.0
FREIGHT,MEDIUM,37.4,24.6,34.9,65.0,0.0,0,0.0,4,93.3,88.5,0,MORNING,WEEKDAY,13.8
EXPRESS,HIGH,42.1,9.0,59.9,110.0,0.3,0,0.0,2,83.5,83.0,0,EVENING,WEEKDAY,8.8
PASSENGER,MEDIUM,106.5,58.5,6.9,110.0,1.8,2,5.0,4,66.3,60.9,1,MORNING,WEEKDAY,25.1
EXPRESS,MEDIUM,75.7,85.7,45.1,120.0,3.0,5,3.3,2,60.1,64.7,3,NIGHT,WEEKDAY,28.2
EXPRESS,HIGH,112.8,49.3,4.6,120.0,1.4,3,4.8,3,69.0,63.1,2,AFTERNOON,WEEKEND,21.8
LOCAL,LOW,113.6,23.8,25.8,80.0,4.7,0,0.0,2,74.0,71.3,3,EVENING,WEEKDAY,32.9
LOCAL,LOW,69.8,16.6,88.5,90.0,0.6,1,2.9,1,47.2,43.8,0,EVENING,WEEKEND,5.2
EXPRESS,MEDIUM,177.6,94.0,129.9,140.0,2.7,1,3.7,1,43.6,44.3,0,AFTERNOON,WEEKEND,7.1
PASSENGER,HIGH,167.0,85.0,66.2,100.0,0.0,5,2.9,3,79.2,69.6,0,EVENING,WEEKDAY,11.3
PASSENGER,MEDIUM,105.7,41.9,16.9,110.0,1.3,0,0.0,1,34.4,32.6,1,AFTERNOON,WEEKDAY,11.8
PASSENGER,MEDIUM,164.6,71.0,59.6,110.0,5.3,4,4.1,3,77.5,76.2,0,EVENING,WEEKDAY,23.4
PASSENGER,LOW,134.0,31.4,4.8,100.0,0.0,2,3.6,2,78.6,79.4,2,EVENING,WEEKDAY,25.1
PASSENGER,MEDIUM,66.0,25.3,40.1,100.0,3.4,0,0.0,2,24.3,22.6,1,AFTERNOON,WEEKDAY,10.7
LOCAL,MEDIUM,57.6,30.4,62.0,80.0,4.2,0,0.0,2,17.1,13.7,0,EVENING,WEEKEND,7.2
EXPRESS,HIGH,58.9,25.5,8.2,110.0,0.0,1,3.0,2,41.0,35.3,1,EVENING,WEEKEND,8.3
FREIGHT,LOW,61.7,15.8,59.0,75.0,1.3,0,0.0,3,60.2,57.2,0,MORNING,WEEKDAY,12.5
PASSENGER,HIGH,107.1,64.3,30.8,100.0,0.0,2,2.4,2,57.8,55.7,2,EVENING,WEEKEND,12.5
EXPRESS,HIGH,154.3,92.7,32.6,110.0,0.2,2,3.7,2,63.3,55.1,2,EVENING,WEEKDAY,19.1
PASSENGER,MEDIUM,139.1,50.4,108.2,110.0,0.0,0,0.0,1,50.5,57.4,0,AFTERNOON,WEEKDAY,3.3
LOCAL,MEDIUM,76.1,28.1,15.7,90.0,11.3,0,0.0,2,72.1,64.3,1,EVENING,WEEKDAY,24.8
LOCAL,LOW,158.2,50.5,2.6,90.0,0.0,2,1.9,2,45.6,50.2,3,EVENING,WEEKEND,25.9
PASSENGER,MEDIUM,171.3,20.2,42.6,100.0,0.8,1,2.3,3,25.7,22.6,1,MORNING,WEEKDAY,12.0
EXPRESS,HIGH,144.3,39.1,6.2,120.0,3.2,1,3.5,1,78.3,75.7,1,NIGHT,WEEKDAY,13.9
EXPRESS,HIGH,156.2,84.5,50.7,130.0,0.0,5,2.1,4,70.7,56.1,3,MORNING,WEEKDAY,21.0
LOCAL,MEDIUM,119.8,40.5,67.0,90.0,0.0,2,1.8,3,81.1,77.4,0,EVENING,WEEKDAY,12.0
EXPRESS,HIGH,51.5,69.6,100.8,110.0,0.2,3,4.8,1,58.4,59.7,0,NIGHT,WEEKDAY,9.0
EXPRESS,HIGH,86.1,17.2,53.1,140.0,2.0,1,2.0,2,90.0,84.3,1,EVENING,WEEKDAY,12.5
PASSENGER,MEDIUM,142.4,84.4,43.7,110.0,0.6,5,3.3,2,65.2,66.0,1,AFTERNOON,WEEKEND,18.0
EXPRESS,HIGH,177.2,41.4,47.1,130.0,1.9,0,0.0,3,88.1,80.1,1,EVENING,WEEKDAY,14.2
EXPRESS,HIGH,152.0,81.0,8.5,130.0,1.8,5,2.1,1,31.3,24.9,1,AFTERNOON,WEEKDAY,11.6
LOCAL,LOW,70.8,68.7,65.6,90.0,0.3,0,0.0,2,85.4,79.9,0,MORNING,WEEKDAY,14.7
FREIGHT,LOW,152.2,50.6,68.0,75.0,0.0,3,4.0,1,64.1,72.5,0,EVENING,WEEKEND,10.6
EXPRESS,HIGH,37.7,62.7,49.2,110.0,1.2,2,2.6,1,90.0,90.7,1,EVENING,WEEKDAY,12.5
LOCAL,MEDIUM,126.4,14.2,33.2,80.0,0.8,1,2.4,3,26.8,24.7,1,AFTERNOON,WEEKDAY,11.0
EXPRESS,MEDIUM,95.9,61.2,16.4,120.0,4.7,1,2.6,3,73.2,69.4,2,MORNING,WEEKDAY,26.8
PASSENGER,MEDIUM,87.2,48.9,16.6,110.0,1.1,0,0.0,1,79.1,79.4,1,EVENING,WEEKEND,13.5
PASSENGER,HIGH,171.5,22.2,43.9,100.0,0.0,1,2.6,2,28.7,28.3,3,EVENING,WEEKEND,10.1
LOCAL,MEDIUM,56.5,76.8,62.8,80.0,2.2,2,4.0,1,67.5,66.4,0,NIGHT,WEEKDAY,10.8
PASSENGER,MEDIUM,141.8,26.4,11.9,100.0,0.0,0,0.0,2,81.3,74.5,2,MORNING,WEEKDAY,18.3
FREIGHT,LOW,82.9,18.4,28.1,75.0,0.0,0,0.0,2,66.7,58.9,1,NIGHT,WEEKDAY,14.1
LOCAL,LOW,173.0,35.0,30.1,90.0,1.3,2,1.5,2,10.0,6.7,3,AFTERNOON,WEEKEND,20.6
LOCAL,MEDIUM,158.6,14.3,60.6,80.0,0.0,1,4.3,1,38.6,36.9,0,NIGHT,WEEKDAY,3.4
LOCAL,LOW,167.5,90.7,63.2,80.0,0.0,2,4.6,1,66.9,60.6,0,EVENING,WEEKEND,10.9
FREIGHT,LOW,111.4,13.2,61.4,75.0,0.0,1,3.0,1,63.3,63.7,0,AFTERNOON,WEEKEND,7.5
FREIGHT,LOW,116.1,49.0,31.2,75.0,0.5,0,0.0,2,74.1,65.2,1,MORNING,WEEKDAY,19.2
PASSENGER,MEDIUM,107.9,11.0,32.7,100.0,0.0,1,4.8,2,29.0,24.2,1,AFTERNOON,WEEKDAY,10.7
LOCAL,LOW,139.7,29.4,73.2,90.0,10.3,0,0.0,1,38.0,45.3,0,NIGHT,WEEKDAY,14.5
EXPRESS,HIGH,56.8,7.1,10.2,140.0,3.3,1,1.8,2,91.7,88.3,1,EVENING,WEEKDAY,12.6
LOCAL,LOW,91.6,29.1,17.5,90.0,5.0,1,2.7,2,87.8,78.5,1,MORNING,WEEKDAY,24.7
PASSENGER,HIGH,67.0,78.4,25.5,100.0,0.4,5,5.0,2,56.8,54.6,1,NIGHT,WEEKDAY,21.2
PASSENGER,HIGH,50.8,73.0,34.7,100.0,8.0,2,1.6,2,74.5,69.5,1,MORNING,WEEKDAY,22.1
EXPRESS,HIGH,126.0,22.9,122.0,140.0,0.0,0,0.0,1,31.7,34.8,0,AFTERNOON,WEEKEND,1.5
LOCAL,MEDIUM,64.2,33.3,65.1,80.0,8.7,1,1.5,1,61.8,61.2,0,EVENING,WEEKEND,13.7
EXPRESS,HIGH,174.8,25.0,43.7,140.0,7.0,0,0.0,3,57.0,57.2,2,AFTERNOON,WEEKDAY,19.5
EXPRESS,HIGH,159.7,19.1,118.4,130.0,1.2,1,1.5,1,36.6,37.7,0,MORNING,WEEKEND,2.7
EXPRESS,HIGH,177.9,22.5,22.3,110.0,4.8,0,0.0,2,11.5,3.2,3,NIGHT,WEEKDAY,16.2
PASSENGER,MEDIUM,68.4,91.6,0.3,100.0,0.0,5,4.8,3,22.3,22.0,3,NIGHT,WEEKEND,32.3
PASSENGER,HIGH,128.5,13.5,34.8,110.0,0.0,1,3.0,3,78.7,65.1,1,MORNING,WEEKDAY,12.0
EXPRESS,HIGH,99.5,94.2,61.9,130.0,0.2,0,0.0,3,78.1,69.8,0,EVENING,WEEKDAY,12.8
EXPRESS,HIGH,145.7,41.7,14.6,140.0,0.7,2,2.8,3,17.5,13.5,1,NIGHT,WEEKDAY,8.9
EXPRESS,HIGH,41.6,9.1,7.4,110.0,1.7,0,0.0,3,77.1,68.2,2,EVENING,WEEKDAY,15.7
EXPRESS,HIGH,70.2,59.0,129.4,130.0,2.4,0,0.0,1,11.6,11.2,0,AFTERNOON,WEEKDAY,2.4
EXPRESS,HIGH,37.8,60.2,7.6,130.0,1.0,0,0.0,2,84.6,78.8,1,EVENING,WEEKDAY,15.5
EXPRESS,HIGH,137.2,9.8,45.5,130.0,5.9,1,3.1,3,67.3,63.4,2,AFTERNOON,WEEKDAY,19.3
LOCAL,LOW,78.9,20.9,79.1,80.0,14.8,0,0.0,1,42.0,43.9,0,EVENING,WEEKEND,18.7
PASSENGER,MEDIUM,83.7,83.4,14.6,110.0,0.6,3,4.8,2,49.3,51.8,3,AFTERNOON,WEEKDAY,28.9
LOCAL,LOW,108.8,48.4,12.9,90.0,0.0,2,4.6,2,40.0,39.4,1,EVENING,WEEKEND,17.9
EXPRESS,HIGH,56.0,94.7,32.8,130.0,0.2,2,4.6,2,61.0,58.2,3,MORNING,WEEKDAY,21.6
EXPRESS,HIGH,65.6,62.2,122.4,140.0,0.0,0,0.0,3,39.3,36.8,0,EVENING,WEEKEND,5.7
PASSENGER,MEDIUM,112.7,71.2,84.5,100.0,0.0,3,2.1,1,29.1,28.2,0,NIGHT,WEEKDAY,3.8
EXPRESS,MEDIUM,63.7,7.4,52.4,120.0,2.5,0,0.0,2,24.3,23.0,1,NIGHT,WEEKDAY,10.3
PASSENGER,MEDIUM,58.7,75.8,40.4,100.0,0.0,4,4.6,2,19.8,13.8,2,EVENING,WEEKEND,20.2
EXPRESS,HIGH,76.4,74.6,86.5,130.0,0.0,3,4.1,1,74.7,72.6,0,NIGHT,WEEKDAY,10.2
EXPRESS,MEDIUM,164.3,45.4,20.1,120.0,4.5,0,0.0,2,34.4,27.7,1,AFTERNOON,WEEKDAY,15.3
EXPRESS,HIGH,106.1,31.3,52.9,130.0,0.7,1,2.0,2,98.0,96.1,1,MORNING,WEEKDAY,10.9
EXPRESS,HIGH,85.4,44.9,1.7,140.0,4.3,0,0.0,2,35.4,44.1,1,AFTERNOON,WEEKDAY,12.2
PASSENGER,MEDIUM,108.3,88.5,47.9,110.0,0.0,1,2.7,2,72.7,76.0,0,MORNING,WEEKDAY,12.1
LOCAL,LOW,163.4,68.8,76.0,80.0,4.6,1,4.5,1,39.8,41.5,0,AFTERNOON,WEEKEND,10.5
EXPRESS,HIGH,53.3,22.2,11.3,120.0,1.5,1,3.0,2,26.2,17.4,1,NIGHT,WEEKDAY,7.2
PASSENGER,HIGH,160.7,88.8,88.5,110.0,0.0,4,1.5,1,10.0,6.5,0,AFTERNOON,WEEKDAY,1.4
EXPRESS,HIGH,60.2,67.3,77.0,130.0,0.4,2,1.5,1,81.8,78.9,0,MORNING,WEEKDAY,8.3
EXPRESS,HIGH,143.3,84.7,88.2,120.0,1.4,1,4.6,3,72.3,67.3,0,EVENING,WEEKDAY,13.4
LOCAL,MEDIUM,42.4,70.2,61.5,80.0,0.0,4,1.8,1,18.0,10.5,0,NIGHT,WEEKDAY,2.2
EXPRESS,MEDIUM,115.8,86.3,23.3,120.0,4.5,2,4.2,1,40.1,41.1,1,EVENING,WEEKEND,19.1
FREIGHT,LOW,87.3,85.7,67.6,75.0,1.2,0,0.0,2,32.1,32.3,0,NIGHT,WEEKDAY,6.6
EXPRESS,HIGH,73.5,21.7,22.0,120.0,0.0,1,4.9,2,60.5,64.9,1,MORNING,WEEKEND,9.9
LOCAL,MEDIUM,133.4,48.5,82.9,90.0,2.1,0,0.0,1,38.7,29.0,0,NIGHT,WEEKDAY,4.7
EXPRESS,HIGH,120.2,39.3,94.3,110.0,4.2,0,0.0,2,40.2,30.5,0,MORNING,WEEKDAY,10.4
EXPRESS,HIGH,105.5,13.6,101.4,110.0,1.0,1,3.5,1,16.8,19.4,0,EVENING,WEEKEND,3.4
PASSENGER,MEDIUM,113.0,11.9,75.6,100.0,6.1,0,0.0,1,12.0,17.2,0,AFTERNOON,WEEKDAY,8.6
EXPRESS,HIGH,38.0,16.4,21.2,120.0,2.4,1,3.6,2,78.2,64.8,1,MORNING,WEEKDAY,12.9
EXPRESS,HIGH,164.8,67.7,125.3,140.0,14.4,3,2.6,1,29.6,28.2,0,AFTERNOON,WEEKEND,15.6
PASSENGER,MEDIUM,85.7,34.4,1.1,100.0,15.6,1,2.3,2,15.4,17.2,3,NIGHT,WEEKDAY,33.0
FREIGHT,LOW,112.9,6.6,40.9,65.0,0.0,0,0.0,3,90.6,86.1,0,EVENING,WEEKDAY,14.9
EXPRESS,HIGH,102.9,11.5,96.0,110.0,0.8,1,3.0,1,36.2,39.9,0,AFTERNOON,WEEKEND,3.6
EXPRESS,MEDIUM,89.5,49.9,14.6,120.0,2.7,0,0.0,2,13.7,11.2,2,AFTERNOON,WEEKEND,15.8
EXPRESS,HIGH,178.6,85.0,114.7,130.0,1.1,2,3.5,1,52.5,56.9,0,AFTERNOON,WEEKDAY,5.0
PASSENGER,MEDIUM,179.2,23.8,92.3,110.0,0.0,1,1.5,2,45.0,39.0,0,EVENING,WEEKEND,5.8
LOCAL,MEDIUM,139.6,73.9,60.3,80.0,0.0,0,0.0,2,67.5,65.1,0,MORNING,WEEKEND,8.7
FREIGHT,MEDIUM,62.6,33.5,63.1,75.0,0.3,1,3.3,1,13.5,12.7,0,EVENING,WEEKEND,3.3
PASSENGER,HIGH,140.0,57.2,104.4,110.0,1.0,0,0.0,1,56.2,51.7,0,AFTERNOON,WEEKDAY,3.2
EXPRESS,HIGH,153.4,93.0,38.0,140.0,0.0,0,0.0,2,92.3,98.7,3,MORNING,WEEKDAY,19.4
PASSENGER,MEDIUM,59.1,52.0,14.5,100.0,5.9,2,2.1,2,40.5,45.0,1,AFTERNOON,WEEKDAY,18.3
PASSENGER,MEDIUM,163.5,44.8,91.0,110.0,3.0,2,4.5,3,85.1,80.8,0,MORNING,WEEKDAY,18.1
EXPRESS,HIGH,55.8,44.9,102.0,110.0,0.9,2,2.9,4,59.6,47.8,0,MORNING,WEEKDAY,10.5
EXPRESS,HIGH,119.9,92.5,98.2,130.0,0.0,5,1.9,1,43.6,41.8,0,NIGHT,WEEKEND,5.1
LOCAL,MEDIUM,121.0,24.5,9.4,80.0,0.0,0,0.0,3,64.5,59.4,1,EVENING,WEEKDAY,14.0
EXPRESS,HIGH,164.3,64.1,38.5,120.0,0.0,2,3.0,3,16.7,20.3,1,NIGHT,WEEKEND,10.4
EXPRESS,HIGH,60.5,8.1,68.9,130.0,1.6,1,4.1,2,93.0,89.4,0,MORNING,WEEKDAY,9.3
LOCAL,MEDIUM,172.0,15.6,33.4,90.0,0.0,1,3.2,3,64.3,56.3,1,MORNING,WEEKDAY,14.3
LOCAL,MEDIUM,172.3,74.9,78.8,80.0,10.6,0,0.0,1,46.0,41.6,0,AFTERNOON,WEEKDAY,13.5
EXPRESS,HIGH,161.6,58.9,40.3,140.0,1.0,2,3.7,1,27.3,33.5,1,NIGHT,WEEKEND,10.5
EXPRESS,HIGH,166.8,69.1,104.3,130.0,3.3,4,1.7,1,38.2,25.0,0,AFTERNOON,WEEKDAY,6.7
EXPRESS,HIGH,165.8,25.2,8.4,130.0,6.1,0,0.0,2,24.2,15.3,1,EVENING,WEEKDAY,14.4
PASSENGER,MEDIUM,145.4,82.1,106.7,110.0,2.7,4,1.7,3,61.9,54.6,0,MORNING,WEEKDAY,13.2
EXPRESS,HIGH,117.4,21.4,11.4,140.0,0.0,0,0.0,2,63.0,51.3,2,EVENING,WEEKDAY,11.6
LOCAL,LOW,123.6,84.1,70.6,80.0,0.0,0,0.0,1,22.2,26.9,0,MORNING,WEEKEND,4.4
LOCAL,MEDIUM,68.2,61.9,31.6,80.0,0.0,2,3.1,3,29.3,25.5,1,EVENING,WEEKEND,13.7
EXPRESS,HIGH,51.3,44.4,47.2,140.0,0.0,0,0.0,3,66.9,56.8,2,EVENING,WEEKDAY,14.5
LOCAL,MEDIUM,53.5,34.3,72.2,80.0,4.4,1,3.1,2,21.4,23.8,0,AFTERNOON,WEEKEND,8.7
FREIGHT,LOW,83.9,90.4,61.6,75.0,0.5,5,2.6,3,47.7,52.3,0,MORNING,WEEKDAY,12.1
PASSENGER,MEDIUM,82.3,77.1,17.3,100.0,0.4,2,4.8,3,75.0,72.8,1,EVENING,WEEKDAY,22.9
LOCAL,MEDIUM,99.1,82.1,75.2,80.0,9.6,3,1.9,3,14.9,20.2,0,EVENING,WEEKEND,13.4
EXPRESS,HIGH,113.5,43.9,39.2,140.0,0.9,2,4.7,2,73.3,75.4,1,EVENING,WEEKDAY,16.4
EXPRESS,HIGH,162.5,25.6,100.8,120.0,0.0,0,0.0,1,59.5,62.7,0,AFTERNOON,WEEKDAY,3.5
LOCAL,MEDIUM,84.3,17.3,86.7,90.0,2.2,0,0.0,1,10.0,6.9,0,AFTERNOON,WEEKEND,3.9
PASSENGER,MEDIUM,87.3,48.2,57.0,110.0,1.0,1,4.7,2,81.7,78.5,0,AFTERNOON,WEEKDAY,11.4
LOCAL,LOW,147.2,82.8,26.4,80.0,0.1,4,2.0,2,25.3,34.5,1,MORNING,WEEKEND,13.8
EXPRESS,HIGH,72.8,80.9,97.0,120.0,0.0,5,4.2,1,50.6,48.3,0,EVENING,WEEKDAY,13.2
FREIGHT,LOW,172.6,67.6,0.8,65.0,2.6,3,3.8,2,49.7,53.3,1,AFTERNOON,WEEKEND,22.2
EXPRESS,MEDIUM,179.4,20.4,14.3,110.0,0.0,1,3.0,2,69.5,68.4,1,NIGHT,WEEKDAY,11.6
PASSENGER,HIGH,73.3,85.0,101.3,110.0,1.8,3,3.5,1,35.7,29.4,0,EVENING,WEEKDAY,9.0
PASSENGER,MEDIUM,52.4,38.1,86.3,110.0,0.0,0,0.0,1,22.2,23.6,0,NIGHT,WEEKDAY,2.3
FREIGHT,LOW,177.0,46.4,70.6,75.0,0.3,0,0.0,2,57.3,49.1,0,AFTERNOON,WEEKDAY,8.2
PASSENGER,MEDIUM,91.3,87.6,8.8,100.0,0.0,5,4.4,3,41.5,41.2,1,AFTERNOON,WEEKDAY,22.9
PASSENGER,MEDIUM,78.2,56.6,104.5,110.0,0.0,3,4.8,1,47.1,45.1,0,NIGHT,WEEKDAY,9.4
LOCAL,MEDIUM,113.4,32.3,74.6,80.0,2.6,0,0.0,1,60.5,57.4,0,MORNING,WEEKDAY,7.9
LOCAL,LOW,175.8,72.8,82.7,90.0,0.3,0,0.0,1,20.4,27.1,0,MORNING,WEEKEND,3.4
PASSENGER,HIGH,70.9,8.6,14.2,100.0,6.2,1,4.1,2,20.0,19.1,1,MORNING,WEEKDAY,15.1
EXPRESS,HIGH,79.4,84.3,28.7,120.0,8.1,4,2.5,2,41.7,40.0,1,NIGHT,WEEKDAY,19.5
EXPRESS,HIGH,156.3,47.1,29.5,130.0,2.2,3,4.0,1,56.6,52.8,1,AFTERNOON,WEEKEND,14.0
EXPRESS,HIGH,173.5,73.7,15.8,120.0,4.8,3,2.7,3,38.4,38.4,1,EVENING,WEEKDAY,19.3
EXPRESS,HIGH,84.0,72.7,7.3,140.0,6.5,0,0.0,1,89.0,82.6,1,MORNING,WEEKDAY,19.2
FREIGHT,LOW,105.3,17.0,10.6,75.0,4.5,1,1.9,3,73.3,69.6,1,EVENING,WEEKDAY,23.2
PASSENGER,MEDIUM,56.7,53.4,0.1,110.0,0.0,0,0.0,2,93.2,79.5,1,MORNING,WEEKDAY,17.3
LOCAL,MEDIUM,106.7,82.9,40.1,90.0,0.0,2,4.5,2,25.1,33.1,1,NIGHT,WEEKDAY,13.4
PASSENGER,MEDIUM,173.1,94.7,30.2,110.0,0.1,4,5.0,2,71.3,63.8,1,EVENING,WEEKDAY,26.0
PASSENGER,MEDIUM,173.9,43.6,82.9,110.0,1.4,0,0.0,1,41.3,35.7,0,MORNING,WEEKDAY,7.5
PASSENGER,MEDIUM,36.0,84.4,8.7,110.0,0.0,5,1.7,3,53.5,49.2,1,EVENING,WEEKDAY,19.1
FREIGHT,LOW,159.1,69.0,55.0,65.0,0.0,0,0.0,1,74.7,65.0,0,MORNING,WEEKDAY,10.9
LOCAL,MEDIUM,127.2,46.7,88.8,90.0,8.6,2,4.0,1,62.7,70.8,0,AFTERNOON,WEEKDAY,15.0
EXPRESS,HIGH,107.6,74.3,123.9,130.0,0.0,2,3.3,1,38.4,25.7,0,EVENING,WEEKEND,3.0
EXPRESS,MEDIUM,175.7,86.1,106.1,140.0,12.6,5,2.8,1,25.7,26.9,0,NIGHT,WEEKDAY,16.7
FREIGHT,LOW,79.6,5.9,17.6,75.0,0.0,1,4.4,3,90.1,82.6,1,MORNING,WEEKDAY,20.5
PASSENGER,MEDIUM,40.6,86.1,34.4,100.0,0.0,3,2.6,4,50.4,49.3,1,EVENING,WEEKDAY,19.3
EXPRESS,MEDIUM,164.1,8.4,110.4,120.0,14.0,1,2.4,1,56.1,60.1,0,NIGHT,WEEKDAY,18.1
EXPRESS,HIGH,176.4,5.1,99.3,130.0,0.0,0,0.0,2,21.4,23.5,0,EVENING,WEEKEND,4.2
PASSENGER,LOW,42.7,28.6,99.8,110.0,0.0,0,0.0,1,35.9,27.8,0,NIGHT,WEEKDAY,3.5
EXPRESS,HIGH,149.6,61.5,107.5,110.0,0.0,1,2.2,1,66.2,63.0,0,NIGHT,WEEKDAY,3.0
FREIGHT,MEDIUM,91.2,71.5,16.4,65.0,0.0,4,4.7,4,59.3,50.5,1,EVENING,WEEKDAY,25.1
LOCAL,MEDIUM,76.4,69.4,76.2,90.0,0.0,2,3.8,1,45.9,46.4,0,MORNING,WEEKEND,5.6
FREIGHT,LOW,35.9,21.7,65.6,75.0,1.4,1,3.9,2,40.7,47.6,0,MORNING,WEEKEND,8.0
PASSENGER,MEDIUM,118.0,43.1,91.4,110.0,7.0,1,2.0,1,54.4,56.7,0,MORNING,WEEKDAY,12.6
FREIGHT,LOW,53.1,32.6,0.4,75.0,1.3,2,2.5,2,48.9,45.2,1,EVENING,WEEKDAY,17.8
EXPRESS,HIGH,119.1,6.9,10.1,130.0,0.1,1,2.4,3,96.6,90.0,2,EVENING,WEEKDAY,14.8
EXPRESS,HIGH,75.3,83.5,7.6,130.0,0.4,1,2.4,3,33.9,29.5,1,NIGHT,WEEKEND,13.8
PASSENGER,MEDIUM,88.6,80.2,87.6,110.0,0.6,5,3.5,4,66.1,69.9,0,MORNING,WEEKDAY,17.3
EXPRESS,MEDIUM,48.6,93.1,26.6,110.0,0.0,5,1.8,3,71.9,70.3,3,MORNING,WEEKDAY,26.2
PASSENGER,MEDIUM,136.8,29.9,4.7,110.0,1.0,0,0.0,3,83.3,75.1,1,MORNING,WEEKDAY,17.1
PASSENGER,MEDIUM,91.7,44.0,85.8,110.0,0.5,0,0.0,1,18.9,16.6,0,AFTERNOON,WEEKDAY,3.2
FREIGHT,LOW,60.8,74.0,59.4,65.0,5.9,0,0.0,1,44.3,42.7,0,EVENING,WEEKEND,10.1
EXPRESS,MEDIUM,38.1,7.0,31.7,110.0,6.2,1,3.5,2,66.4,66.0,1,EVENING,WEEKDAY,18.7
EXPRESS,HIGH,91.0,71.3,28.7,140.0,1.4,1,3.9,2,82.8,73.6,1,MORNING,WEEKDAY,16.7
LOCAL,MEDIUM,127.1,46.7,10.1,80.0,0.0,0,0.0,2,10.0,7.1,2,MORNING,WEEKEND,13.2
EXPRESS,HIGH,125.6,7.0,40.3,130.0,10.6,1,4.1,1,13.8,14.7,1,AFTERNOON,WEEKEND,15.1
FREIGHT,LOW,86.3,70.4,49.9,65.0,0.0,3,2.5,1,34.5,38.6,0,EVENING,WEEKEND,5.2
PASSENGER,MEDIUM,167.7,58.7,89.4,100.0,7.9,1,2.6,2,27.7,19.5,0,EVENING,WEEKEND,11.5
FREIGHT,LOW,84.2,69.2,14.6,65.0,0.0,0,0.0,2,92.2,87.1,2,MORNING,WEEKDAY,27.4
LOCAL,MEDIUM,84.0,93.3,71.2,80.0,3.8,3,2.4,3,33.9,36.7,0,EVENING,WEEKEND,10.5
LOCAL,MEDIUM,134.0,71.4,76.6,80.0,1.1,0,0.0,2,47.6,44.5,0,EVENING,WEEKEND,5.8
LOCAL,MEDIUM,102.3,59.0,1.7,80.0,5.6,3,3.3,3,78.2,77.0,2,MORNING,WEEKDAY,31.3
LOCAL,MEDIUM,138.9,78.6,12.8,80.0,0.0,1,2.5,3,59.2,51.9,1,MORNING,WEEKDAY,17.6
LOCAL,MEDIUM,131.0,28.7,83.4,90.0,0.4,0,0.0,1,24.2,27.6,0,MORNING,WEEKEND,2.4
PASSENGER,MEDIUM,177.3,11.4,87.6,110.0,5.9,1,3.6,1,51.0,45.2,0,EVENING,WEEKEND,11.7
FREIGHT,LOW,135.5,53.1,13.2,75.0,1.4,0,0.0,4,89.8,91.0,2,EVENING,WEEKDAY,31.2
EXPRESS,HIGH,52.9,52.0,0.4,130.0,3.5,3,4.1,2,72.3,67.2,1,NIGHT,WEEKDAY,18.4
EXPRESS,HIGH,61.5,21.9,32.2,120.0,2.0,1,3.8,2,78.5,72.9,1,MORNING,WEEKDAY,13.9
EXPRESS,HIGH,142.5,14.4,111.4,120.0,0.0,0,0.0,2,20.9,20.3,0,MORNING,WEEKEND,3.3
EXPRESS,HIGH,123.2,30.1,139.9,140.0,0.0,0,0.0,2,10.0,9.1,0,AFTERNOON,WEEKEND,1.2
EXPRESS,MEDIUM,50.3,6.7,120.8,140.0,4.5,0,0.0,1,28.8,26.8,0,AFTERNOON,WEEKEND,6.9
LOCAL,HIGH,138.5,21.3,31.0,90.0,1.3,0,0.0,1,12.7,16.1,1,NIGHT,WEEKEND,5.9
PASSENGER,MEDIUM,89.8,67.2,13.2,100.0,2.3,0,0.0,3,78.9,75.2,2,EVENING,WEEKDAY,24.5
LOCAL,MEDIUM,65.9,88.2,28.0,90.0,0.8,3,2.7,2,98.0,95.4,1,MORNING,WEEKDAY,19.9
FREIGHT,LOW,142.1,35.7,30.7,75.0,2.6,1,3.0,3,47.1,47.9,1,EVENING,WEEKDAY,19.3
PASSENGER,HIGH,32.8,20.0,28.7,100.0,6.2,0,0.0,2,35.5,32.2,1,AFTERNOON,WEEKDAY,12.4
EXPRESS,HIGH,127.0,59.6,29.7,140.0,0.9,3,4.1,3,98.0,98.5,1,EVENING,WEEKDAY,20.5
EXPRESS,HIGH,122.7,56.2,46.3,130.0,0.0,3,3.8,3,81.7,79.3,2,MORNING,WEEKDAY,18.9
EXPRESS,HIGH,157.1,83.5,117.5,120.0,1.5,4,2.9,4,59.1,52.1,0,MORNING,WEEKDAY,10.9
EXPRESS,HIGH,42.2,47.2,9.2,140.0,2.0,2,3.0,3,59.1,46.7,1,AFTERNOON,WEEKDAY,15.1
EXPRESS,HIGH,129.0,82.2,94.8,110.0,4.2,1,2.1,1,31.8,31.3,0,MORNING,WEEKEND,6.0
EXPRESS,HIGH,38.2,78.6,22.8,110.0,0.3,2,4.2,2,37.8,34.3,2,EVENING,WEEKDAY,18.9
EXPRESS,HIGH,30.0,84.7,99.8,130.0,0.0,4,2.8,3,74.2,68.3,0,MORNING,WEEKDAY,10.4
EXPRESS,HIGH,158.5,55.5,4.1,120.0,0.0,2,4.2,3,79.4,73.4,3,EVENING,WEEKDAY,22.9
EXPRESS,MEDIUM,66.4,66.5,7.3,120.0,0.7,3,2.4,1,43.0,43.9,1,EVENING,WEEKEND,12.7
PASSENGER,MEDIUM,129.4,68.2,16.9,100.0,0.0,4,4.2,2,51.3,41.7,2,AFTERNOON,WEEKDAY,21.9
LOCAL,LOW,150.0,56.0,30.2,90.0,1.9,2,4.0,3,26.7,28.1,1,EVENING,WEEKEND,19.3
PASSENGER,MEDIUM,38.3,92.1,93.1,100.0,3.5,1,1.9,1,59.6,50.4,0,AFTERNOON,WEEKEND,8.4
EXPRESS,HIGH,100.3,26.0,29.1,110.0,2.2,0,0.0,3,74.0,72.0,1,MORNING,WEEKEND,12.4
FREIGHT,LOW,75.6,19.5,54.2,65.0,7.8,1,1.9,1,47.5,43.5,0,EVENING,WEEKEND,12.1
EXPRESS,HIGH,148.4,42.5,120.9,130.0,0.0,0,0.0,1,20.8,22.9,0,AFTERNOON,WEEKDAY,0.7
EXPRESS,HIGH,55.7,63.8,48.5,120.0,1.3,0,0.0,4,43.0,35.0,3,MORNING,WEEKDAY,19.5
EXPRESS,MEDIUM,171.7,16.9,105.4,140.0,4.5,1,2.1,1,58.4,63.5,0,AFTERNOON,WEEKDAY,8.2
PASSENGER,MEDIUM,91.6,87.0,91.7,110.0,0.0,4,3.3,2,75.2,74.2,0,EVENING,WEEKDAY,12.0
EXPRESS,HIGH,104.4,22.8,56.2,140.0,1.5,1,4.6,2,80.2,75.4,2,EVENING,WEEKDAY,15.0
PASSENGER,MEDIUM,88.4,12.1,106.4,110.0,0.0,1,4.4,1,11.0,14.4,0,AFTERNOON,WEEKDAY,2.1
EXPRESS,HIGH,146.9,32.3,111.2,120.0,0.0,0,0.0,1,41.5,54.8,0,AFTERNOON,WEEKEND,3.2
EXPRESS,MEDIUM,84.1,42.5,133.6,140.0,1.1,1,2.7,2,26.4,25.0,0,AFTERNOON,WEEKDAY,3.6
PASSENGER,MEDIUM,122.2,8.9,26.4,100.0,0.0,1,4.4,2,62.1,55.6,2,MORNING,WEEKEND,15.4
LOCAL,MEDIUM,170.0,60.4,19.5,90.0,6.1,3,4.0,1,24.4,17.7,1,NIGHT,WEEKDAY,17.4
LOCAL,MEDIUM,133.1,87.3,81.6,90.0,1.0,0,0.0,2,37.5,37.9,0,MORNING,WEEKDAY,6.9
FREIGHT,LOW,123.3,92.0,2.4,65.0,0.4,4,4.4,3,87.9,83.6,1,EVENING,WEEKDAY,32.4
EXPRESS,HIGH,172.7,93.2,85.4,110.0,8.7,0,0.0,1,34.6,35.5,0,AFTERNOON,WEEKEND,11.3
EXPRESS,HIGH,80.0,93.9,126.2,130.0,0.0,4,3.2,2,53.2,55.1,0,AFTERNOON,WEEKDAY,7.7
LOCAL,LOW,59.6,78.2,86.8,90.0,0.0,0,0.0,1,22.3,20.9,0,EVENING,WEEKEND,0.0
EXPRESS,MEDIUM,167.4,78.3,105.2,120.0,8.2,2,2.0,1,65.5,60.3,0,MORNING,WEEKDAY,15.3
FREIGHT,LOW,94.4,24.3,11.3,75.0,1.4,1,4.0,2,70.0,66.3,1,MORNING,WEEKDAY,21.2
FREIGHT,LOW,76.7,60.2,72.9,75.0,6.9,3,4.0,3,63.1,63.3,0,EVENING,WEEKDAY,22.2
EXPRESS,HIGH,152.0,78.9,44.5,130.0,7.0,0,0.0,2,43.8,44.2,1,NIGHT,WEEKDAY,17.3
LOCAL,MEDIUM,132.1,21.9,36.6,90.0,0.0,1,2.4,2,69.0,66.5,2,AFTERNOON,WEEKDAY,14.7
PASSENGER,MEDIUM,78.8,90.7,8.2,100.0,1.3,1,2.6,2,30.0,23.5,2,EVENING,WEEKEND,18.0
EXPRESS,HIGH,63.6,75.7,120.8,130.0,3.7,5,4.5,1,52.6,41.7,0,EVENING,WEEKDAY,15.8
PASSENGER,MEDIUM,135.1,35.0,17.4,110.0,2.0,1,4.3,2,26.8,27.2,1,EVENING,WEEKEND,13.3
FREIGHT,LOW,152.8,46.1,19.4,65.0,0.0,1,4.8,4,75.3,76.4,1,EVENING,WEEKDAY,23.5
LOCAL,LOW,146.5,13.1,70.1,80.0,0.1,0,0.0,1,58.8,57.9,0,EVENING,WEEKEND,6.2
FREIGHT,LOW,147.0,30.0,70.8,75.0,0.0,2,4.5,1,37.4,44.1,0,EVENING,WEEKEND,7.7
PASSENGER,MEDIUM,66.1,89.7,6.6,110.0,0.0,0,0.0,2,89.1,84.8,2,MORNING,WEEKDAY,24.0
PASSENGER,MEDIUM,176.0,6.8,3.6,100.0,0.0,0,0.0,3,98.0,89.7,2,MORNING,WEEKDAY,17.3
EXPRESS,HIGH,157.5,66.5,35.5,140.0,1.8,3,2.4,2,64.2,63.2,1,AFTERNOON,WEEKEND,12.6
PASSENGER,MEDIUM,68.2,79.1,39.0,110.0,7.3,5,1.8,3,84.0,79.4,3,EVENING,WEEKDAY,32.1
FREIGHT,LOW,84.3,65.6,20.7,65.0,0.0,0,0.0,3,68.4,64.5,1,MORNING,WEEKDAY,20.3
EXPRESS,HIGH,177.0,85.5,105.9,120.0,4.5,3,4.1,1,46.0,42.0,0,AFTERNOON,WEEKDAY,10.1
EXPRESS,HIGH,175.4,94.8,61.0,140.0,0.0,3,5.0,1,11.4,17.1,1,MORNING,WEEKEND,13.2
PASSENGER,MEDIUM,41.3,52.5,99.0,100.0,0.0,2,2.8,1,21.9,21.5,0,NIGHT,WEEKDAY,1.8
LOCAL,LOW,66.6,46.3,74.9,80.0,0.0,0,0.0,1,36.1,27.1,0,EVENING,WEEKEND,3.0
PASSENGER,MEDIUM,97.1,60.9,2.6,100.0,0.0,2,1.8,2,49.4,41.9,1,MORNING,WEEKDAY,15.2
PASSENGER,MEDIUM,100.4,7.9,88.9,100.0,0.0,0,0.0,3,40.9,32.1,0,AFTERNOON,WEEKDAY,4.2
EXPRESS,HIGH,100.0,14.4,7.8,110.0,0.0,0,0.0,2,34.2,35.8,1,MORNING,WEEKEND,6.4
PASSENGER,MEDIUM,56.1,77.6,1.8,110.0,3.7,2,3.5,2,85.6,84.5,1,MORNING,WEEKDAY,23.9
LOCAL,MEDIUM,63.2,62.1,37.5,80.0,7.1,2,1.9,4,78.0,63.0,0,EVENING,WEEKDAY,21.0
PASSENGER,HIGH,74.4,63.8,10.6,100.0,5.8,3,3.1,4,51.2,44.9,3,EVENING,WEEKDAY,27.0
LOCAL,LOW,132.7,41.9,66.0,80.0,1.4,2,2.5,2,47.1,43.2,0,AFTERNOON,WEEKEND,8.5
LOCAL,MEDIUM,170.9,83.8,12.2,90.0,3.5,0,0.0,2,77.6,73.5,1,EVENING,WEEKDAY,21.1
EXPRESS,MEDIUM,110.4,39.8,99.6,120.0,11.4,0,0.0,1,10.0,8.1,0,AFTERNOON,WEEKEND,12.0
EXPRESS,HIGH,90.7,22.2,39.4,120.0,6.0,0,0.0,3,80.4,77.9,2,EVENING,WEEKDAY,20.9
EXPRESS,MEDIUM,153.0,41.1,47.6,140.0,1.0,1,3.0,3,86.6,84.2,2,MORNING,WEEKDAY,21.5
PASSENGER,LOW,94.4,88.4,100.4,110.0,0.0,4,2.2,2,45.1,36.9,0,MORNING,WEEKDAY,7.7
EXPRESS,HIGH,51.3,5.6,4.4,110.0,7.7,0,0.0,3,81.7,76.2,1,EVENING,WEEKDAY,18.8
EXPRESS,HIGH,106.8,48.1,126.9,130.0,0.0,3,3.7,1,61.5,53.0,0,AFTERNOON,WEEKDAY,6.1
EXPRESS,HIGH,111.9,18.1,32.0,120.0,5.0,0,0.0,3,90.2,85.2,1,EVENING,WEEKDAY,18.3
EXPRESS,HIGH,83.8,12.8,106.1,140.0,2.0,0,0.0,2,62.5,62.6,0,AFTERNOON,WEEKDAY,6.4
EXPRESS,HIGH,89.4,18.8,125.4,130.0,0.0,1,4.3,1,44.4,48.7,0,MORNING,WEEKEND,3.4
PASSENGER,MEDIUM,60.7,21.1,83.7,100.0,0.0,0,0.0,1,79.3,76.3,0,EVENING,WEEKDAY,8.0
LOCAL,LOW,163.9,50.4,21.5,90.0,2.0,0,0.0,3,59.8,54.5,1,MORNING,WEEKDAY,21.3
FREIGHT,MEDIUM,77.4,89.5,61.3,65.0,1.1,4,2.6,1,41.5,37.4,0,AFTERNOON,WEEKDAY,4.8
FREIGHT,LOW,119.6,46.7,64.8,75.0,0.0,3,4.7,1,25.6,20.4,0,MORNING,WEEKEND,8.4
EXPRESS,MEDIUM,42.2,60.0,26.5,120.0,0.0,2,1.5,1,17.7,13.0,1,AFTERNOON,WEEKEND,9.2
LOCAL,MEDIUM,30.7,48.8,1.7,90.0,0.0,1,3.7,3,10.0,9.2,1,AFTERNOON,WEEKDAY,11.8
PASSENGER,MEDIUM,138.2,46.2,8.8,110.0,2.3,0,0.0,3,91.6,84.5,2,EVENING,WEEKDAY,24.1
FREIGHT,MEDIUM,161.9,11.6,52.6,65.0,0.8,1,4.8,2,53.4,60.0,0,NIGHT,WEEKDAY,8.1
PASSENGER,MEDIUM,58.2,11.5,28.7,110.0,0.5,0,0.0,2,57.8,52.1,2,EVENING,WEEKDAY,15.6
LOCAL,MEDIUM,168.1,80.9,39.2,90.0,3.9,2,4.5,2,90.6,87.6,1,MORNING,WEEKDAY,23.9
LOCAL,MEDIUM,51.0,14.0,62.6,80.0,0.7,1,4.5,1,60.8,61.0,0,MORNING,WEEKDAY,9.8
EXPRESS,HIGH,175.4,50.9,49.1,140.0,0.0,3,2.9,1,26.3,29.7,1,EVENING,WEEKEND,7.3
EXPRESS,HIGH,73.0,44.5,11.6,140.0,0.0,0,0.0,1,27.7,27.4,1,AFTERNOON,WEEKDAY,6.8
FREIGHT,LOW,112.1,81.4,13.6,75.0,1.9,1,3.1,3,54.6,46.6,1,EVENING,WEEKDAY,23.5
PASSENGER,MEDIUM,122.8,71.5,83.4,100.0,4.3,0,0.0,1,26.3,27.0,0,NIGHT,WEEKDAY,7.2
PASSENGER,MEDIUM,156.1,21.8,18.8,100.0,1.4,1,2.6,4,60.5,52.2,2,MORNING,WEEKDAY,21.3
EXPRESS,HIGH,87.6,40.5,92.1,110.0,3.7,1,2.4,1,24.2,32.7,0,NIGHT,WEEKEND,5.3
LOCAL,LOW,49.9,29.1,13.0,90.0,8.0,0,0.0,1,62.8,63.4,1,NIGHT,WEEKDAY,22.4
EXPRESS,HIGH,175.7,76.8,50.8,120.0,1.7,0,0.0,1,73.4,70.1,0,EVENING,WEEKDAY,11.5
EXPRESS,HIGH,146.4,70.9,98.6,110.0,1.0,0,0.0,1,10.0,4.0,0,EVENING,WEEKEND,2.0
EXPRESS,HIGH,101.4,13.6,105.1,130.0,0.0,1,2.2,1,10.0,4.8,0,NIGHT,WEEKDAY,0.5
FREIGHT,LOW,116.0,44.1,6.8,65.0,1.8,1,2.8,2,58.3,60.6,1,NIGHT,WEEKEND,17.7
EXPRESS,HIGH,88.5,92.0,14.8,130.0,1.8,0,0.0,3,10.5,10.7,2,AFTERNOON,WEEKDAY,17.0
PASSENGER,MEDIUM,43.1,60.6,62.7,100.0,0.0,4,3.2,2,89.0,76.4,0,EVENING,WEEKDAY,13.5
EXPRESS,HIGH,51.8,83.2,5.5,110.0,2.2,0,0.0,3,78.7,75.1,1,MORNING,WEEKDAY,19.4
EXPRESS,HIGH,84.8,73.3,8.1,120.0,2.2,1,4.9,2,43.5,43.8,1,EVENING,WEEKEND,16.0
PASSENGER,MEDIUM,118.4,79.2,92.4,100.0,9.1,0,0.0,1,29.9,27.4,0,EVENING,WEEKEND,11.2
LOCAL,MEDIUM,163.6,14.5,34.4,80.0,1.1,0,0.0,2,58.4,54.2,1,AFTERNOON,WEEKDAY,11.0
FREIGHT,LOW,124.4,19.0,13.3,75.0,1.8,1,2.2,3,64.9,56.6,1,EVENING,WEEKDAY,19.9
PASSENGER,LOW,106.8,13.7,21.9,110.0,0.0,0,0.0,2,19.3,17.1,3,MORNING,WEEKEND,19.5
PASSENGER,LOW,94.3,94.2,92.2,110.0,0.4,3,2.8,1,35.9,37.8,0,EVENING,WEEKEND,5.7
PASSENGER,MEDIUM,86.4,54.5,40.7,110.0,1.6,3,4.6,2,81.1,79.7,1,EVENING,WEEKDAY,23.2
FREIGHT,LOW,42.0,24.7,71.3,75.0,1.7,1,4.5,4,56.5,40.7,0,EVENING,WEEKDAY,14.4
EXPRESS,MEDIUM,37.6,10.6,100.9,120.0,5.0,0,0.0,1,23.9,26.3,0,MORNING,WEEKEND,7.1
FREIGHT,LOW,53.9,45.7,61.9,65.0,0.6,1,2.3,1,27.4,28.1,0,EVENING,WEEKEND,1.7
EXPRESS,HIGH,144.3,71.1,108.0,120.0,2.4,2,4.2,1,28.6,33.5,0,AFTERNOON,WEEKDAY,6.9
FREIGHT,LOW,65.5,70.6,27.8,65.0,0.8,4,4.3,4,83.3,71.9,0,EVENING,WEEKDAY,23.7
LOCAL,MEDIUM,57.7,21.8,15.0,90.0,2.9,0,0.0,3,89.8,81.7,2,MORNING,WEEKDAY,21.7
EXPRESS,HIGH,40.2,67.9,2.5,140.0,0.0,3,2.4,2,13.6,19.9,1,AFTERNOON,WEEKDAY,9.8
PASSENGER,MEDIUM,94.6,78.4,34.2,110.0,0.0,4,2.2,2,45.2,33.7,3,EVENING,WEEKDAY,22.2
EXPRESS,MEDIUM,175.7,72.1,1.3,140.0,1.8,1,3.0,2,18.1,25.6,2,AFTERNOON,WEEKDAY,18.5
PASSENGER,MEDIUM,73.8,12.8,15.7,100.0,0.0,1,3.8,2,34.1,39.0,3,MORNING,WEEKEND,16.1
PASSENGER,HIGH,101.3,75.9,10.8,100.0,0.0,5,3.1,1,77.9,75.3,1,NIGHT,WEEKEND,13.2
LOCAL,MEDIUM,110.1,94.1,29.9,90.0,0.0,1,1.6,1,98.0,92.1,1,EVENING,WEEKDAY,17.5
PASSENGER,MEDIUM,59.3,41.8,107.8,110.0,13.8,2,2.7,2,64.0,53.3,0,MORNING,WEEKDAY,22.3
PASSENGER,MEDIUM,117.3,6.5,106.5,110.0,3.4,1,3.0,1,24.9,28.7,0,AFTERNOON,WEEKEND,5.3
EXPRESS,HIGH,51.8,20.9,22.5,140.0,21.7,0,0.0,3,28.8,28.9,1,NIGHT,WEEKEND,29.4
EXPRESS,HIGH,54.1,29.4,3.6,130.0,4.7,0,0.0,1,76.1,75.8,1,AFTERNOON,WEEKDAY,13.3
LOCAL,MEDIUM,171.4,35.6,41.3,80.0,0.0,0,0.0,1,79.7,74.0,0,EVENING,WEEKDAY,8.3
PASSENGER,LOW,45.3,14.9,94.1,100.0,2.5,0,0.0,1,10.0,14.4,0,AFTERNOON,WEEKEND,3.6
FREIGHT,LOW,86.2,59.7,32.6,75.0,0.0,3,4.7,2,77.6,67.3,1,EVENING,WEEKDAY,24.5
EXPRESS,HIGH,119.5,61.2,4.8,110.0,0.0,2,3.5,2,93.4,87.3,3,MORNING,WEEKDAY,21.0
PASSENGER,MEDIUM,157.8,47.3,80.8,100.0,2.4,0,0.0,1,31.6,24.0,0,MORNING,WEEKEND,5.6
EXPRESS,MEDIUM,35.8,90.8,11.3,110.0,0.1,2,4.9,3,22.7,20.7,1,MORNING,WEEKEND,19.2
LOCAL,MEDIUM,37.3,94.5,17.5,90.0,3.8,5,3.3,1,72.6,69.9,1,MORNING,WEEKDAY,24.9
EXPRESS,HIGH,121.7,47.5,126.4,130.0,3.0,2,3.1,2,62.2,57.0,0,NIGHT,WEEKEND,8.4
EXPRESS,HIGH,103.3,82.5,138.7,140.0,0.0,3,1.8,1,57.1,62.9,0,NIGHT,WEEKDAY,2.5
PASSENGER,MEDIUM,109.2,39.8,40.6,110.0,3.6,2,4.8,1,63.8,61.3,1,AFTERNOON,WEEKDAY,17.4
EXPRESS,HIGH,34.4,39.1,110.7,140.0,9.9,2,2.1,1,41.7,43.4,0,NIGHT,WEEKEND,12.8
EXPRESS,HIGH,97.6,18.4,103.8,110.0,0.0,0,0.0,1,23.6,27.3,0,MORNING,WEEKEND,0.2
PASSENGER,MEDIUM,113.9,13.5,11.9,100.0,6.2,0,0.0,2,14.8,8.3,2,AFTERNOON,WEEKDAY,15.7
EXPRESS,HIGH,45.2,58.5,117.7,140.0,0.2,2,4.3,4,71.9,71.2,0,EVENING,WEEKDAY,14.0
EXPRESS,HIGH,142.1,76.8,106.2,120.0,7.1,5,3.1,1,10.0,5.2,0,NIGHT,WEEKDAY,10.3
EXPRESS,HIGH,40.3,8.6,13.5,130.0,0.1,1,3.0,3,82.1,75.7,1,MORNING,WEEKDAY,12.0
LOCAL,MEDIUM,170.8,62.8,32.6,90.0,0.0,2,3.6,1,35.4,36.3,1,EVENING,WEEKEND,10.5
LOCAL,MEDIUM,74.9,73.3,33.7,80.0,5.7,1,4.2,3,39.2,25.0,1,AFTERNOON,WEEKDAY,19.8
EXPRESS,HIGH,122.3,24.2,119.1,140.0,0.0,1,4.7,1,18.3,18.7,0,EVENING,WEEKEND,2.3
FREIGHT,MEDIUM,74.7,14.0,0.3,75.0,3.9,1,3.9,2,14.9,17.2,1,AFTERNOON,WEEKDAY,12.4
FREIGHT,LOW,126.5,12.4,11.7,65.0,0.0,0,0.0,3,43.9,32.1,1,EVENING,WEEKDAY,14.6
FREIGHT,LOW,68.7,82.7,64.5,65.0,3.5,2,2.7,2,33.0,34.6,0,NIGHT,WEEKDAY,6.1
EXPRESS,HIGH,150.5,13.7,113.2,130.0,11.0,1,3.7,1,24.2,29.5,0,NIGHT,WEEKDAY,12.8
EXPRESS,HIGH,61.7,66.5,103.5,110.0,1.6,3,4.0,2,28.9,30.9,0,NIGHT,WEEKEND,7.4
LOCAL,MEDIUM,33.1,89.1,23.7,90.0,0.0,1,4.6,2,10.0,9.3,1,AFTERNOON,WEEKDAY,12.1
LOCAL,HIGH,40.0,25.1,60.8,80.0,0.0,0,0.0,2,50.1,51.6,0,NIGHT,WEEKEND,4.8
EXPRESS,HIGH,113.5,9.0,47.0,140.0,0.0,0,0.0,3,48.3,45.7,1,EVENING,WEEKDAY,10.2
EXPRESS,HIGH,98.4,45.8,11.2,140.0,0.0,2,2.4,2,57.7,66.6,1,EVENING,WEEKEND,10.2
FREIGHT,LOW,170.6,22.0,16.8,75.0,0.7,1,3.5,1,83.4,79.0,1,MORNING,WEEKDAY,18.8
EXPRESS,HIGH,45.1,69.5,124.7,140.0,0.7,4,4.3,1,35.5,38.0,0,AFTERNOON,WEEKEND,8.9
PASSENGER,MEDIUM,105.0,44.2,99.2,110.0,1.1,0,0.0,1,54.2,55.9,0,NIGHT,WEEKDAY,5.3
FREIGHT,LOW,59.3,28.4,20.0,75.0,0.0,0,0.0,2,25.9,26.7,1,NIGHT,WEEKEND,10.5
PASSENGER,MEDIUM,157.7,94.9,39.4,110.0,0.0,0,0.0,2,88.5,79.4,1,MORNING,WEEKEND,15.7
EXPRESS,HIGH,40.1,46.2,11.0,110.0,2.0,2,1.7,2,52.9,46.5,2,EVENING,WEEKDAY,15.0
LOCAL,MEDIUM,125.7,26.8,18.8,90.0,0.0,1,3.6,3,23.4,27.0,1,AFTERNOON,WEEKDAY,10.4
EXPRESS,HIGH,56.9,83.3,52.1,120.0,0.0,4,4.9,2,26.9,18.7,1,MORNING,WEEKDAY,17.5
EXPRESS,HIGH,159.6,20.8,114.6,120.0,0.0,0,0.0,1,24.1,19.4,0,MORNING,WEEKEND,0.6
LOCAL,MEDIUM,51.7,13.0,75.4,90.0,0.0,1,1.7,1,21.6,17.2,0,MORNING,WEEKEND,0.4
EXPRESS,MEDIUM,111.8,61.4,83.5,110.0,2.1,4,2.7,1,67.1,62.7,0,MORNING,WEEKDAY,10.0
EXPRESS,HIGH,115.9,74.0,67.1,120.0,0.0,3,3.4,3,91.1,89.3,0,MORNING,WEEKDAY,13.7
LOCAL,LOW,45.9,78.4,72.8,90.0,1.2,2,1.8,1,60.9,59.5,0,AFTERNOON,WEEKDAY,8.9
LOCAL,MEDIUM,177.2,38.4,44.1,80.0,0.0,0,0.0,2,83.3,78.2,0,MORNING,WEEKDAY,10.3
PASSENGER,HIGH,49.7,58.5,72.7,100.0,0.0,1,3.3,1,70.4,57.5,0,EVENING,WEEKDAY,7.4
EXPRESS,MEDIUM,40.8,16.5,53.2,120.0,0.0,1,4.5,3,51.8,47.3,1,EVENING,WEEKDAY,14.0
EXPRESS,HIGH,70.0,73.0,99.9,130.0,0.0,1,3.4,3,58.9,56.2,0,MORNING,WEEKDAY,9.2
PASSENGER,MEDIUM,87.1,49.2,95.0,110.0,7.6,0,0.0,1,56.5,50.2,0,MORNING,WEEKDAY,13.4
EXPRESS,HIGH,39.6,80.3,32.8,110.0,0.0,5,4.0,2,83.3,66.8,1,MORNING,WEEKDAY,20.1
EXPRESS,HIGH,37.3,22.1,99.5,130.0,3.2,0,0.0,3,27.1,26.2,0,MORNING,WEEKEND,8.0
PASSENGER,MEDIUM,130.6,51.4,104.8,110.0,0.0,0,0.0,1,48.4,51.4,0,MORNING,WEEKEND,4.0
PASSENGER,HIGH,110.6,30.2,94.9,110.0,4.1,2,3.3,1,35.3,34.5,0,NIGHT,WEEKDAY,6.6
LOCAL,MEDIUM,125.6,35.3,74.0,90.0,1.3,2,2.5,4,98.0,87.5,0,MORNING,WEEKDAY,14.4
LOCAL,MEDIUM,158.4,86.6,13.3,80.0,14.9,2,4.1,2,86.1,83.5,2,MORNING,WEEKDAY,39.2
FREIGHT,MEDIUM,110.6,60.8,46.8,75.0,8.2,0,0.0,2,74.9,66.7,0,EVENING,WEEKDAY,18.5
LOCAL,LOW,117.4,12.1,36.2,90.0,1.3,0,0.0,1,73.1,74.9,0,EVENING,WEEKEND,9.3
PASSENGER,HIGH,91.4,87.9,77.8,100.0,0.5,1,1.7,1,51.9,56.6,0,AFTERNOON,WEEKEND,4.4
LOCAL,MEDIUM,63.0,22.1,37.7,90.0,0.0,0,0.0,4,63.7,49.1,1,EVENING,WEEKDAY,16.3
EXPRESS,HIGH,139.3,79.2,43.7,110.0,16.0,2,2.8,2,84.9,83.3,1,MORNING,WEEKDAY,29.6
LOCAL,MEDIUM,139.0,65.8,73.5,80.0,0.0,3,2.2,1,37.2,36.5,0,AFTERNOON,WEEKDAY,3.8
LOCAL,LOW,101.3,6.0,72.7,80.0,0.0,0,0.0,1,63.4,52.8,0,MORNING,WEEKDAY,7.8
EXPRESS,HIGH,119.1,77.9,97.8,120.0,0.5,0,0.0,1,31.1,31.7,0,NIGHT,WEEKDAY,3.4
EXPRESS,HIGH,55.2,92.5,113.0,140.0,5.3,4,3.9,1,60.1,61.8,0,AFTERNOON,WEEKDAY,14.2
PASSENGER,MEDIUM,53.5,39.2,44.7,110.0,11.7,0,0.0,2,63.9,60.7,1,EVENING,WEEKDAY,25.8
PASSENGER,LOW,60.8,81.7,9.3,100.0,0.0,3,4.2,3,69.8,68.7,1,MORNING,WEEKDAY,26.5
EXPRESS,HIGH,114.4,20.4,10.0,140.0,8.3,0,0.0,2,55.2,60.3,1,EVENING,WEEKEND,16.4
EXPRESS,HIGH,51.6,82.1,83.3,110.0,0.3,2,3.4,1,57.4,58.3,0,NIGHT,WEEKEND,6.3
FREIGHT,LOW,93.3,89.2,6.2,65.0,0.0,5,4.8,2,56.2,52.7,1,EVENING,WEEKDAY,30.0
EXPRESS,HIGH,63.1,34.5,48.8,110.0,1.2,1,2.1,3,90.2,78.9,2,MORNING,WEEKDAY,15.9
LOCAL,LOW,134.1,83.2,49.4,80.0,4.2,1,4.0,1,74.7,78.0,0,NIGHT,WEEKEND,16.1
EXPRESS,HIGH,164.2,90.6,12.9,130.0,8.6,4,2.1,3,92.7,87.0,1,EVENING,WEEKDAY,26.4
LOCAL,MEDIUM,115.0,88.5,68.8,80.0,0.0,2,4.7,1,36.0,37.1,0,MORNING,WEEKDAY,9.5
EXPRESS,HIGH,64.9,92.5,115.1,120.0,0.0,2,5.0,1,57.1,48.7,0,AFTERNOON,WEEKDAY,6.7
PASSENGER,MEDIUM,144.3,55.7,36.2,100.0,0.3,0,0.0,2,76.4,76.1,1,EVENING,WEEKDAY,14.6
PASSENGER,MEDIUM,107.5,89.1,21.2,110.0,0.3,0,0.0,1,47.8,45.2,1,EVENING,WEEKDAY,14.0
EXPRESS,HIGH,116.7,29.7,67.7,140.0,11.1,0,0.0,2,74.1,78.1,0,AFTERNOON,WEEKEND,16.9
EXPRESS,HIGH,62.8,10.5,5.5,120.0,3.1,0,0.0,2,10.0,12.5,1,AFTERNOON,WEEKEND,8.1
PASSENGER,MEDIUM,53.4,57.8,5.5,110.0,8.0,0,0.0,2,66.2,61.9,1,EVENING,WEEKDAY,24.9
PASSENGER,MEDIUM,77.8,11.7,93.4,100.0,3.2,1,4.4,1,10.0,14.9,0,EVENING,WEEKEND,5.5
FREIGHT,LOW,153.2,14.1,50.2,65.0,1.8,0,0.0,1,24.7,17.8,0,EVENING,WEEKEND,4.2
PASSENGER,HIGH,38.0,30.2,41.4,100.0,3.1,2,2.4,2,30.5,22.7,2,MORNING,WEEKEND,11.9
EXPRESS,HIGH,59.5,73.3,1.4,110.0,2.8,2,2.9,3,48.9,44.7,1,EVENING,WEEKDAY,18.9
EXPRESS,MEDIUM,34.4,86.3,52.8,130.0,0.0,5,2.7,2,23.3,25.1,1,NIGHT,WEEKEND,12.4
FREIGHT,LOW,107.7,94.5,28.5,65.0,0.0,0,0.0,2,60.5,65.2,1,EVENING,WEEKEND,15.4
LOCAL,LOW,152.3,76.2,5.6,80.0,0.0,2,3.8,2,75.8,71.5,1,EVENING,WEEKDAY,24.7
PASSENGER,LOW,179.8,50.1,78.7,100.0,0.0,2,2.7,2,61.2,50.5,0,EVENING,WEEKDAY,9.8
EXPRESS,HIGH,148.6,73.9,108.9,140.0,0.0,0,0.0,1,23.3,25.5,0,MORNING,WEEKEND,2.6
PASSENGER,MEDIUM,174.4,36.4,92.7,100.0,0.0,0,0.0,3,48.7,50.0,0,EVENING,WEEKDAY,8.6
FREIGHT,MEDIUM,173.6,47.1,63.6,75.0,6.6,1,2.9,2,65.9,71.9,0,NIGHT,WEEKDAY,13.1
FREIGHT,LOW,130.6,7.5,29.1,75.0,0.0,0,0.0,2,68.4,62.8,1,EVENING,WEEKEND,14.6
EXPRESS,MEDIUM,157.0,32.8,118.2,130.0,0.0,0,0.0,1,57.5,54.4,0,NIGHT,WEEKEND,3.7
LOCAL,MEDIUM,70.8,35.3,10.9,90.0,2.4,1,4.3,2,27.2,31.1,1,EVENING,WEEKEND,14.2
FREIGHT,LOW,169.3,65.9,9.4,65.0,6.5,3,4.9,2,76.0,71.6,2,MORNING,WEEKDAY,38.6
LOCAL,MEDIUM,144.9,53.8,16.4,80.0,0.0,2,2.9,4,46.3,51.0,2,MORNING,WEEKDAY,20.9
EXPRESS,MEDIUM,176.6,48.7,87.6,130.0,3.3,1,3.2,1,73.8,70.8,0,NIGHT,WEEKDAY,10.4
EXPRESS,HIGH,72.8,93.8,60.0,110.0,1.5,2,3.7,1,76.6,68.3,0,MORNING,WEEKDAY,12.2
LOCAL,MEDIUM,136.2,38.9,78.8,90.0,0.5,2,1.8,1,33.2,34.3,0,MORNING,WEEKEND,2.5
PASSENGER,LOW,174.9,9.4,48.3,110.0,7.2,0,0.0,3,49.7,43.2,2,EVENING,WEEKDAY,28.0
LOCAL,LOW,115.9,59.3,8.8,80.0,0.2,1,3.0,2,60.2,60.6,1,MORNING,WEEKDAY,19.3
FREIGHT,MEDIUM,167.1,88.1,59.8,75.0,0.0,2,2.9,3,84.3,80.3,0,MORNING,WEEKDAY,12.1
FREIGHT,MEDIUM,144.3,14.9,32.0,75.0,0.0,0,0.0,2,85.2,69.6,1,EVENING,WEEKDAY,14.0
EXPRESS,HIGH,134.0,39.1,56.2,140.0,8.6,2,1.6,3,62.2,57.4,2,MORNING,WEEKDAY,22.5
PASSENGER,MEDIUM,143.6,9.7,89.4,110.0,2.5,0,0.0,2,59.2,51.8,0,EVENING,WEEKDAY,9.3
PASSENGER,MEDIUM,163.1,87.1,15.4,110.0,0.0,4,1.5,2,46.2,49.1,1,MORNING,WEEKEND,13.2
EXPRESS,HIGH,45.1,93.0,137.7,140.0,0.0,4,3.4,1,51.8,50.6,0,NIGHT,WEEKDAY,4.2
EXPRESS,MEDIUM,147.0,32.1,23.3,130.0,0.0,2,2.9,2,64.4,57.0,3,EVENING,WEEKDAY,20.5
PASSENGER,MEDIUM,154.0,69.1,94.8,110.0,0.0,3,2.5,1,60.9,58.1,0,MORNING,WEEKDAY,6.5
PASSENGER,MEDIUM,81.0,76.6,27.0,100.0,0.0,2,3.6,2,79.6,72.1,1,MORNING,WEEKDAY,19.4
LOCAL,LOW,110.7,34.0,59.4,80.0,0.2,2,1.7,2,95.7,92.6,0,MORNING,WEEKDAY,13.3
FREIGHT,MEDIUM,82.6,44.3,60.3,65.0,0.7,0,0.0,1,40.7,43.2,0,NIGHT,WEEKDAY,4.4
PASSENGER,MEDIUM,66.3,56.5,6.7,100.0,6.7,0,0.0,3,38.3,34.5,2,EVENING,WEEKDAY,25.8
EXPRESS,HIGH,97.9,62.1,18.9,130.0,0.0,1,4.1,3,88.7,81.9,1,EVENING,WEEKDAY,17.1
LOCAL,MEDIUM,74.5,69.9,80.2,90.0,6.6,4,3.4,1,29.1,25.6,0,AFTERNOON,WEEKDAY,12.1
PASSENGER,MEDIUM,145.7,8.4,83.7,110.0,3.9,1,4.6,1,47.9,44.3,0,MORNING,WEEKDAY,10.8
PASSENGER,MEDIUM,81.1,83.1,84.1,110.0,0.0,0,0.0,1,81.9,80.0,0,AFTERNOON,WEEKEND,7.3
EXPRESS,HIGH,94.6,79.2,37.1,140.0,0.0,0,0.0,2,15.2,11.4,2,AFTERNOON,WEEKDAY,12.3
LOCAL,MEDIUM,138.7,32.7,20.9,90.0,0.0,2,3.3,3,82.9,73.6,1,MORNING,WEEKDAY,17.2
PASSENGER,HIGH,55.7,81.0,29.9,110.0,0.0,4,2.8,2,90.7,89.6,1,MORNING,WEEKDAY,15.2
EXPRESS,HIGH,158.4,59.0,50.3,120.0,0.2,2,3.0,2,89.4,87.7,2,EVENING,WEEKDAY,16.2
EXPRESS,HIGH,94.6,35.4,11.5,110.0,1.3,2,2.0,3,95.6,85.0,2,MORNING,WEEKDAY,18.7
EXPRESS,HIGH,41.1,93.1,111.5,130.0,0.7,4,3.6,1,48.8,40.8,0,EVENING,WEEKEND,7.6
EXPRESS,HIGH,100.9,53.9,42.3,130.0,3.2,2,4.9,2,90.0,96.5,1,AFTERNOON,WEEKDAY,19.1
LOCAL,LOW,150.2,43.3,13.7,80.0,0.0,1,2.9,2,55.3,59.5,1,MORNING,WEEKEND,15.6
EXPRESS,MEDIUM,62.8,61.7,118.9,130.0,0.4,4,4.8,2,57.4,51.6,0,EVENING,WEEKDAY,14.5
FREIGHT,MEDIUM,137.0,33.8,64.5,65.0,0.5,2,2.5,1,46.4,44.8,0,MORNING,WEEKEND,3.2
EXPRESS,HIGH,168.4,62.9,51.7,120.0,1.8,0,0.0,2,70.0,63.8,1,EVENING,WEEKDAY,13.0
FREIGHT,LOW,171.3,78.5,66.2,75.0,0.0,3,4.0,2,10.1,2.2,0,AFTERNOON,WEEKDAY,7.4
EXPRESS,HIGH,166.7,92.4,86.2,130.0,8.5,4,4.5,1,86.0,81.5,0,EVENING,WEEKDAY,22.3
EXPRESS,MEDIUM,169.8,39.3,30.1,130.0,2.2,1,4.0,2,10.0,11.9,1,AFTERNOON,WEEKDAY,11.0
EXPRESS,HIGH,160.2,38.5,47.3,130.0,5.3,1,2.6,3,80.3,80.5,1,MORNING,WEEKDAY,17.5
EXPRESS,MEDIUM,78.7,87.3,125.6,130.0,1.2,5,3.7,1,20.6,22.2,0,NIGHT,WEEKDAY,4.4
PASSENGER,MEDIUM,103.8,24.9,33.2,100.0,0.0,1,3.1,2,89.3,81.6,3,EVENING,WEEKDAY,22.2
EXPRESS,HIGH,105.1,12.1,102.1,120.0,0.8,1,2.1,2,19.1,17.7,0,AFTERNOON,WEEKDAY,3.2
EXPRESS,HIGH,104.9,51.2,39.5,120.0,3.9,1,1.7,3,81.4,78.5,1,MORNING,WEEKDAY,17.9
PASSENGER,MEDIUM,53.0,94.0,24.6,110.0,0.0,5,5.0,2,69.5,60.4,1,NIGHT,WEEKDAY,25.9
EXPRESS,HIGH,72.0,56.1,105.7,110.0,0.0,1,2.3,1,31.6,24.7,0,AFTERNOON,WEEKDAY,0.0
LOCAL,MEDIUM,128.8,16.4,19.1,90.0,0.8,1,4.4,3,20.2,14.8,1,AFTERNOON,WEEKDAY,12.3
PASSENGER,MEDIUM,69.3,20.1,97.4,110.0,5.8,1,4.1,1,26.0,24.1,0,NIGHT,WEEKEND,9.1
EXPRESS,MEDIUM,100.1,6.2,14.2,130.0,3.9,0,0.0,2,46.8,42.4,1,EVENING,WEEKDAY,13.9
PASSENGER,MEDIUM,160.6,45.5,30.0,100.0,9.7,0,0.0,2,27.7,22.9,1,AFTERNOON,WEEKDAY,18.0
LOCAL,MEDIUM,119.8,43.1,43.1,80.0,4.2,1,2.6,3,84.6,81.1,0,EVENING,WEEKDAY,16.1
EXPRESS,HIGH,154.5,75.3,107.4,120.0,0.8,4,2.5,1,37.1,37.5,0,NIGHT,WEEKDAY,2.3
PASSENGER,MEDIUM,72.1,70.0,65.5,110.0,5.2,2,1.7,2,86.7,76.7,0,MORNING,WEEKDAY,17.0
LOCAL,HIGH,43.7,15.6,4.5,80.0,2.4,1,2.3,2,98.0,91.7,1,MORNING,WEEKDAY,14.3
EXPRESS,HIGH,150.6,60.5,25.9,130.0,0.0,4,3.0,1,92.7,86.6,1,EVENING,WEEKDAY,13.7
EXPRESS,MEDIUM,110.1,58.8,90.0,120.0,0.0,0,0.0,1,94.9,91.4,0,EVENING,WEEKDAY,9.6
PASSENGER,MEDIUM,80.7,57.7,38.9,110.0,0.0,1,2.9,2,61.2,60.2,1,AFTERNOON,WEEKDAY,13.5
PASSENGER,HIGH,50.1,50.7,93.4,100.0,5.9,2,4.1,1,64.0,61.0,0,MORNING,WEEKDAY,13.4
PASSENGER,MEDIUM,123.5,19.0,11.8,110.0,12.3,1,3.4,3,53.2,48.2,1,EVENING,WEEKDAY,27.3
LOCAL,MEDIUM,82.8,22.9,14.0,90.0,0.0,0,0.0,2,25.1,18.6,3,NIGHT,WEEKEND,16.1
FREIGHT,LOW,34.3,63.2,65.2,75.0,0.0,1,4.5,1,46.9,44.7,0,MORNING,WEEKEND,7.4
EXPRESS,MEDIUM,40.0,73.1,21.6,120.0,0.0,2,4.8,2,34.5,31.2,2,AFTERNOON,WEEKDAY,20.6
FREIGHT,LOW,152.0,92.4,52.3,65.0,1.2,4,2.2,1,48.1,51.7,0,AFTERNOON,WEEKDAY,7.9
PASSENGER,MEDIUM,77.3,34.5,31.4,100.0,0.0,2,2.8,2,37.6,33.8,1,NIGHT,WEEKDAY,9.7
PASSENGER,MEDIUM,143.6,71.5,25.3,100.0,0.5,1,4.4,2,72.5,75.2,3,NIGHT,WEEKEND,23.8
LOCAL,LOW,139.2,60.2,0.7,90.0,1.3,4,2.9,2,59.3,52.4,1,MORNING,WEEKEND,20.0
LOCAL,LOW,59.0,66.4,76.5,80.0,0.0,0,0.0,1,56.0,51.0,0,NIGHT,WEEKDAY,5.9
PASSENGER,MEDIUM,156.2,49.3,62.0,110.0,0.0,3,3.5,2,93.1,86.3,0,MORNING,WEEKDAY,14.6
PASSENGER,MEDIUM,85.6,75.1,87.1,110.0,0.0,5,2.2,1,52.8,45.3,0,EVENING,WEEKDAY,6.7
PASSENGER,MEDIUM,98.6,5.5,88.8,100.0,0.0,0,0.0,1,61.4,62.4,0,MORNING,WEEKEND,4.7
EXPRESS,HIGH,148.1,21.0,64.4,120.0,7.3,0,0.0,2,78.8,74.5,0,EVENING,WEEKDAY,14.7
EXPRESS,HIGH,101.9,80.3,16.3,120.0,2.5,5,5.0,3,91.4,87.0,2,EVENING,WEEKDAY,31.8
EXPRESS,HIGH,49.5,84.5,118.1,140.0,1.8,0,0.0,1,21.0,18.5,0,AFTERNOON,WEEKDAY,4.7
EXPRESS,HIGH,88.1,80.3,84.4,140.0,0.0,0,0.0,2,75.3,80.8,0,EVENING,WEEKDAY,9.8
PASSENGER,MEDIUM,77.5,10.6,90.8,110.0,0.3,0,0.0,2,89.4,79.0,0,MORNING,WEEKDAY,9.4
PASSENGER,HIGH,158.1,68.0,42.2,100.0,8.2,4,3.1,2,54.6,52.8,3,EVENING,WEEKDAY,26.7
EXPRESS,HIGH,129.6,87.8,34.6,110.0,1.2,3,3.0,3,74.1,63.3,1,MORNING,WEEKDAY,18.5
FREIGHT,LOW,102.8,8.8,21.1,65.0,0.0,0,0.0,3,84.0,82.7,1,MORNING,WEEKEND,16.6
EXPRESS,HIGH,130.9,72.5,94.8,120.0,11.1,1,3.8,1,57.2,54.3,0,EVENING,WEEKDAY,17.2
PASSENGER,MEDIUM,62.5,8.0,25.2,110.0,0.9,0,0.0,3,68.3,64.7,1,MORNING,WEEKDAY,14.2
FREIGHT,MEDIUM,171.2,80.3,73.3,75.0,2.6,1,2.0,1,40.2,40.4,0,AFTERNOON,WEEKEND,6.3
LOCAL,LOW,147.5,52.1,51.5,80.0,1.4,1,3.2,4,73.0,62.0,0,MORNING,WEEKDAY,16.0
LOCAL,MEDIUM,131.6,17.3,25.5,80.0,2.6,0,0.0,3,69.9,66.7,2,MORNING,WEEKDAY,19.8
LOCAL,MEDIUM,77.8,14.9,13.0,80.0,0.0,1,4.3,2,87.7,80.8,1,MORNING,WEEKDAY,15.8
LOCAL,MEDIUM,156.4,38.0,7.8,90.0,4.9,0,0.0,3,72.9,73.4,1,EVENING,WEEKDAY,20.9
EXPRESS,HIGH,107.4,60.0,20.4,130.0,13.9,3,2.7,3,81.6,80.1,1,EVENING,WEEKDAY,29.4
PASSENGER,MEDIUM,152.9,53.4,81.6,100.0,0.0,0,0.0,1,44.7,50.8,0,AFTERNOON,WEEKDAY,4.9
EXPRESS,HIGH,123.9,58.4,43.7,110.0,0.6,0,0.0,3,23.6,26.7,1,MORNING,WEEKEND,10.5
EXPRESS,HIGH,75.6,7.7,103.7,110.0,0.1,1,3.0,2,48.7,39.2,0,AFTERNOON,WEEKDAY,4.1
PASSENGER,MEDIUM,87.2,81.2,1.8,110.0,0.9,3,4.6,3,58.7,52.3,1,MORNING,WEEKDAY,26.4
PASSENGER,HIGH,77.4,89.0,9.0,110.0,1.3,5,4.3,3,67.7,59.7,3,EVENING,WEEKDAY,29.7
EXPRESS,MEDIUM,135.0,26.4,41.8,130.0,6.4,0,0.0,2,73.2,71.7,1,MORNING,WEEKDAY,20.2
EXPRESS,HIGH,127.2,63.7,0.5,110.0,0.0,3,2.8,2,63.9,65.7,2,MORNING,WEEKDAY,18.0
EXPRESS,HIGH,63.0,25.2,9.2,130.0,0.0,0,0.0,2,14.5,26.9,1,AFTERNOON,WEEKDAY,7.8
EXPRESS,HIGH,132.2,93.9,108.0,140.0,0.0,2,3.9,2,30.4,39.8,0,AFTERNOON,WEEKDAY,7.4
PASSENGER,MEDIUM,87.1,62.2,40.5,100.0,0.0,1,2.6,2,88.3,88.5,1,EVENING,WEEKDAY,16.8
PASSENGER,MEDIUM,71.5,26.1,14.0,110.0,6.2,0,0.0,3,61.2,51.7,1,MORNING,WEEKDAY,20.2
PASSENGER,MEDIUM,155.8,67.3,93.7,110.0,5.0,4,4.2,1,58.9,56.0,0,NIGHT,WEEKEND,15.1
PASSENGER,MEDIUM,131.3,75.2,43.6,110.0,0.0,1,2.0,4,98.0,93.8,1,EVENING,WEEKDAY,20.6
PASSENGER,HIGH,67.0,5.4,27.2,100.0,5.9,1,2.6,1,39.3,43.3,1,AFTERNOON,WEEKDAY,10.7
PASSENGER,MEDIUM,158.9,58.1,12.1,100.0,0.0,1,4.6,1,52.7,59.2,1,MORNING,WEEKEND,13.2
EXPRESS,HIGH,117.5,76.8,16.9,140.0,0.6,4,4.5,2,82.7,75.0,2,EVENING,WEEKDAY,24.2
EXPRESS,MEDIUM,127.3,65.8,4.0,120.0,0.0,3,3.7,3,64.6,54.9,1,MORNING,WEEKDAY,21.1
EXPRESS,HIGH,49.4,66.4,39.5,130.0,5.2,2,4.3,3,98.0,90.7,1,MORNING,WEEKDAY,24.1
PASSENGER,MEDIUM,172.4,91.2,4.8,100.0,0.0,4,3.0,2,71.3,66.9,1,MORNING,WEEKDAY,20.5
EXPRESS,MEDIUM,170.6,62.3,37.2,110.0,0.0,0,0.0,2,47.7,44.7,2,EVENING,WEEKDAY,17.0
LOCAL,MEDIUM,98.2,84.5,40.0,90.0,5.5,1,3.5,2,57.7,52.9,1,MORNING,WEEKDAY,21.0
LOCAL,MEDIUM,50.0,72.1,19.1,90.0,0.7,4,3.6,4,85.7,88.0,1,EVENING,WEEKDAY,24.1
LOCAL,LOW,56.3,28.0,60.6,80.0,1.5,1,3.2,1,54.1,52.9,0,MORNING,WEEKEND,8.4
EXPRESS,HIGH,61.1,43.3,35.3,120.0,10.7,1,4.1,2,26.0,26.4,1,EVENING,WEEKDAY,21.3
FREIGHT,LOW,127.3,90.1,61.0,65.0,0.9,1,3.5,2,12.2,16.4,0,AFTERNOON,WEEKEND,4.0
EXPRESS,HIGH,64.8,81.2,123.3,140.0,8.6,5,2.8,1,20.1,21.5,0,NIGHT,WEEKDAY,11.4
PASSENGER,MEDIUM,51.8,21.8,93.6,100.0,0.0,1,4.2,1,23.2,18.8,0,AFTERNOON,WEEKDAY,2.6
PASSENGER,HIGH,85.1,85.0,24.0,100.0,1.1,3,2.3,3,45.1,44.9,1,MORNING,WEEKEND,14.2
PASSENGER,MEDIUM,59.1,25.4,87.9,100.0,0.0,0,0.0,1,16.9,18.9,0,AFTERNOON,WEEKDAY,1.5
LOCAL,MEDIUM,161.8,51.0,86.6,90.0,0.0,3,4.6,1,50.5,46.1,0,AFTERNOON,WEEKDAY,9.8
LOCAL,MEDIUM,96.9,86.4,19.3,90.0,0.0,2,3.0,4,54.4,50.7,1,MORNING,WEEKDAY,20.1
PASSENGER,MEDIUM,167.1,17.9,87.6,110.0,0.0,0,0.0,1,30.1,31.1,0,AFTERNOON,WEEKDAY,1.2
PASSENGER,MEDIUM,164.4,75.7,83.6,110.0,0.4,2,3.6,1,41.5,34.3,0,NIGHT,WEEKDAY,5.4
EXPRESS,MEDIUM,127.3,15.4,103.3,110.0,0.0,1,3.7,1,52.6,42.5,0,MORNING,WEEKEND,4.6
FREIGHT,LOW,137.3,31.7,19.9,65.0,0.0,2,2.9,1,68.4,65.1,1,MORNING,WEEKDAY,16.9
LOCAL,MEDIUM,151.7,35.3,31.7,80.0,7.6,0,0.0,2,76.0,68.9,1,MORNING,WEEKDAY,21.3
EXPRESS,HIGH,162.0,62.8,16.3,110.0,8.8,1,2.1,2,75.5,64.3,2,EVENING,WEEKDAY,25.3
EXPRESS,HIGH,79.5,46.5,101.2,120.0,1.4,0,0.0,3,68.1,65.6,0,MORNING,WEEKDAY,10.7
FREIGHT,MEDIUM,178.4,20.1,62.4,75.0,0.3,1,4.7,1,10.3,20.8,0,AFTERNOON,WEEKDAY,3.4
PASSENGER,MEDIUM,72.9,81.0,69.2,100.0,0.0,1,3.2,2,95.8,89.9,0,MORNING,WEEKDAY,12.0
EXPRESS,MEDIUM,178.0,80.4,34.6,120.0,3.9,4,2.7,2,38.2,27.5,2,AFTERNOON,WEEKDAY,20.8
EXPRESS,HIGH,150.5,41.3,54.4,140.0,8.9,1,3.1,3,41.1,32.0,2,EVENING,WEEKDAY,23.7
PASSENGER,MEDIUM,155.3,17.1,19.9,110.0,0.1,0,0.0,3,57.6,51.8,1,MORNING,WEEKDAY,15.2
EXPRESS,HIGH,32.4,86.5,95.8,120.0,0.6,3,1.6,1,50.8,48.3,0,AFTERNOON,WEEKDAY,4.0
PASSENGER,MEDIUM,101.6,50.7,48.4,110.0,9.4,3,3.1,2,81.8,79.5,1,MORNING,WEEKDAY,25.0
FREIGHT,MEDIUM,133.4,24.2,64.9,65.0,0.0,1,1.5,1,42.3,44.8,0,NIGHT,WEEKDAY,2.9
EXPRESS,MEDIUM,36.3,87.4,115.2,140.0,3.0,4,3.2,1,58.3,60.0,0,AFTERNOON,WEEKDAY,9.5
EXPRESS,HIGH,88.4,57.8,121.1,140.0,1.9,2,5.0,4,54.8,49.1,0,EVENING,WEEKDAY,15.9
EXPRESS,HIGH,168.2,80.0,84.9,110.0,0.1,0,0.0,1,60.2,66.7,0,NIGHT,WEEKDAY,4.7
EXPRESS,HIGH,62.7,85.9,24.7,120.0,0.7,4,3.5,3,86.1,74.1,2,MORNING,WEEKDAY,22.8
EXPRESS,HIGH,145.1,31.5,85.6,110.0,1.7,1,3.6,1,23.9,19.8,0,NIGHT,WEEKDAY,4.1
EXPRESS,HIGH,90.9,10.4,33.6,140.0,5.3,1,2.3,2,74.3,76.0,1,EVENING,WEEKDAY,16.0
PASSENGER,MEDIUM,168.5,94.6,18.1,110.0,0.0,5,3.9,2,34.7,35.3,1,MORNING,WEEKEND,19.4
PASSENGER,MEDIUM,92.8,66.6,108.3,110.0,0.9,1,3.5,1,55.5,55.0,0,AFTERNOON,WEEKDAY,6.1
PASSENGER,MEDIUM,162.1,38.0,22.8,110.0,0.0,2,2.8,2,52.8,50.5,1,EVENING,WEEKDAY,12.9
EXPRESS,HIGH,124.3,58.6,105.6,130.0,0.0,0,0.0,1,53.8,49.2,0,EVENING,WEEKEND,3.3
LOCAL,LOW,44.0,23.9,22.7,80.0,0.0,1,2.1,3,37.3,26.2,2,EVENING,WEEKEND,16.9
LOCAL,MEDIUM,163.0,86.0,23.7,80.0,1.0,3,1.8,3,70.1,67.5,1,NIGHT,WEEKDAY,17.6
PASSENGER,MEDIUM,72.6,57.7,75.4,100.0,0.0,2,1.9,3,61.8,58.9,0,MORNING,WEEKDAY,10.1
PASSENGER,MEDIUM,52.8,48.4,92.3,100.0,1.4,1,1.6,1,62.3,64.7,0,AFTERNOON,WEEKDAY,6.2
FREIGHT,MEDIUM,136.1,34.3,23.2,75.0,0.2,1,3.6,2,68.0,67.4,1,MORNING,WEEKDAY,15.6
FREIGHT,LOW,113.1,67.0,2.6,75.0,0.0,0,0.0,3,54.2,49.8,1,EVENING,WEEKDAY,21.0
FREIGHT,MEDIUM,145.4,12.2,66.3,75.0,13.0,1,2.5,1,38.4,46.6,0,NIGHT,WEEKDAY,15.8
PASSENGER,MEDIUM,69.2,53.7,25.5,110.0,0.0,0,0.0,2,57.8,51.7,1,AFTERNOON,WEEKDAY,11.2
EXPRESS,HIGH,166.8,45.2,139.5,140.0,0.3,3,2.4,1,23.1,24.8,0,NIGHT,WEEKDAY,0.5
LOCAL,MEDIUM,87.3,38.3,72.7,80.0,0.0,2,3.8,3,57.4,58.6,0,EVENING,WEEKDAY,10.9
PASSENGER,MEDIUM,118.7,30.4,48.2,110.0,0.3,1,4.4,2,94.6,95.3,1,MORNING,WEEKDAY,17.0
FREIGHT,LOW,97.6,33.5,3.0,65.0,0.9,2,4.2,2,89.6,79.0,3,MORNING,WEEKDAY,33.1
EXPRESS,MEDIUM,108.0,77.8,119.0,130.0,0.0,0,0.0,2,51.4,43.0,0,MORNING,WEEKDAY,7.2
PASSENGER,MEDIUM,89.7,44.7,46.8,110.0,6.1,2,3.0,3,74.3,67.2,1,EVENING,WEEKDAY,21.2
LOCAL,MEDIUM,134.0,50.6,30.4,90.0,3.6,1,2.3,2,88.9,82.1,1,EVENING,WEEKDAY,19.4
LOCAL,LOW,75.5,41.1,15.9,90.0,0.1,2,2.8,3,64.9,59.5,1,MORNING,WEEKDAY,18.7
EXPRESS,HIGH,59.2,80.5,36.0,110.0,0.7,4,3.9,3,75.2,66.5,1,AFTERNOON,WEEKDAY,17.5
EXPRESS,MEDIUM,136.4,31.1,136.4,140.0,3.2,1,2.4,2,33.7,31.7,0,MORNING,WEEKDAY,8.5
EXPRESS,HIGH,135.6,69.8,19.7,140.0,0.0,4,3.7,3,86.3,78.7,3,MORNING,WEEKDAY,23.8
PASSENGER,HIGH,100.1,86.5,89.0,110.0,3.1,4,4.5,2,68.5,61.3,0,EVENING,WEEKDAY,18.6
EXPRESS,MEDIUM,42.2,23.1,92.5,110.0,0.1,0,0.0,1,47.5,54.3,0,MORNING,WEEKEND,4.2
EXPRESS,HIGH,51.2,23.7,43.2,110.0,0.0,0,0.0,3,90.8,88.9,1,EVENING,WEEKDAY,12.8
EXPRESS,HIGH,59.9,54.2,6.3,130.0,0.0,2,4.5,1,24.1,23.2,1,AFTERNOON,WEEKDAY,11.6
EXPRESS,HIGH,98.5,77.5,54.8,130.0,2.9,3,2.2,2,74.7,70.8,1,MORNING,WEEKDAY,15.9
PASSENGER,MEDIUM,111.4,38.7,83.2,100.0,2.2,2,3.0,2,10.6,12.7,0,EVENING,WEEKEND,5.0
PASSENGER,MEDIUM,82.1,54.3,17.7,110.0,5.9,2,2.4,2,79.6,74.9,1,EVENING,WEEKDAY,22.3
LOCAL,HIGH,69.9,79.5,78.0,90.0,0.4,0,0.0,1,23.7,13.9,0,AFTERNOON,WEEKDAY,1.9
EXPRESS,HIGH,60.6,94.1,37.1,140.0,0.0,1,1.6,2,83.6,85.4,1,EVENING,WEEKDAY,14.0
FREIGHT,MEDIUM,100.8,18.1,8.4,65.0,2.7,1,4.3,3,63.2,57.9,1,EVENING,WEEKDAY,17.8
EXPRESS,HIGH,48.0,77.8,39.6,130.0,2.5,5,3.1,2,54.1,53.2,2,MORNING,WEEKDAY,19.4
EXPRESS,MEDIUM,109.4,35.0,95.0,110.0,5.0,1,5.0,1,64.9,66.3,0,NIGHT,WEEKDAY,11.6
EXPRESS,HIGH,145.1,94.6,99.0,130.0,1.2,3,3.1,1,35.6,31.1,0,AFTERNOON,WEEKDAY,7.1
EXPRESS,HIGH,52.5,50.1,2.9,140.0,3.5,1,4.7,2,64.8,64.0,1,AFTERNOON,WEEKDAY,15.8
PASSENGER,MEDIUM,160.3,68.1,19.3,100.0,0.0,3,3.6,3,87.5,78.7,1,EVENING,WEEKDAY,21.6
PASSENGER,MEDIUM,57.2,6.2,68.0,100.0,5.9,1,2.2,1,78.9,73.4,0,MORNING,WEEKEND,10.9
EXPRESS,HIGH,103.9,37.5,122.8,140.0,3.7,1,4.7,2,57.6,56.0,0,AFTERNOON,WEEKDAY,10.4
EXPRESS,HIGH,47.0,73.3,22.7,130.0,1.2,3,2.7,2,10.0,5.8,1,AFTERNOON,WEEKDAY,11.6
PASSENGER,MEDIUM,41.2,86.6,46.7,110.0,0.0,5,3.3,3,57.3,55.3,1,EVENING,WEEKDAY,20.1
FREIGHT,LOW,40.1,14.9,55.0,65.0,0.0,0,0.0,2,44.2,45.6,0,MORNING,WEEKEND,6.5
FREIGHT,MEDIUM,171.4,89.2,9.2,65.0,0.0,0,0.0,2,33.4,25.4,1,EVENING,WEEKDAY,15.4
EXPRESS,HIGH,173.9,50.9,131.0,140.0,2.9,2,4.4,1,33.1,33.5,0,AFTERNOON,WEEKDAY,7.7
PASSENGER,HIGH,111.2,26.1,84.6,100.0,2.0,1,3.0,1,50.8,54.8,0,EVENING,WEEKEND,5.3
PASSENGER,MEDIUM,93.8,6.3,17.9,110.0,0.0,1,2.1,2,10.0,8.1,1,NIGHT,WEEKDAY,6.4
PASSENGER,MEDIUM,52.3,65.7,71.1,110.0,0.0,0,0.0,2,89.1,80.8,0,MORNING,WEEKDAY,10.6
EXPRESS,MEDIUM,139.3,81.1,133.2,140.0,0.6,2,3.0,2,30.9,29.7,0,EVENING,WEEKDAY,3.9
EXPRESS,HIGH,32.2,76.4,135.0,140.0,0.0,3,3.3,1,58.0,56.5,0,NIGHT,WEEKDAY,5.5
FREIGHT,MEDIUM,75.6,36.4,12.1,65.0,7.9,0,0.0,2,37.4,27.9,1,EVENING,WEEKDAY,18.9
PASSENGER,MEDIUM,63.8,78.6,5.0,110.0,0.0,0,0.0,3,58.0,50.9,2,EVENING,WEEKDAY,22.5
FREIGHT,LOW,32.0,70.7,23.8,65.0,0.0,2,2.9,4,63.7,56.0,3,MORNING,WEEKDAY,32.5
PASSENGER,HIGH,168.7,60.9,25.9,100.0,1.3,0,0.0,1,76.1,71.7,1,EVENING,WEEKDAY,11.8
EXPRESS,HIGH,91.9,82.4,19.3,130.0,1.1,3,2.8,2,58.4,46.9,1,MORNING,WEEKEND,14.1
EXPRESS,MEDIUM,87.6,56.8,26.0,110.0,0.0,2,4.4,3,90.8,84.6,1,MORNING,WEEKDAY,21.7
EXPRESS,HIGH,67.4,81.5,2.9,140.0,0.0,2,1.9,2,32.9,33.6,1,NIGHT,WEEKDAY,12.4
EXPRESS,HIGH,153.3,79.0,12.9,110.0,0.0,4,5.0,3,77.5,73.4,3,MORNING,WEEKDAY,29.5
PASSENGER,MEDIUM,114.4,27.7,28.9,100.0,3.9,0,0.0,2,41.8,41.7,2,AFTERNOON,WEEKDAY,17.7
EXPRESS,HIGH,93.5,60.8,7.9,120.0,0.0,0,0.0,2,10.0,6.7,3,MORNING,WEEKEND,14.3
LOCAL,MEDIUM,120.2,17.4,71.0,80.0,0.0,0,0.0,1,56.8,49.5,0,EVENING,WEEKDAY,6.1
PASSENGER,MEDIUM,130.1,47.1,8.6,110.0,0.0,2,2.6,4,94.5,85.4,1,EVENING,WEEKDAY,20.3
LOCAL,HIGH,64.1,94.3,27.0,80.0,0.0,1,3.8,2,62.8,56.4,2,EVENING,WEEKDAY,17.5
EXPRESS,HIGH,109.7,73.5,134.4,140.0,4.6,3,2.6,1,66.9,70.2,0,NIGHT,WEEKDAY,8.2
LOCAL,MEDIUM,107.1,77.1,62.6,80.0,0.0,1,2.7,1,61.1,54.7,0,MORNING,WEEKDAY,7.8
PASSENGER,HIGH,77.1,79.6,14.3,110.0,1.8,3,2.9,3,81.2,72.2,1,MORNING,WEEKDAY,19.5
EXPRESS,HIGH,76.7,21.5,16.6,110.0,0.6,0,0.0,2,16.2,17.4,2,NIGHT,WEEKDAY,8.5
EXPRESS,HIGH,91.2,87.3,6.3,130.0,5.0,0,0.0,2,62.3,57.5,2,EVENING,WEEKDAY,22.4
LOCAL,MEDIUM,90.1,37.3,39.2,90.0,1.0,0,0.0,3,74.9,74.9,1,MORNING,WEEKDAY,16.4
PASSENGER,MEDIUM,41.5,47.9,85.0,110.0,0.6,1,2.5,1,10.0,5.8,0,EVENING,WEEKEND,2.0
EXPRESS,HIGH,98.9,49.1,97.9,130.0,3.2,2,4.8,1,19.4,22.3,0,NIGHT,WEEKDAY,8.7
EXPRESS,MEDIUM,98.2,40.1,92.3,110.0,4.5,2,2.9,2,63.2,58.7,0,EVENING,WEEKDAY,12.9
FREIGHT,LOW,166.6,7.0,34.5,65.0,0.0,1,3.0,3,95.5,90.4,0,EVENING,WEEKDAY,14.8
LOCAL,MEDIUM,48.3,39.8,72.2,80.0,0.0,0,0.0,2,17.7,12.6,0,NIGHT,WEEKDAY,2.7
PASSENGER,MEDIUM,70.4,16.1,31.5,100.0,6.1,0,0.0,2,79.7,72.6,1,EVENING,WEEKDAY,19.3
LOCAL,MEDIUM,86.2,69.7,17.1,80.0,0.8,0,0.0,2,46.3,55.8,2,NIGHT,WEEKEND,16.5
EXPRESS,HIGH,177.9,61.9,108.1,130.0,1.4,2,4.4,1,41.1,41.3,0,MORNING,WEEKEND,6.9
LOCAL,MEDIUM,176.0,56.8,62.7,80.0,1.1,3,1.7,2,53.4,55.2,0,AFTERNOON,WEEKEND,7.5
PASSENGER,HIGH,114.2,33.9,6.2,110.0,4.8,1,4.8,2,92.5,87.2,1,EVENING,WEEKDAY,19.1
FREIGHT,LOW,167.8,88.2,65.3,75.0,0.0,4,3.8,1,61.1,59.3,0,MORNING,WEEKDAY,13.5
LOCAL,MEDIUM,45.1,40.4,6.6,80.0,0.0,0,0.0,2,88.4,81.2,2,MORNING,WEEKDAY,20.0
LOCAL,LOW,168.6,86.4,61.5,80.0,0.0,5,3.5,1,65.6,57.4,0,MORNING,WEEKEND,11.6
PASSENGER,MEDIUM,65.1,49.9,37.0,100.0,1.3,3,2.3,2,64.8,62.2,2,EVENING,WEEKEND,17.1
PASSENGER,MEDIUM,114.4,60.7,92.3,110.0,5.2,4,2.2,1,24.2,22.8,0,AFTERNOON,WEEKDAY,7.1
PASSENGER,MEDIUM,137.5,57.2,87.1,110.0,3.5,1,2.9,1,62.3,66.1,0,NIGHT,WEEKDAY,10.7
PASSENGER,MEDIUM,90.5,6.3,97.4,110.0,24.7,1,3.4,2,33.1,32.9,0,MORNING,WEEKEND,29.0
LOCAL,MEDIUM,109.5,10.5,30.4,80.0,0.3,0,0.0,4,72.7,66.2,1,MORNING,WEEKDAY,15.7
PASSENGER,HIGH,178.8,63.3,32.8,110.0,0.9,2,2.8,4,76.8,72.7,1,MORNING,WEEKDAY,17.1
EXPRESS,MEDIUM,98.7,53.5,8.4,110.0,0.6,0,0.0,2,90.2,80.6,1,EVENING,WEEKDAY,16.9
EXPRESS,HIGH,113.1,87.6,9.9,140.0,2.8,0,0.0,4,83.1,78.9,1,MORNING,WEEKDAY,21.5
FREIGHT,LOW,68.5,52.4,26.5,65.0,3.6,1,2.6,1,98.0,93.4,1,EVENING,WEEKDAY,23.4
FREIGHT,LOW,76.7,62.8,17.2,75.0,1.2,4,2.2,2,87.1,78.2,3,MORNING,WEEKDAY,32.6
PASSENGER,MEDIUM,178.8,48.4,84.4,100.0,0.0,0,0.0,1,62.7,61.1,0,EVENING,WEEKDAY,7.1
LOCAL,MEDIUM,108.9,83.1,64.1,80.0,16.5,1,1.8,1,86.7,85.8,0,EVENING,WEEKDAY,25.6
FREIGHT,LOW,113.1,85.7,19.4,65.0,0.0,2,2.8,3,43.8,35.0,3,NIGHT,WEEKDAY,29.0
EXPRESS,HIGH,61.1,31.0,40.7,110.0,3.1,1,3.2,1,76.0,72.0,1,EVENING,WEEKDAY,13.0
EXPRESS,HIGH,166.6,7.6,116.4,140.0,0.8,0,0.0,3,69.0,60.7,0,EVENING,WEEKDAY,7.8
LOCAL,LOW,73.3,78.5,5.9,80.0,0.6,5,4.0,3,70.4,62.5,1,EVENING,WEEKDAY,29.5
PASSENGER,MEDIUM,78.0,54.1,103.3,110.0,0.3,2,4.9,1,28.3,28.3,0,AFTERNOON,WEEKEND,6.7
PASSENGER,HIGH,54.4,16.0,16.5,110.0,11.7,1,2.5,2,49.4,39.5,1,EVENING,WEEKDAY,20.0
EXPRESS,HIGH,122.5,61.2,8.4,130.0,0.0,3,2.3,2,87.4,91.0,3,MORNING,WEEKDAY,19.3
FREIGHT,LOW,121.7,38.9,56.0,65.0,0.0,0,0.0,1,59.9,57.1,0,AFTERNOON,WEEKDAY,6.4
LOCAL,MEDIUM,67.9,39.0,76.9,90.0,0.0,1,3.1,2,37.3,28.7,0,AFTERNOON,WEEKEND,4.8
EXPRESS,HIGH,141.5,58.2,114.4,120.0,4.4,1,3.6,1,46.4,39.0,0,NIGHT,WEEKDAY,7.6
PASSENGER,MEDIUM,151.7,65.2,105.2,110.0,0.0,3,3.2,1,26.9,24.5,0,AFTERNOON,WEEKEND,2.1
EXPRESS,HIGH,129.7,80.1,33.7,120.0,0.0,1,4.3,4,66.6,59.1,1,MORNING,WEEKDAY,17.4
EXPRESS,HIGH,120.6,51.1,48.5,120.0,0.0,0,0.0,3,83.1,81.5,1,MORNING,WEEKDAY,13.6
PASSENGER,MEDIUM,127.0,59.8,9.3,100.0,0.0,3,4.4,2,70.6,73.3,1,MORNING,WEEKDAY,21.9
EXPRESS,HIGH,166.8,66.3,105.5,130.0,3.3,3,3.0,1,41.4,37.9,0,NIGHT,WEEKEND,6.2
EXPRESS,HIGH,133.8,18.3,42.1,130.0,6.4,1,2.2,1,68.5,67.1,1,MORNING,WEEKEND,13.0
EXPRESS,HIGH,170.9,6.7,10.9,120.0,6.0,0,0.0,2,23.8,25.6,2,EVENING,WEEKEND,14.1
FREIGHT,LOW,116.3,52.2,28.9,65.0,0.0,2,4.1,2,50.6,46.8,1,EVENING,WEEKDAY,17.7
EXPRESS,HIGH,30.8,53.9,27.8,120.0,0.0,3,4.9,1,98.0,89.8,1,EVENING,WEEKDAY,16.8
PASSENGER,HIGH,44.6,66.9,0.2,110.0,0.0,0,0.0,1,68.3,63.6,1,NIGHT,WEEKDAY,11.3
FREIGHT,LOW,163.8,19.1,57.5,75.0,5.4,0,0.0,2,38.0,47.9,0,NIGHT,WEEKDAY,12.0
LOCAL,HIGH,56.2,61.5,78.7,80.0,6.3,3,3.9,3,55.2,59.7,0,AFTERNOON,WEEKDAY,15.4
EXPRESS,HIGH,178.4,33.3,99.7,140.0,1.0,1,1.8,2,89.8,81.9,0,MORNING,WEEKDAY,8.7
LOCAL,MEDIUM,121.1,56.7,1.7,90.0,1.0,2,1.7,3,32.8,28.7,1,EVENING,WEEKDAY,15.2
EXPRESS,HIGH,31.4,91.0,88.5,110.0,0.0,0,0.0,1,60.4,66.0,0,MORNING,WEEKEND,3.7
EXPRESS,HIGH,160.0,82.4,49.8,140.0,0.0,2,4.5,3,25.9,23.6,2,MORNING,WEEKDAY,16.6
PASSENGER,HIGH,61.4,75.5,2.9,110.0,4.3,5,2.1,2,31.3,25.9,1,NIGHT,WEEKEND,16.6
LOCAL,MEDIUM,128.6,72.7,75.0,90.0,0.0,4,3.9,3,33.5,37.3,0,AFTERNOON,WEEKEND,9.5
EXPRESS,HIGH,148.9,78.9,16.1,120.0,0.0,0,0.0,2,71.8,66.8,1,MORNING,WEEKDAY,14.2
PASSENGER,MEDIUM,133.1,68.4,78.8,100.0,4.0,2,4.2,1,23.8,20.8,0,EVENING,WEEKEND,9.1
EXPRESS,HIGH,138.2,11.0,9.6,130.0,1.0,0,0.0,2,66.3,68.7,2,EVENING,WEEKDAY,12.5
LOCAL,MEDIUM,156.4,9.6,1.2,80.0,3.6,1,2.0,2,77.9,82.5,1,EVENING,WEEKDAY,17.3
PASSENGER,MEDIUM,109.7,93.7,1.7,110.0,0.0,1,3.0,3,53.1,55.4,1,EVENING,WEEKDAY,20.8
PASSENGER,MEDIUM,176.2,22.0,5.5,110.0,0.0,0,0.0,2,86.3,78.0,1,MORNING,WEEKDAY,14.0
EXPRESS,MEDIUM,57.6,45.3,36.8,120.0,0.0,3,2.1,3,73.6,72.4,1,MORNING,WEEKDAY,16.5
PASSENGER,MEDIUM,119.9,76.9,6.9,110.0,2.8,0,0.0,3,73.2,64.2,2,EVENING,WEEKDAY,26.7
EXPRESS,HIGH,40.0,71.4,76.6,120.0,0.5,3,2.9,1,81.2,77.0,0,AFTERNOON,WEEKDAY,6.9
LOCAL,MEDIUM,71.2,50.8,7.7,80.0,20.9,3,2.9,1,40.1,37.5,1,MORNING,WEEKEND,31.8
LOCAL,MEDIUM,161.9,61.9,9.8,80.0,0.0,0,0.0,1,91.1,84.9,1,EVENING,WEEKDAY,15.6
FREIGHT,LOW,162.6,63.2,33.2,75.0,4.0,4,2.6,3,89.0,83.4,1,EVENING,WEEKDAY,24.6
LOCAL,LOW,119.2,23.1,72.1,80.0,6.0,0,0.0,1,36.4,41.6,0,EVENING,WEEKEND,10.3
PASSENGER,MEDIUM,73.5,63.9,101.0,110.0,0.0,2,2.9,1,54.6,54.2,0,MORNING,WEEKEND,4.0
PASSENGER,MEDIUM,165.7,41.3,73.8,110.0,0.5,0,0.0,1,70.6,68.4,0,AFTERNOON,WEEKDAY,6.4
PASSENGER,MEDIUM,82.0,60.8,94.1,110.0,0.0,3,1.7,1,44.1,46.4,0,AFTERNOON,WEEKDAY,3.5
EXPRESS,HIGH,131.5,67.3,30.7,130.0,0.8,3,2.6,2,77.2,73.8,1,MORNING,WEEKDAY,14.3
LOCAL,LOW,122.2,17.4,67.8,80.0,0.1,1,2.0,1,50.2,42.4,0,EVENING,WEEKDAY,7.7
EXPRESS,HIGH,98.2,85.4,6.0,110.0,0.0,4,2.0,1,86.7,86.0,1,EVENING,WEEKDAY,15.2
EXPRESS,HIGH,35.6,62.0,39.7,140.0,0.0,1,2.6,2,87.1,79.6,1,MORNING,WEEKDAY,13.2
EXPRESS,HIGH,33.9,19.9,53.4,140.0,0.4,0,0.0,1,15.4,16.6,1,MORNING,WEEKEND,4.4
EXPRESS,MEDIUM,154.1,50.5,136.4,140.0,3.1,0,0.0,1,10.0,10.2,0,AFTERNOON,WEEKDAY,3.3
LOCAL,MEDIUM,155.0,14.5,34.4,80.0,3.3,1,4.8,4,72.6,67.3,1,EVENING,WEEKDAY,21.4
PASSENGER,MEDIUM,179.1,71.6,27.5,110.0,0.0,0,0.0,1,95.7,92.1,2,EVENING,WEEKDAY,20.6
PASSENGER,MEDIUM,48.5,12.4,92.2,100.0,11.4,0,0.0,1,42.3,41.3,0,AFTERNOON,WEEKDAY,14.5
PASSENGER,MEDIUM,157.0,12.8,94.7,110.0,5.0,0,0.0,1,38.3,40.1,0,EVENING,WEEKEND,7.8
PASSENGER,MEDIUM,161.6,11.2,90.9,110.0,0.0,1,4.8,1,81.4,72.4,0,MORNING,WEEKDAY,10.0
LOCAL,LOW,86.1,34.9,11.0,90.0,1.7,1,2.3,4,73.5,68.5,3,MORNING,WEEKDAY,34.3
FREIGHT,LOW,177.0,81.5,62.9,75.0,0.0,4,3.5,1,51.4,50.2,0,AFTERNOON,WEEKDAY,10.2
LOCAL,MEDIUM,92.8,82.5,35.0,80.0,5.9,0,0.0,2,43.4,41.4,1,EVENING,WEEKEND,19.0
EXPRESS,HIGH,84.8,94.4,3.1,130.0,1.2,5,3.1,2,29.9,29.6,1,MORNING,WEEKDAY,19.3
FREIGHT,LOW,127.8,27.4,15.5,65.0,5.7,1,4.7,3,34.8,35.1,1,NIGHT,WEEKDAY,21.2
EXPRESS,HIGH,128.0,82.9,5.9,140.0,1.3,4,4.0,3,74.9,68.6,1,MORNING,WEEKDAY,22.1
PASSENGER,MEDIUM,83.7,65.0,90.1,100.0,16.4,2,2.3,1,36.0,43.2,0,AFTERNOON,WEEKDAY,19.6
PASSENGER,MEDIUM,30.7,63.1,53.6,110.0,1.9,4,3.8,4,84.5,84.0,0,MORNING,WEEKDAY,20.2
FREIGHT,MEDIUM,121.3,18.3,71.2,75.0,0.0,0,0.0,2,39.1,38.0,0,AFTERNOON,WEEKDAY,4.1
EXPRESS,MEDIUM,107.2,32.9,89.0,110.0,0.0,1,2.2,1,55.1,45.7,0,AFTERNOON,WEEKDAY,4.5
LOCAL,MEDIUM,129.0,72.4,0.7,90.0,6.7,3,3.1,2,32.3,18.4,1,EVENING,WEEKDAY,23.7
EXPRESS,HIGH,165.6,74.0,43.0,140.0,0.5,0,0.0,1,48.2,46.5,1,EVENING,WEEKEND,9.6
LOCAL,LOW,85.9,56.2,77.0,80.0,0.0,2,2.6,4,63.3,58.6,0,MORNING,WEEKDAY,12.0
EXPRESS,HIGH,63.6,5.9,126.4,140.0,0.1,0,0.0,2,14.4,12.3,0,AFTERNOON,WEEKEND,2.1
EXPRESS,HIGH,131.3,90.2,36.8,130.0,0.2,3,2.8,2,34.9,34.0,3,EVENING,WEEKDAY,18.5
PASSENGER,MEDIUM,160.9,82.3,27.2,100.0,2.2,1,2.8,2,54.5,57.7,1,MORNING,WEEKDAY,17.4
PASSENGER,MEDIUM,57.5,77.1,35.0,100.0,2.4,3,2.4,2,79.6,70.8,2,MORNING,WEEKDAY,22.1
EXPRESS,HIGH,104.0,64.0,10.5,130.0,0.0,0,0.0,3,46.2,44.8,2,MORNING,WEEKDAY,15.4
EXPRESS,HIGH,62.5,92.2,91.5,110.0,1.2,1,2.3,1,40.5,40.3,0,EVENING,WEEKEND,4.8
EXPRESS,MEDIUM,77.6,79.2,56.3,140.0,0.0,0,0.0,1,27.8,27.7,1,AFTERNOON,WEEKEND,9.2
EXPRESS,HIGH,172.1,44.2,116.0,130.0,0.0,1,2.8,3,64.6,58.5,0,MORNING,WEEKDAY,8.1
PASSENGER,HIGH,34.6,41.3,84.7,110.0,2.8,1,3.1,1,16.7,17.3,0,NIGHT,WEEKEND,4.5
PASSENGER,HIGH,153.0,92.9,72.1,110.0,1.5,3,4.4,2,79.8,72.2,0,MORNING,WEEKDAY,14.5
EXPRESS,HIGH,104.1,44.9,23.7,110.0,4.7,0,0.0,2,66.0,58.9,2,EVENING,WEEKDAY,18.9
FREIGHT,MEDIUM,100.8,18.8,24.0,65.0,2.6,0,0.0,3,92.5,83.3,3,EVENING,WEEKDAY,25.8
EXPRESS,HIGH,155.9,55.2,49.3,120.0,0.0,3,1.6,2,32.2,26.3,3,AFTERNOON,WEEKDAY,11.3
FREIGHT,LOW,30.1,94.9,27.1,75.0,0.0,1,3.3,3,82.9,76.2,1,EVENING,WEEKDAY,23.8
PASSENGER,MEDIUM,164.4,42.1,12.7,110.0,0.0,1,3.6,2,98.0,89.4,1,EVENING,WEEKDAY,17.6
PASSENGER,MEDIUM,55.7,64.9,70.5,110.0,0.0,0,0.0,1,90.4,80.1,0,MORNING,WEEKDAY,9.0
LOCAL,LOW,178.2,81.2,29.0,90.0,8.7,0,0.0,3,43.9,33.0,1,MORNING,WEEKDAY,27.7
EXPRESS,HIGH,53.9,48.7,97.1,140.0,0.7,0,0.0,1,71.9,72.1,0,MORNING,WEEKDAY,6.4
EXPRESS,HIGH,46.4,78.6,92.2,120.0,0.0,3,1.9,2,33.9,35.2,0,AFTERNOON,WEEKDAY,4.5
PASSENGER,MEDIUM,151.6,67.6,78.5,100.0,11.2,3,3.1,1,71.6,68.2,0,NIGHT,WEEKDAY,18.3
FREIGHT,LOW,108.7,42.5,58.0,75.0,0.3,1,3.4,1,35.5,30.3,0,AFTERNOON,WEEKDAY,4.9
PASSENGER,MEDIUM,126.5,77.0,4.7,110.0,2.1,2,2.9,3,91.0,86.9,1,EVENING,WEEKDAY,24.0
LOCAL,HIGH,130.0,14.2,61.7,80.0,22.1,1,4.4,1,26.5,35.3,0,AFTERNOON,WEEKEND,24.8
PASSENGER,HIGH,81.4,15.2,14.8,110.0,1.9,0,0.0,2,12.6,11.9,3,AFTERNOON,WEEKDAY,11.7
LOCAL,MEDIUM,135.6,14.9,73.9,80.0,11.5,1,2.0,3,41.6,33.7,0,MORNING,WEEKDAY,19.4
EXPRESS,HIGH,179.6,77.2,24.1,110.0,0.0,1,1.9,2,94.3,88.5,2,MORNING,WEEKDAY,16.7
EXPRESS,HIGH,106.8,9.9,48.6,120.0,3.4,0,0.0,3,63.4,65.6,2,MORNING,WEEKDAY,16.1
EXPRESS,HIGH,77.1,21.2,119.3,130.0,0.0,1,3.1,2,23.0,27.8,0,EVENING,WEEKEND,3.1
PASSENGER,MEDIUM,142.5,36.4,90.6,110.0,0.0,2,4.5,1,36.8,35.1,0,AFTERNOON,WEEKDAY,5.3
LOCAL,MEDIUM,60.2,20.6,77.6,90.0,9.2,0,0.0,1,41.1,32.7,0,MORNING,WEEKDAY,14.0
EXPRESS,HIGH,30.8,65.1,16.4,130.0,0.2,1,2.5,1,23.7,22.1,1,AFTERNOON,WEEKEND,8.9
EXPRESS,HIGH,163.5,63.6,128.4,140.0,2.8,4,2.3,1,11.8,10.2,0,AFTERNOON,WEEKEND,3.8
PASSENGER,MEDIUM,33.6,34.9,3.8,110.0,1.4,1,2.2,2,47.0,40.5,3,EVENING,WEEKDAY,21.3
EXPRESS,MEDIUM,160.9,62.3,98.3,120.0,1.2,1,2.3,2,39.4,33.6,0,AFTERNOON,WEEKEND,7.4
EXPRESS,HIGH,55.1,78.7,86.8,110.0,0.0,2,4.9,1,81.4,82.2,0,AFTERNOON,WEEKDAY,9.2
EXPRESS,HIGH,152.4,47.9,115.1,120.0,0.0,2,4.9,3,52.3,48.8,0,MORNING,WEEKDAY,10.7
PASSENGER,MEDIUM,34.2,89.5,17.5,110.0,0.2,1,3.1,2,28.0,24.2,1,NIGHT,WEEKDAY,13.4
LOCAL,MEDIUM,39.6,67.9,73.3,80.0,1.6,2,1.5,2,47.7,50.4,0,MORNING,WEEKDAY,8.9
EXPRESS,HIGH,146.9,15.8,100.4,130.0,2.2,0,0.0,1,14.8,16.7,0,AFTERNOON,WEEKDAY,3.2
FREIGHT,MEDIUM,132.4,88.5,70.2,75.0,0.7,0,0.0,1,41.9,38.6,0,MORNING,WEEKEND,3.4
FREIGHT,MEDIUM,44.5,43.0,64.5,65.0,0.2,2,2.8,1,10.4,12.0,0,NIGHT,WEEKDAY,0.0
EXPRESS,HIGH,156.3,86.0,121.8,140.0,0.0,4,4.5,2,66.7,59.8,0,EVENING,WEEKDAY,12.1
LOCAL,LOW,102.9,15.9,19.2,80.0,0.0,1,1.6,2,28.3,27.9,1,NIGHT,WEEKDAY,11.3
FREIGHT,LOW,66.1,19.2,9.5,65.0,0.0,0,0.0,2,60.3,57.2,1,EVENING,WEEKDAY,15.5
EXPRESS,HIGH,98.9,85.8,31.0,140.0,2.3,1,4.6,2,48.1,41.4,1,EVENING,WEEKDAY,16.7
FREIGHT,LOW,77.5,65.5,3.4,75.0,2.8,4,4.4,2,93.5,84.8,1,MORNING,WEEKDAY,32.0
EXPRESS,HIGH,58.4,31.9,112.2,130.0,11.2,0,0.0,1,26.2,32.0,0,EVENING,WEEKEND,13.0
PASSENGER,MEDIUM,133.2,36.6,57.6,100.0,0.0,0,0.0,3,92.4,84.9,0,EVENING,WEEKDAY,12.3
PASSENGER,MEDIUM,44.9,61.6,90.2,100.0,0.0,1,2.3,1,12.3,17.1,0,AFTERNOON,WEEKDAY,2.8
EXPRESS,HIGH,81.8,38.9,97.3,120.0,10.1,2,2.6,1,21.1,22.0,0,EVENING,WEEKEND,12.4
EXPRESS,HIGH,168.6,14.2,8.9,130.0,13.6,1,1.8,2,46.0,49.9,1,EVENING,WEEKEND,20.8
EXPRESS,HIGH,142.2,84.3,102.3,110.0,3.4,4,3.8,1,41.1,30.3,0,MORNING,WEEKEND,9.4
FREIGHT,MEDIUM,37.5,25.9,9.8,65.0,4.6,1,4.3,2,98.0,83.6,1,EVENING,WEEKDAY,20.7
EXPRESS,HIGH,70.9,45.0,2.6,110.0,0.0,2,2.4,1,98.0,90.4,3,EVENING,WEEKDAY,16.6
PASSENGER,MEDIUM,70.0,72.9,23.0,100.0,0.7,3,1.6,2,36.3,40.2,1,MORNING,WEEKEND,13.3
EXPRESS,HIGH,140.8,80.0,50.6,120.0,0.4,0,0.0,1,87.8,83.8,1,MORNING,WEEKDAY,12.1
EXPRESS,MEDIUM,142.2,65.0,43.0,110.0,0.0,2,3.8,3,55.6,54.2,1,MORNING,WEEKDAY,16.9
EXPRESS,HIGH,91.7,6.4,90.4,120.0,2.3,1,2.7,1,31.8,22.4,0,EVENING,WEEKEND,3.4
PASSENGER,MEDIUM,87.6,11.9,100.5,110.0,0.0,1,4.6,1,28.9,39.4,0,MORNING,WEEKEND,4.4
EXPRESS,HIGH,154.3,48.3,126.9,130.0,0.0,0,0.0,1,38.3,39.0,0,AFTERNOON,WEEKDAY,2.6
LOCAL,LOW,164.2,67.3,75.8,80.0,14.3,2,3.0,1,10.0,12.4,0,NIGHT,WEEKEND,15.6
FREIGHT,LOW,151.9,67.6,60.4,65.0,2.8,0,0.0,1,23.2,28.0,0,EVENING,WEEKEND,4.9
EXPRESS,MEDIUM,57.2,52.3,12.1,130.0,0.0,0,0.0,1,95.7,94.1,1,EVENING,WEEKDAY,17.2
PASSENGER,MEDIUM,77.5,63.0,81.5,100.0,1.7,3,2.7,1,64.4,57.6,0,NIGHT,WEEKDAY,8.5
PASSENGER,MEDIUM,105.5,48.5,54.8,110.0,0.0,3,3.9,2,98.0,97.8,0,MORNING,WEEKDAY,16.1
LOCAL,LOW,176.7,17.2,48.5,80.0,8.7,0,0.0,1,73.0,59.7,0,EVENING,WEEKDAY,17.9
EXPRESS,HIGH,156.8,59.7,39.2,120.0,2.2,3,2.9,2,69.8,70.5,2,EVENING,WEEKDAY,17.2
LOCAL,MEDIUM,31.1,92.7,6.2,80.0,0.7,3,3.4,2,70.1,65.9,1,AFTERNOON,WEEKDAY,20.0
EXPRESS,HIGH,48.5,88.0,107.0,110.0,2.5,3,4.3,1,23.3,29.5,0,AFTERNOON,WEEKDAY,5.1
EXPRESS,HIGH,153.6,11.7,41.5,110.0,0.3,1,2.5,2,90.1,84.8,1,EVENING,WEEKDAY,12.2
PASSENGER,HIGH,113.5,58.4,29.9,110.0,0.0,0,0.0,2,33.8,27.0,2,EVENING,WEEKEND,11.1
FREIGHT,LOW,74.8,10.4,59.2,75.0,0.0,1,5.0,1,22.1,21.6,0,AFTERNOON,WEEKEND,3.8
PASSENGER,MEDIUM,145.6,70.2,6.4,100.0,2.2,3,1.5,2,53.8,49.1,1,NIGHT,WEEKEND,15.2
EXPRESS,HIGH,44.8,35.5,97.6,130.0,0.6,1,4.1,1,44.9,48.0,0,NIGHT,WEEKEND,4.8
PASSENGER,HIGH,76.3,45.3,46.3,100.0,1.2,2,4.9,2,76.2,77.4,0,EVENING,WEEKEND,11.8
PASSENGER,MEDIUM,148.7,35.2,38.1,100.0,1.9,1,4.5,3,80.6,78.4,2,MORNING,WEEKDAY,22.3
EXPRESS,HIGH,46.7,31.5,6.7,130.0,3.1,0,0.0,1,50.6,47.7,1,MORNING,WEEKDAY,12.1
PASSENGER,HIGH,35.1,59.6,93.7,110.0,4.5,3,4.7,1,52.5,48.0,0,EVENING,WEEKEND,13.0
PASSENGER,MEDIUM,45.3,8.4,65.2,100.0,0.0,1,3.4,1,77.9,74.1,0,EVENING,WEEKDAY,8.4
PASSENGER,MEDIUM,124.8,18.1,22.0,100.0,3.7,0,0.0,2,21.0,26.6,1,AFTERNOON,WEEKDAY,11.9
PASSENGER,MEDIUM,36.4,31.7,99.6,100.0,8.3,2,1.8,2,20.6,12.0,0,AFTERNOON,WEEKDAY,10.2
LOCAL,MEDIUM,179.4,55.6,27.1,90.0,0.5,2,2.4,3,38.0,39.1,1,AFTERNOON,WEEKDAY,12.6
LOCAL,LOW,151.6,94.2,25.3,90.0,2.9,5,4.4,2,39.8,42.3,3,AFTERNOON,WEEKDAY,37.0
PASSENGER,MEDIUM,37.4,24.9,90.2,110.0,0.0,1,3.5,3,85.8,76.8,0,EVENING,WEEKDAY,10.0
FREIGHT,LOW,173.9,82.8,56.9,75.0,2.9,2,3.9,2,87.9,75.7,0,EVENING,WEEKDAY,18.0
PASSENGER,HIGH,155.7,27.3,27.0,110.0,0.0,1,3.5,2,39.4,37.2,1,NIGHT,WEEKEND,7.1
EXPRESS,MEDIUM,32.7,15.8,112.0,140.0,1.3,0,0.0,1,22.8,21.6,0,EVENING,WEEKEND,3.5
EXPRESS,MEDIUM,50.8,91.0,109.2,120.0,4.2,2,1.8,1,30.2,30.9,0,AFTERNOON,WEEKDAY,6.4
PASSENGER,MEDIUM,43.8,33.5,31.1,100.0,0.4,0,0.0,1,82.2,83.7,2,AFTERNOON,WEEKDAY,15.8
PASSENGER,MEDIUM,136.3,16.8,42.2,110.0,4.6,0,0.0,2,63.2,67.2,2,AFTERNOON,WEEKDAY,18.2
PASSENGER,MEDIUM,105.7,22.6,25.4,100.0,0.0,0,0.0,2,71.4,67.9,2,MORNING,WEEKDAY,16.1
PASSENGER,MEDIUM,65.1,63.8,11.0,100.0,4.6,2,3.3,2,91.0,86.7,1,MORNING,WEEKDAY,24.1
PASSENGER,MEDIUM,120.6,15.8,16.2,100.0,0.0,0,0.0,2,89.6,85.9,1,MORNING,WEEKDAY,14.0
LOCAL,MEDIUM,91.4,74.0,87.1,90.0,0.0,3,1.7,1,28.9,26.1,0,AFTERNOON,WEEKDAY,0.0
FREIGHT,MEDIUM,93.2,38.7,54.9,75.0,4.4,1,3.9,3,75.8,73.8,0,MORNING,WEEKDAY,16.7
PASSENGER,MEDIUM,53.0,29.7,14.2,100.0,2.0,0,0.0,2,76.8,71.7,1,EVENING,WEEKDAY,16.1
EXPRESS,HIGH,38.7,88.9,75.9,120.0,2.6,4,4.2,2,87.1,83.9,0,EVENING,WEEKDAY,18.0
LOCAL,LOW,109.3,61.5,24.4,90.0,1.3,3,2.5,2,63.5,67.5,2,EVENING,WEEKEND,23.9
FREIGHT,MEDIUM,170.1,79.9,50.8,65.0,0.0,0,0.0,2,50.0,36.9,0,MORNING,WEEKEND,6.0
PASSENGER,MEDIUM,110.7,15.8,87.7,100.0,0.0,1,1.9,1,23.6,29.4,0,NIGHT,WEEKEND,1.5
FREIGHT,MEDIUM,174.2,70.1,11.7,75.0,0.0,1,4.4,1,82.3,78.6,3,MORNING,WEEKDAY,25.1
EXPRESS,HIGH,125.4,55.8,121.0,130.0,8.9,2,4.9,1,43.4,43.3,0,NIGHT,WEEKDAY,14.9
EXPRESS,HIGH,149.0,16.4,125.3,140.0,2.7,1,4.1,1,15.3,16.6,0,EVENING,WEEKEND,5.0
EXPRESS,HIGH,43.2,65.5,62.7,140.0,0.0,4,3.9,3,43.6,50.9,1,AFTERNOON,WEEKDAY,15.0
PASSENGER,HIGH,125.1,63.3,100.6,110.0,6.3,1,2.0,1,14.4,9.4,0,AFTERNOON,WEEKDAY,6.6
EXPRESS,HIGH,31.2,53.9,1.5,110.0,0.0,2,4.2,2,92.1,83.6,1,EVENING,WEEKDAY,17.1
EXPRESS,HIGH,50.7,24.0,54.0,140.0,6.3,1,2.2,2,78.5,74.6,1,EVENING,WEEKDAY,16.7
PASSENGER,HIGH,31.5,37.0,43.0,100.0,0.0,1,3.9,2,90.5,82.4,1,EVENING,WEEKDAY,12.6
EXPRESS,HIGH,122.1,65.3,24.8,140.0,4.0,2,4.8,2,71.6,73.1,2,MORNING,WEEKDAY,24.6
LOCAL,MEDIUM,167.7,39.8,77.6,90.0,0.0,0,0.0,1,47.1,43.1,0,AFTERNOON,WEEKDAY,3.3
PASSENGER,MEDIUM,59.8,15.3,0.1,110.0,0.2,1,2.0,2,39.4,38.5,1,NIGHT,WEEKDAY,9.2
PASSENGER,MEDIUM,48.2,20.6,79.9,110.0,0.0,1,3.9,3,83.5,77.9,0,EVENING,WEEKDAY,12.5
EXPRESS,HIGH,51.4,47.7,110.3,140.0,0.0,1,2.7,3,52.3,50.7,0,AFTERNOON,WEEKEND,6.7
EXPRESS,HIGH,129.4,69.4,20.6,120.0,1.2,2,2.0,2,74.3,70.2,1,MORNING,WEEKDAY,15.0
LOCAL,LOW,70.6,70.5,28.9,80.0,0.0,2,4.0,2,91.1,83.9,2,MORNING,WEEKDAY,27.8
EXPRESS,HIGH,158.1,94.4,122.4,130.0,0.0,4,2.9,2,44.3,46.5,0,NIGHT,WEEKDAY,6.4
EXPRESS,HIGH,56.5,87.5,28.1,110.0,0.0,2,4.2,3,25.9,32.0,1,AFTERNOON,WEEKDAY,14.2
PASSENGER,MEDIUM,52.6,30.1,25.8,110.0,0.0,2,4.7,1,91.8,87.0,2,MORNING,WEEKDAY,20.8
EXPRESS,HIGH,135.4,50.6,45.4,130.0,13.3,1,3.7,2,70.5,68.9,1,MORNING,WEEKDAY,26.1
EXPRESS,HIGH,177.1,45.6,81.8,110.0,2.7,1,1.5,2,78.0,74.4,0,NIGHT,WEEKEND,8.6
PASSENGER,HIGH,58.3,16.1,58.3,110.0,0.0,0,0.0,2,72.8,70.3,0,EVENING,WEEKDAY,7.0
EXPRESS,HIGH,143.9,22.4,41.4,120.0,0.0,0,0.0,1,86.6,81.2,2,EVENING,WEEKEND,9.8
EXPRESS,HIGH,42.3,84.4,2.6,120.0,0.0,4,4.7,2,34.8,35.2,1,AFTERNOON,WEEKDAY,19.9
LOCAL,MEDIUM,63.3,23.5,1.5,90.0,2.6,0,0.0,4,65.6,60.5,2,EVENING,WEEKDAY,22.7
PASSENGER,MEDIUM,176.3,78.1,75.5,100.0,0.1,5,3.2,2,65.3,59.5,0,MORNING,WEEKDAY,12.1
PASSENGER,HIGH,77.4,17.6,44.9,110.0,2.4,0,0.0,3,85.9,86.2,0,EVENING,WEEKDAY,11.3
FREIGHT,LOW,177.9,45.3,2.0,65.0,4.9,1,4.6,2,94.4,89.7,1,MORNING,WEEKDAY,27.5
EXPRESS,HIGH,97.9,49.6,92.4,120.0,0.0,0,0.0,1,61.2,61.1,0,AFTERNOON,WEEKDAY,3.6
EXPRESS,HIGH,99.8,33.2,57.5,130.0,1.6,2,3.4,3,72.2,60.2,2,MORNING,WEEKDAY,17.8
EXPRESS,HIGH,30.4,86.4,101.8,110.0,0.0,2,3.1,2,62.4,67.9,0,EVENING,WEEKDAY,8.4
EXPRESS,HIGH,80.5,14.2,115.5,120.0,0.0,1,2.1,1,20.8,18.1,0,AFTERNOON,WEEKDAY,0.6
EXPRESS,HIGH,130.4,33.2,4.0,120.0,1.2,2,4.5,2,63.0,55.5,1,MORNING,WEEKDAY,16.1
EXPRESS,HIGH,77.5,8.2,94.2,120.0,0.6,1,3.8,1,67.6,73.0,0,NIGHT,WEEKEND,5.1
PASSENGER,MEDIUM,82.1,67.9,98.1,100.0,7.7,1,4.3,1,27.1,31.2,0,NIGHT,WEEKDAY,9.5
PASSENGER,MEDIUM,88.5,19.4,8.8,110.0,0.0,0,0.0,2,98.0,90.0,1,MORNING,WEEKDAY,15.6
LOCAL,MEDIUM,123.9,85.9,37.7,90.0,3.0,2,3.9,3,98.0,96.7,1,MORNING,WEEKDAY,25.0
EXPRESS,HIGH,49.8,10.1,58.8,140.0,0.0,1,4.9,3,24.9,25.5,3,MORNING,WEEKDAY,16.3
PASSENGER,HIGH,123.0,9.3,96.3,110.0,0.2,1,4.5,1,28.9,30.0,0,AFTERNOON,WEEKDAY,3.3
PASSENGER,MEDIUM,119.5,64.2,47.4,110.0,0.0,2,4.6,2,58.9,53.2,3,AFTERNOON,WEEKDAY,22.8
EXPRESS,HIGH,149.3,61.4,87.7,110.0,10.7,4,2.5,2,49.1,44.3,0,MORNING,WEEKDAY,16.9
EXPRESS,HIGH,83.4,30.0,41.7,110.0,0.6,1,4.8,1,36.8,41.4,1,AFTERNOON,WEEKDAY,7.1
EXPRESS,HIGH,52.5,38.6,41.1,140.0,0.0,0,0.0,3,64.5,58.5,1,EVENING,WEEKDAY,12.6
FREIGHT,LOW,124.0,86.3,48.2,65.0,13.4,0,0.0,3,70.8,66.2,0,EVENING,WEEKDAY,26.7
LOCAL,MEDIUM,92.8,90.5,17.0,80.0,6.4,0,0.0,2,47.9,43.2,1,EVENING,WEEKEND,20.7
FREIGHT,LOW,155.9,89.4,66.5,75.0,0.0,5,3.2,1,24.1,28.4,0,MORNING,WEEKEND,5.6
FREIGHT,LOW,36.1,63.2,17.5,65.0,0.0,3,1.7,2,73.5,70.3,2,EVENING,WEEKDAY,24.1
LOCAL,MEDIUM,32.4,43.8,64.7,80.0,0.0,1,2.6,1,67.4,67.3,0,AFTERNOON,WEEKDAY,6.1
LOCAL,MEDIUM,109.6,53.7,76.5,90.0,3.1,3,2.8,1,12.0,18.5,0,EVENING,WEEKEND,5.4
EXPRESS,HIGH,152.7,42.3,36.1,110.0,0.0,1,3.3,2,12.5,21.4,1,AFTERNOON,WEEKDAY,7.8
FREIGHT,LOW,170.0,35.0,7.6,65.0,0.0,1,2.3,2,72.5,75.1,1,MORNING,WEEKDAY,19.1
PASSENGER,HIGH,77.9,13.6,14.1,110.0,0.0,0,0.0,1,72.9,74.8,1,MORNING,WEEKDAY,7.6
EXPRESS,HIGH,108.7,51.5,125.5,140.0,0.0,1,3.1,2,55.0,39.3,0,AFTERNOON,WEEKDAY,3.9
PASSENGER,MEDIUM,179.6,61.1,19.2,110.0,6.2,4,3.5,4,76.4,77.3,2,EVENING,WEEKDAY,31.9
PASSENGER,MEDIUM,179.2,18.2,6.3,110.0,1.6,1,2.2,2,33.9,32.8,1,AFTERNOON,WEEKDAY,11.8
PASSENGER,MEDIUM,91.2,22.6,27.5,110.0,0.5,0,0.0,2,56.6,54.7,1,MORNING,WEEKDAY,13.1
FREIGHT,MEDIUM,84.0,89.1,5.0,65.0,7.6,1,1.8,2,80.2,83.8,1,AFTERNOON,WEEKEND,24.8
EXPRESS,HIGH,178.0,83.7,125.4,140.0,1.4,0,0.0,2,68.1,62.6,0,MORNING,WEEKDAY,8.8
PASSENGER,HIGH,125.2,83.7,19.8,100.0,0.0,4,4.4,2,94.2,90.7,1,MORNING,WEEKDAY,22.1
PASSENGER,MEDIUM,134.9,80.4,31.1,100.0,0.0,0,0.0,2,91.2,80.7,1,MORNING,WEEKDAY,18.2
EXPRESS,HIGH,95.1,41.7,5.8,110.0,0.0,2,2.1,3,66.8,55.0,1,EVENING,WEEKDAY,13.1
PASSENGER,MEDIUM,140.0,11.2,12.4,100.0,1.1,0,0.0,3,11.6,10.9,1,AFTERNOON,WEEKDAY,9.1
FREIGHT,LOW,103.3,8.1,14.2,65.0,0.0,1,4.7,2,88.9,79.7,2,EVENING,WEEKDAY,25.0
PASSENGER,HIGH,100.2,76.3,86.0,110.0,0.0,1,1.9,1,43.8,35.7,0,NIGHT,WEEKDAY,3.1
PASSENGER,MEDIUM,147.0,23.9,22.4,110.0,4.5,1,2.4,3,91.5,90.1,1,MORNING,WEEKDAY,20.6
PASSENGER,HIGH,179.4,26.4,41.3,100.0,0.5,0,0.0,1,75.1,67.9,0,MORNING,WEEKDAY,6.4
EXPRESS,MEDIUM,174.2,36.5,8.1,120.0,0.0,1,2.2,1,79.1,73.1,1,MORNING,WEEKDAY,12.9
FREIGHT,LOW,103.5,25.4,64.9,75.0,0.0,1,5.0,1,21.4,22.4,0,AFTERNOON,WEEKDAY,4.4
LOCAL,LOW,148.0,62.2,21.9,80.0,0.0,3,3.5,2,53.1,57.9,1,AFTERNOON,WEEKDAY,17.8
PASSENGER,HIGH,97.2,11.6,6.3,100.0,11.4,1,4.6,1,26.1,20.4,1,MORNING,WEEKEND,17.8
LOCAL,MEDIUM,165.8,11.1,61.3,80.0,0.0,0,0.0,1,49.3,43.1,0,AFTERNOON,WEEKEND,3.9
PASSENGER,MEDIUM,102.0,34.1,75.2,100.0,1.2,0,0.0,1,10.0,5.4,0,AFTERNOON,WEEKDAY,1.1
LOCAL,MEDIUM,167.0,78.3,5.2,90.0,0.0,2,5.0,3,95.9,91.7,1,EVENING,WEEKDAY,26.5
PASSENGER,MEDIUM,156.2,62.3,37.5,110.0,0.0,2,1.7,2,50.5,47.2,1,AFTERNOON,WEEKEND,11.8
FREIGHT,LOW,155.4,10.8,17.2,75.0,2.8,0,0.0,2,45.8,45.3,2,EVENING,WEEKDAY,20.9
EXPRESS,HIGH,61.6,62.0,109.9,110.0,4.9,2,3.4,2,67.2,69.2,0,MORNING,WEEKDAY,13.3
EXPRESS,HIGH,114.1,11.7,94.6,140.0,0.1,0,0.0,1,76.4,75.5,0,EVENING,WEEKDAY,6.1
PASSENGER,HIGH,59.6,86.1,83.3,110.0,0.0,4,2.8,1,21.7,24.3,0,AFTERNOON,WEEKEND,3.9
LOCAL,HIGH,150.9,65.6,18.4,90.0,0.0,0,0.0,2,46.0,47.2,1,NIGHT,WEEKDAY,10.5
PASSENGER,MEDIUM,142.5,78.0,36.4,110.0,0.0,4,4.5,2,72.0,71.9,1,EVENING,WEEKDAY,23.4
EXPRESS,HIGH,60.9,69.6,85.7,110.0,2.6,0,0.0,1,44.7,35.8,0,AFTERNOON,WEEKEND,5.7
FREIGHT,LOW,58.8,72.7,10.1,75.0,4.8,0,0.0,2,46.3,34.0,2,NIGHT,WEEKDAY,25.5
EXPRESS,HIGH,36.4,87.5,18.3,140.0,0.7,4,3.4,4,62.7,59.0,1,EVENING,WEEKDAY,19.7
PASSENGER,MEDIUM,61.0,61.1,84.5,110.0,0.6,3,4.6,2,61.5,55.4,0,MORNING,WEEKDAY,14.6
EXPRESS,HIGH,52.9,8.7,11.4,110.0,5.4,1,4.0,3,10.0,10.0,1,AFTERNOON,WEEKEND,13.3
PASSENGER,MEDIUM,162.4,47.3,46.1,110.0,1.9,3,1.9,3,65.2,65.8,2,EVENING,WEEKDAY,21.4
EXPRESS,HIGH,53.0,51.4,28.9,140.0,9.5,2,3.2,2,62.0,61.0,2,EVENING,WEEKEND,22.2
PASSENGER,MEDIUM,69.7,5.4,30.6,100.0,2.8,1,3.4,1,92.6,83.8,1,EVENING,WEEKDAY,14.9
FREIGHT,LOW,90.3,34.5,35.3,75.0,5.9,2,2.7,1,90.9,87.9,0,MORNING,WEEKDAY,18.5
PASSENGER,MEDIUM,146.6,74.4,18.9,110.0,0.0,1,1.7,2,23.4,17.0,1,AFTERNOON,WEEKEND,11.3
PASSENGER,MEDIUM,151.1,8.4,88.1,100.0,0.5,0,0.0,1,63.3,57.4,0,EVENING,WEEKDAY,6.8
LOCAL,MEDIUM,69.0,22.4,76.4,90.0,0.6,0,0.0,1,47.5,38.9,0,AFTERNOON,WEEKDAY,3.8
PASSENGER,MEDIUM,43.7,87.8,37.7,100.0,0.0,2,1.9,2,63.7,62.3,1,EVENING,WEEKDAY,15.5
EXPRESS,HIGH,30.3,86.5,27.9,130.0,0.9,0,0.0,3,78.4,73.6,2,MORNING,WEEKDAY,19.4
EXPRESS,HIGH,103.6,35.3,3.5,120.0,1.2,2,3.2,2,68.1,68.0,1,MORNING,WEEKDAY,14.5
EXPRESS,HIGH,30.5,52.3,101.5,120.0,5.5,3,2.4,1,54.2,58.3,0,NIGHT,WEEKDAY,8.8
PASSENGER,MEDIUM,58.1,36.3,89.9,100.0,1.5,0,0.0,2,51.5,49.7,0,MORNING,WEEKDAY,9.5
LOCAL,LOW,161.9,60.9,88.9,90.0,0.0,4,2.1,1,38.2,38.7,0,AFTERNOON,WEEKDAY,3.7
PASSENGER,LOW,111.1,93.3,1.4,100.0,0.0,0,0.0,2,86.7,77.2,1,EVENING,WEEKDAY,24.1
PASSENGER,MEDIUM,99.7,78.1,30.9,100.0,2.0,4,1.9,2,79.4,74.3,1,EVENING,WEEKDAY,17.6
PASSENGER,MEDIUM,91.1,39.5,4.1,110.0,0.0,1,3.4,4,66.7,57.7,1,EVENING,WEEKDAY,18.8
LOCAL,MEDIUM,35.5,91.0,12.8,90.0,0.0,3,1.7,2,68.0,67.4,1,EVENING,WEEKDAY,18.2
LOCAL,MEDIUM,47.6,17.7,36.2,80.0,2.8,1,3.3,3,71.8,72.6,0,MORNING,WEEKDAY,14.3
LOCAL,LOW,70.2,47.4,73.9,80.0,3.1,0,0.0,1,69.8,74.2,0,AFTERNOON,WEEKEND,9.9
LOCAL,LOW,116.9,72.0,10.5,90.0,0.0,4,4.8,2,41.7,29.2,3,NIGHT,WEEKDAY,33.6
FREIGHT,LOW,177.6,32.6,30.1,75.0,3.8,2,2.0,1,73.3,79.6,1,AFTERNOON,WEEKDAY,18.5
FREIGHT,LOW,95.2,67.5,2.4,75.0,0.0,1,3.4,1,79.4,78.8,2,EVENING,WEEKDAY,27.7
PASSENGER,LOW,88.5,44.4,99.1,100.0,6.5,2,4.5,1,17.9,20.6,0,AFTERNOON,WEEKDAY,10.5
EXPRESS,HIGH,151.4,55.9,90.4,120.0,0.0,0,0.0,1,29.8,33.6,0,AFTERNOON,WEEKDAY,2.2
EXPRESS,HIGH,119.4,39.5,92.3,120.0,0.0,1,2.1,1,10.0,0.4,0,EVENING,WEEKEND,1.1
EXPRESS,HIGH,120.0,62.7,37.4,130.0,8.5,0,0.0,3,86.8,81.1,1,MORNING,WEEKDAY,23.2
FREIGHT,LOW,119.6,14.2,6.3,65.0,4.5,1,3.2,2,13.5,16.0,2,AFTERNOON,WEEKDAY,19.3
PASSENGER,LOW,84.7,28.8,94.5,100.0,0.0,1,4.4,1,26.7,20.2,0,MORNING,WEEKEND,4.3
PASSENGER,MEDIUM,63.7,34.9,38.0,100.0,5.1,1,2.1,3,67.1,61.1,1,MORNING,WEEKDAY,19.1
LOCAL,MEDIUM,158.8,55.7,74.2,80.0,3.2,2,2.4,1,62.3,68.6,0,NIGHT,WEEKDAY,8.1
EXPRESS,HIGH,77.4,47.8,101.2,120.0,3.9,1,4.2,1,19.3,19.7,0,MORNING,WEEKEND,6.8
FREIGHT,LOW,150.2,75.4,0.4,65.0,0.0,2,2.3,2,49.3,38.3,1,MORNING,WEEKDAY,20.6
LOCAL,MEDIUM,51.7,82.2,21.7,90.0,19.0,4,4.0,2,11.5,20.8,1,NIGHT,WEEKDAY,34.7
EXPRESS,HIGH,114.7,63.0,20.3,140.0,0.6,4,1.9,1,48.7,43.1,1,AFTERNOON,WEEKEND,9.0
FREIGHT,MEDIUM,61.6,21.5,5.7,75.0,0.0,0,0.0,3,88.8,83.4,1,EVENING,WEEKDAY,16.6
EXPRESS,HIGH,102.3,51.4,98.8,130.0,2.4,2,2.4,1,53.4,49.9,0,AFTERNOON,WEEKDAY,5.6
EXPRESS,HIGH,113.5,85.7,48.4,110.0,6.0,4,4.5,3,28.1,33.8,1,MORNING,WEEKDAY,24.7
PASSENGER,HIGH,38.9,84.4,106.5,110.0,0.0,2,4.2,4,63.5,61.5,0,MORNING,WEEKDAY,11.8
PASSENGER,MEDIUM,120.3,50.5,35.3,110.0,7.1,0,0.0,1,36.1,31.7,1,NIGHT,WEEKDAY,15.5
EXPRESS,HIGH,80.6,51.0,27.3,110.0,1.3,3,3.4,2,42.8,41.3,1,AFTERNOON,WEEKDAY,12.6
EXPRESS,HIGH,91.5,67.5,35.1,140.0,4.9,2,4.3,3,92.9,85.4,1,EVENING,WEEKDAY,23.7
PASSENGER,HIGH,92.8,46.6,83.8,100.0,0.0,3,2.8,1,49.8,51.7,0,MORNING,WEEKEND,4.6
EXPRESS,HIGH,67.2,18.5,88.7,110.0,0.0,0,0.0,1,58.7,57.4,0,EVENING,WEEKDAY,4.5
FREIGHT,LOW,51.3,25.9,64.8,65.0,3.7,0,0.0,2,65.0,60.8,0,MORNING,WEEKDAY,14.8
FREIGHT,LOW,69.2,38.9,37.2,75.0,0.0,2,4.6,2,71.8,73.6,0,MORNING,WEEKDAY,15.7
EXPRESS,HIGH,52.8,22.4,24.7,130.0,0.0,0,0.0,1,10.0,5.7,1,AFTERNOON,WEEKEND,4.0
EXPRESS,HIGH,85.3,58.5,86.0,110.0,0.9,0,0.0,2,30.6,27.9,0,EVENING,WEEKEND,5.3
FREIGHT,LOW,135.1,71.9,49.0,65.0,0.0,0,0.0,1,22.9,30.9,0,NIGHT,WEEKDAY,4.1
EXPRESS,HIGH,92.8,29.4,119.4,120.0,3.8,0,0.0,1,63.2,65.0,0,AFTERNOON,WEEKDAY,6.5
LOCAL,MEDIUM,125.9,94.9,72.3,90.0,0.0,2,3.6,1,49.9,44.7,0,MORNING,WEEKEND,6.8
PASSENGER,MEDIUM,113.8,71.8,53.1,110.0,0.0,3,2.1,2,90.7,73.0,0,MORNING,WEEKDAY,11.5
EXPRESS,HIGH,74.0,61.2,17.3,120.0,2.7,3,1.9,1,10.0,12.1,1,MORNING,WEEKEND,10.5
EXPRESS,HIGH,93.2,85.6,43.9,120.0,0.7,1,3.2,3,70.2,70.9,3,MORNING,WEEKDAY,20.1
LOCAL,MEDIUM,79.5,37.8,60.6,80.0,11.7,1,3.7,1,54.0,51.0,0,NIGHT,WEEKDAY,16.9
PASSENGER,HIGH,31.5,7.7,19.1,110.0,0.0,1,4.5,2,57.3,60.5,1,EVENING,WEEKEND,8.1
PASSENGER,MEDIUM,30.9,92.1,75.7,100.0,9.2,5,3.5,1,65.8,70.7,0,AFTERNOON,WEEKEND,19.9
PASSENGER,MEDIUM,38.4,66.4,91.7,100.0,0.8,2,4.8,1,55.9,60.8,0,MORNING,WEEKDAY,10.6
EXPRESS,HIGH,98.5,73.0,138.2,140.0,1.1,2,1.8,1,10.0,12.7,0,AFTERNOON,WEEKEND,0.0
EXPRESS,HIGH,64.2,34.0,55.8,140.0,2.7,2,3.5,2,88.3,85.1,1,EVENING,WEEKDAY,15.0
PASSENGER,MEDIUM,76.8,51.0,37.1,110.0,0.0,0,0.0,3,67.2,63.2,3,EVENING,WEEKDAY,24.6
LOCAL,MEDIUM,109.7,25.4,84.9,90.0,0.0,0,0.0,1,20.2,21.8,0,EVENING,WEEKEND,2.0
PASSENGER,MEDIUM,170.2,25.9,77.4,110.0,0.0,1,2.9,2,92.7,82.3,0,MORNING,WEEKDAY,10.6
EXPRESS,MEDIUM,70.6,64.4,100.4,130.0,0.0,0,0.0,1,10.0,8.3,0,AFTERNOON,WEEKEND,1.1
EXPRESS,HIGH,125.6,92.1,92.3,120.0,1.9,5,2.3,1,42.4,36.1,0,AFTERNOON,WEEKEND,4.7
EXPRESS,HIGH,77.1,11.2,39.2,120.0,0.0,0,0.0,1,83.7,75.3,1,EVENING,WEEKDAY,8.0
EXPRESS,MEDIUM,83.0,28.0,103.3,130.0,0.5,0,0.0,1,64.9,61.1,0,MORNING,WEEKEND,4.8
FREIGHT,MEDIUM,135.4,66.0,67.7,75.0,0.0,0,0.0,1,39.5,35.7,0,AFTERNOON,WEEKDAY,3.3
EXPRESS,MEDIUM,162.2,54.3,30.6,140.0,0.8,0,0.0,1,86.0,81.0,1,MORNING,WEEKDAY,15.9
EXPRESS,HIGH,166.8,73.1,2.5,130.0,0.8,2,4.4,1,89.1,89.9,1,EVENING,WEEKDAY,17.4
PASSENGER,MEDIUM,173.4,75.6,8.0,110.0,0.0,3,4.1,3,71.2,64.4,2,MORNING,WEEKDAY,24.8
EXPRESS,MEDIUM,107.3,21.5,106.3,110.0,0.2,0,0.0,1,43.1,46.0,0,AFTERNOON,WEEKDAY,3.7
LOCAL,MEDIUM,137.9,27.5,0.2,80.0,0.9,0,0.0,2,26.6,32.1,3,NIGHT,WEEKEND,17.8
LOCAL,MEDIUM,30.9,91.9,24.0,90.0,1.0,1,2.0,3,76.8,75.0,2,EVENING,WEEKDAY,22.7
EXPRESS,HIGH,111.7,65.8,21.2,120.0,0.0,3,2.6,2,91.5,84.4,1,EVENING,WEEKDAY,14.4
EXPRESS,HIGH,32.3,64.2,28.0,110.0,1.7,0,0.0,2,25.1,22.9,1,NIGHT,WEEKDAY,10.6
EXPRESS,HIGH,61.9,48.6,126.7,130.0,0.9,2,2.2,1,22.5,20.3,0,EVENING,WEEKEND,1.4
FREIGHT,LOW,131.8,34.3,66.7,75.0,2.5,1,5.0,1,67.4,58.7,0,AFTERNOON,WEEKDAY,11.4
PASSENGER,MEDIUM,113.5,16.3,2.2,110.0,0.0,1,2.2,2,56.3,51.6,1,EVENING,WEEKDAY,12.5
LOCAL,LOW,73.8,87.3,11.3,90.0,0.0,0,0.0,3,65.7,61.4,1,EVENING,WEEKDAY,21.8
PASSENGER,HIGH,45.9,38.0,28.7,100.0,0.0,0,0.0,3,43.0,38.2,1,EVENING,WEEKDAY,12.2
PASSENGER,MEDIUM,50.4,70.7,39.9,100.0,2.4,0,0.0,3,61.4,55.7,1,MORNING,WEEKDAY,17.8
FREIGHT,LOW,138.2,28.7,25.6,75.0,0.0,0,0.0,1,79.0,67.5,2,MORNING,WEEKDAY,21.0
LOCAL,MEDIUM,58.1,9.1,26.3,90.0,1.1,1,4.5,2,98.0,92.8,1,MORNING,WEEKDAY,16.7
EXPRESS,HIGH,167.2,32.1,108.0,130.0,3.5,1,2.9,1,21.0,22.8,0,MORNING,WEEKEND,5.3
EXPRESS,HIGH,109.5,32.0,102.2,130.0,3.3,2,4.0,1,29.3,23.8,0,NIGHT,WEEKEND,7.2
LOCAL,MEDIUM,117.1,74.5,72.7,90.0,1.9,1,1.7,1,36.9,32.9,0,AFTERNOON,WEEKDAY,6.2
EXPRESS,HIGH,144.8,50.1,2.8,120.0,3.0,1,3.8,2,36.6,42.2,1,MORNING,WEEKEND,14.5
PASSENGER,HIGH,91.2,20.4,29.0,110.0,0.0,0,0.0,3,71.3,67.5,1,EVENING,WEEKDAY,11.2
EXPRESS,HIGH,65.4,86.8,123.8,140.0,1.0,5,4.4,1,15.4,19.6,0,MORNING,WEEKEND,9.8
EXPRESS,MEDIUM,106.3,64.7,57.7,140.0,0.5,1,3.0,3,81.4,83.4,1,AFTERNOON,WEEKEND,16.3
FREIGHT,LOW,157.5,58.3,53.9,65.0,0.0,2,2.5,1,56.9,44.6,0,EVENING,WEEKEND,6.4
EXPRESS,HIGH,170.5,36.3,25.6,130.0,3.9,1,4.4,4,55.9,44.9,1,EVENING,WEEKDAY,17.6
EXPRESS,HIGH,124.9,84.7,34.0,130.0,1.9,3,3.4,3,71.9,69.8,1,MORNING,WEEKDAY,19.6
EXPRESS,HIGH,59.0,49.7,15.8,120.0,7.1,2,4.8,2,33.7,34.8,2,MORNING,WEEKEND,22.4
PASSENGER,HIGH,113.9,54.5,99.9,100.0,0.8,2,3.2,1,32.9,34.7,0,MORNING,WEEKEND,2.5
FREIGHT,LOW,158.0,80.8,39.3,75.0,1.4,4,4.7,1,73.8,61.5,0,AFTERNOON,WEEKDAY,18.0
PASSENGER,MEDIUM,133.0,22.3,0.4,110.0,6.4,1,4.8,3,74.2,61.7,1,MORNING,WEEKDAY,22.5
PASSENGER,MEDIUM,60.3,7.4,83.0,100.0,0.7,0,0.0,1,48.2,42.6,0,AFTERNOON,WEEKEND,3.4
PASSENGER,MEDIUM,64.8,70.1,2.4,110.0,0.8,1,1.8,1,77.5,79.1,1,MORNING,WEEKDAY,18.1
PASSENGER,MEDIUM,97.9,55.8,92.3,100.0,2.6,2,1.9,2,59.9,45.0,0,MORNING,WEEKDAY,10.1
EXPRESS,HIGH,156.7,73.2,116.0,120.0,0.0,4,4.7,1,24.7,25.5,0,EVENING,WEEKEND,7.4
EXPRESS,HIGH,109.6,93.9,40.5,120.0,3.9,0,0.0,2,10.0,2.8,1,NIGHT,WEEKEND,12.0
EXPRESS,HIGH,175.0,65.4,113.2,120.0,2.4,4,2.4,1,18.7,22.0,0,NIGHT,WEEKEND,3.1
FREIGHT,LOW,152.1,62.5,14.9,65.0,0.0,4,4.7,1,91.1,79.8,1,MORNING,WEEKDAY,26.5
PASSENGER,MEDIUM,81.6,36.2,29.8,110.0,0.0,2,4.3,3,78.6,74.0,1,MORNING,WEEKDAY,18.9
PASSENGER,MEDIUM,144.5,68.9,8.0,100.0,1.3,4,2.6,2,95.1,92.9,1,EVENING,WEEKDAY,19.4
EXPRESS,MEDIUM,161.6,29.6,44.2,110.0,1.2,1,4.8,2,81.7,76.1,2,EVENING,WEEKDAY,21.4
PASSENGER,HIGH,64.6,50.7,1.3,110.0,6.2,3,2.6,2,88.0,82.0,3,EVENING,WEEKDAY,24.2
PASSENGER,MEDIUM,121.3,63.7,41.2,110.0,2.1,3,2.8,3,49.9,42.8,1,MORNING,WEEKDAY,18.0
EXPRESS,HIGH,128.5,83.2,118.2,130.0,0.0,2,2.4,1,10.0,14.2,0,AFTERNOON,WEEKEND,1.2
EXPRESS,HIGH,137.7,59.1,118.0,130.0,1.1,3,3.6,1,61.6,53.4,0,MORNING,WEEKEND,7.6
LOCAL,MEDIUM,136.9,26.7,76.9,90.0,6.8,0,0.0,1,63.6,63.0,0,AFTERNOON,WEEKDAY,12.6
LOCAL,MEDIUM,171.6,77.3,14.4,80.0,0.9,3,4.1,3,47.9,44.1,1,MORNING,WEEKDAY,23.1
PASSENGER,MEDIUM,102.1,37.1,98.2,110.0,2.1,1,4.8,1,59.8,57.6,0,NIGHT,WEEKDAY,7.9
PASSENGER,LOW,159.7,53.3,83.6,110.0,0.0,0,0.0,1,56.4,57.7,0,NIGHT,WEEKDAY,7.2
PASSENGER,MEDIUM,168.2,51.7,15.0,100.0,0.0,0,0.0,2,25.1,29.8,1,EVENING,WEEKEND,10.1
FREIGHT,MEDIUM,112.5,10.1,24.3,65.0,0.0,1,3.2,2,67.6,64.9,2,NIGHT,WEEKDAY,14.2
EXPRESS,HIGH,149.8,73.0,129.6,130.0,5.2,1,2.7,2,68.9,71.6,0,MORNING,WEEKEND,9.6
EXPRESS,MEDIUM,52.4,49.7,83.1,110.0,2.7,2,1.9,1,69.7,69.8,0,AFTERNOON,WEEKDAY,8.9
PASSENGER,HIGH,66.7,78.7,12.6,110.0,0.0,5,3.7,2,70.7,66.4,1,EVENING,WEEKDAY,18.2
PASSENGER,MEDIUM,102.8,36.6,44.3,100.0,6.6,2,1.6,2,10.0,18.5,1,MORNING,WEEKEND,14.8
FREIGHT,LOW,45.3,24.5,43.3,65.0,0.2,1,1.9,1,79.9,72.4,0,MORNING,WEEKDAY,10.9
EXPRESS,HIGH,144.7,54.9,105.6,120.0,0.1,2,4.7,1,23.9,15.6,0,AFTERNOON,WEEKEND,4.8
EXPRESS,HIGH,119.3,30.2,7.6,130.0,10.3,2,4.6,3,37.5,34.1,2,MORNING,WEEKDAY,27.1
LOCAL,MEDIUM,52.3,24.3,24.3,90.0,0.0,1,2.3,3,73.9,70.1,1,MORNING,WEEKDAY,14.9
PASSENGER,HIGH,53.6,73.7,98.7,100.0,0.9,2,3.5,1,38.1,38.1,0,MORNING,WEEKEND,4.4
PASSENGER,MEDIUM,90.9,47.0,49.2,110.0,0.0,1,2.6,4,93.7,89.9,0,EVENING,WEEKDAY,15.6
PASSENGER,MEDIUM,101.2,69.2,21.4,100.0,1.2,3,3.0,2,98.0,92.3,2,EVENING,WEEKDAY,25.0
EXPRESS,HIGH,155.4,64.5,21.1,110.0,7.4,3,4.0,4,58.7,49.8,1,MORNING,WEEKDAY,26.2
EXPRESS,HIGH,138.5,8.1,32.0,140.0,0.0,1,3.8,3,89.6,78.9,3,MORNING,WEEKDAY,16.9
LOCAL,MEDIUM,54.5,42.4,35.8,80.0,1.2,1,3.3,2,65.9,57.0,2,MORNING,WEEKDAY,18.7
EXPRESS,HIGH,92.0,84.7,9.2,110.0,0.0,0,0.0,3,68.8,66.3,1,MORNING,WEEKDAY,16.8
LOCAL,MEDIUM,93.1,53.3,68.0,90.0,2.4,1,2.4,3,91.1,82.9,0,EVENING,WEEKDAY,14.3
EXPRESS,HIGH,77.8,51.8,107.3,140.0,3.9,1,2.0,1,40.0,42.4,0,EVENING,WEEKEND,7.0
LOCAL,MEDIUM,75.3,47.9,11.8,90.0,0.0,1,5.0,2,64.6,52.6,2,MORNING,WEEKDAY,21.4
LOCAL,HIGH,92.0,16.8,30.9,90.0,0.3,0,0.0,4,62.6,63.0,3,EVENING,WEEKDAY,17.5
EXPRESS,HIGH,147.0,65.1,37.5,130.0,8.6,2,3.6,2,10.0,8.4,1,AFTERNOON,WEEKEND,17.9
LOCAL,LOW,97.8,23.3,74.4,90.0,2.5,1,3.1,1,32.3,28.3,0,AFTERNOON,WEEKEND,6.4
PASSENGER,MEDIUM,120.7,91.1,28.8,100.0,0.8,0,0.0,2,78.2,67.8,2,EVENING,WEEKDAY,21.6
FREIGHT,LOW,164.6,67.6,21.0,65.0,0.0,4,2.3,2,98.0,92.9,1,MORNING,WEEKDAY,22.4
LOCAL,LOW,178.8,18.9,15.2,80.0,9.5,1,4.6,2,89.6,82.4,1,MORNING,WEEKDAY,29.0
PASSENGER,MEDIUM,40.5,50.0,77.5,100.0,1.2,1,1.8,1,50.1,55.6,0,AFTERNOON,WEEKDAY,4.9
EXPRESS,MEDIUM,102.6,22.9,15.6,120.0,0.0,1,3.1,3,53.4,58.0,1,EVENING,WEEKEND,10.3
LOCAL,MEDIUM,99.8,83.5,8.7,80.0,8.4,2,4.4,1,22.7,23.3,1,EVENING,WEEKEND,22.7
EXPRESS,HIGH,43.4,66.7,34.7,120.0,2.4,2,4.8,2,79.0,72.8,3,EVENING,WEEKDAY,22.8
EXPRESS,MEDIUM,151.3,25.9,17.7,140.0,0.0,0,0.0,2,86.9,73.7,2,EVENING,WEEKDAY,19.1
EXPRESS,HIGH,39.7,66.2,131.0,140.0,13.8,4,4.0,1,39.1,41.9,0,MORNING,WEEKEND,20.4
PASSENGER,MEDIUM,84.6,21.3,84.6,100.0,7.4,0,0.0,1,60.9,51.0,0,MORNING,WEEKDAY,13.8
PASSENGER,MEDIUM,175.5,12.4,36.0,110.0,1.1,1,1.9,4,64.8,66.0,2,EVENING,WEEKDAY,19.5
EXPRESS,HIGH,64.6,48.1,127.7,130.0,3.4,1,3.0,1,41.5,50.2,0,MORNING,WEEKEND,6.1
EXPRESS,HIGH,163.4,7.7,107.8,110.0,0.0,0,0.0,1,12.0,7.0,0,AFTERNOON,WEEKDAY,1.2
PASSENGER,MEDIUM,112.1,19.2,93.2,110.0,0.0,0,0.0,2,42.3,34.5,0,AFTERNOON,WEEKDAY,4.8
FREIGHT,LOW,91.8,71.8,15.2,65.0,2.1,3,3.6,2,70.5,64.6,1,MORNING,WEEKDAY,24.6
PASSENGER,MEDIUM,152.0,80.8,37.5,110.0,14.1,1,3.3,1,48.1,48.3,1,AFTERNOON,WEEKEND,26.0
EXPRESS,HIGH,178.2,63.6,107.1,140.0,2.0,4,3.9,1,54.3,63.7,0,MORNING,WEEKEND,10.4
EXPRESS,HIGH,64.6,41.5,74.0,130.0,9.7,1,4.1,3,70.8,68.9,0,NIGHT,WEEKEND,18.3
EXPRESS,MEDIUM,123.9,17.9,75.2,130.0,0.0,0,0.0,2,84.5,74.8,0,NIGHT,WEEKDAY,6.4
FREIGHT,LOW,142.9,6.9,72.0,75.0,0.0,1,4.8,3,65.2,60.4,0,MORNING,WEEKDAY,13.7
EXPRESS,HIGH,167.4,61.3,16.1,110.0,0.1,4,3.4,1,78.8,69.7,1,MORNING,WEEKDAY,15.4
EXPRESS,HIGH,54.4,78.5,96.4,110.0,2.7,5,3.7,1,22.1,23.9,0,MORNING,WEEKEND,10.1
EXPRESS,HIGH,145.4,91.4,39.3,110.0,5.7,4,1.9,1,85.3,87.5,2,NIGHT,WEEKDAY,19.7
FREIGHT,LOW,107.1,56.1,27.4,65.0,20.7,0,0.0,3,76.9,74.9,1,EVENING,WEEKDAY,41.2
PASSENGER,LOW,50.8,86.7,79.1,100.0,0.9,3,4.1,1,56.9,49.9,0,AFTERNOON,WEEKDAY,11.0
EXPRESS,MEDIUM,97.5,40.8,40.7,140.0,0.0,0,0.0,2,80.1,79.9,2,MORNING,WEEKEND,17.1
EXPRESS,HIGH,97.4,61.8,15.8,120.0,0.2,4,4.2,1,35.7,42.6,1,EVENING,WEEKEND,15.6
PASSENGER,HIGH,55.3,78.6,102.8,110.0,0.0,4,4.4,1,39.9,35.6,0,EVENING,WEEKEND,7.9
LOCAL,LOW,163.0,90.0,38.7,80.0,0.0,2,3.5,2,90.2,76.3,0,EVENING,WEEKDAY,17.2
FREIGHT,LOW,128.9,48.5,11.6,75.0,0.0,2,3.6,4,39.2,36.9,2,MORNING,WEEKDAY,25.9
PASSENGER,MEDIUM,90.2,50.4,24.9,100.0,0.0,0,0.0,2,55.3,52.2,1,AFTERNOON,WEEKDAY,12.8
EXPRESS,HIGH,151.5,45.0,59.7,140.0,0.3,2,3.9,2,91.7,83.2,1,MORNING,WEEKDAY,13.7
PASSENGER,MEDIUM,40.1,77.5,78.2,100.0,0.0,3,1.9,1,10.0,3.4,0,NIGHT,WEEKDAY,2.1
EXPRESS,MEDIUM,39.3,49.3,137.7,140.0,0.0,1,4.3,3,35.5,33.7,0,MORNING,WEEKDAY,8.8
EXPRESS,HIGH,73.4,39.8,129.7,130.0,0.0,0,0.0,2,48.1,39.5,0,EVENING,WEEKDAY,5.6
LOCAL,MEDIUM,72.0,87.2,82.1,90.0,0.0,1,2.9,1,51.8,48.1,0,MORNING,WEEKEND,4.1
PASSENGER,MEDIUM,66.8,52.1,13.7,110.0,0.0,0,0.0,1,88.0,81.6,2,EVENING,WEEKDAY,19.9
LOCAL,MEDIUM,122.5,88.9,66.2,80.0,0.0,1,3.1,3,56.7,57.8,0,NIGHT,WEEKDAY,8.5
PASSENGER,MEDIUM,71.3,30.9,83.9,100.0,1.3,0,0.0,1,59.9,65.7,0,MORNING,WEEKEND,5.7
LOCAL,HIGH,143.0,16.1,27.0,90.0,10.9,0,0.0,2,44.4,40.8,1,AFTERNOON,WEEKEND,17.2
LOCAL,MEDIUM,114.4,43.0,65.9,80.0,1.8,1,4.8,1,72.1,69.6,0,EVENING,WEEKDAY,13.0
LOCAL,LOW,66.2,16.3,70.2,90.0,0.0,0,0.0,2,35.8,41.6,0,NIGHT,WEEKDAY,5.6
PASSENGER,HIGH,74.3,54.5,40.8,100.0,3.3,1,1.5,2,86.8,79.1,2,EVENING,WEEKDAY,17.9
FREIGHT,LOW,134.6,41.9,61.1,75.0,0.0,0,0.0,1,24.0,19.8,0,EVENING,WEEKEND,4.1
FREIGHT,LOW,160.8,29.1,18.6,65.0,9.2,1,4.5,2,37.6,39.4,1,AFTERNOON,WEEKDAY,23.5
FREIGHT,LOW,145.2,13.5,4.9,65.0,2.1,0,0.0,2,49.8,49.7,1,EVENING,WEEKEND,14.4
EXPRESS,HIGH,50.9,38.8,79.6,110.0,3.2,1,4.8,1,95.0,83.8,0,MORNING,WEEKDAY,11.7
PASSENGER,MEDIUM,43.9,25.2,30.6,110.0,1.1,1,1.6,3,10.0,30.1,1,MORNING,WEEKEND,10.6
EXPRESS,HIGH,90.9,6.8,124.5,130.0,0.8,1,2.9,1,22.3,21.5,0,AFTERNOON,WEEKDAY,1.7
PASSENGER,HIGH,64.0,33.7,98.2,100.0,0.0,2,3.7,1,24.9,30.7,0,EVENING,WEEKEND,2.4
PASSENGER,MEDIUM,50.9,10.5,92.3,100.0,1.5,1,3.5,1,59.4,59.2,0,AFTERNOON,WEEKDAY,6.1
EXPRESS,MEDIUM,72.8,23.0,40.3,120.0,0.0,0,0.0,2,92.9,90.8,1,MORNING,WEEKDAY,14.8
PASSENGER,LOW,41.7,60.0,36.9,110.0,2.9,3,4.5,2,42.1,35.9,1,MORNING,WEEKDAY,22.5
LOCAL,MEDIUM,78.9,46.1,80.1,90.0,0.4,3,3.7,2,44.7,47.9,0,MORNING,WEEKDAY,11.0
LOCAL,HIGH,45.6,85.0,10.2,80.0,0.0,2,2.2,2,31.4,29.7,1,MORNING,WEEKEND,11.3
EXPRESS,HIGH,100.6,45.5,17.2,110.0,0.0,0,0.0,2,89.1,88.8,1,EVENING,WEEKDAY,13.3
EXPRESS,HIGH,87.3,32.8,44.8,140.0,0.0,0,0.0,4,90.9,87.2,3,MORNING,WEEKDAY,19.4
PASSENGER,MEDIUM,138.5,37.2,38.8,100.0,2.6,2,3.4,3,43.8,40.2,2,EVENING,WEEKDAY,20.3
EXPRESS,HIGH,81.5,37.8,11.6,110.0,2.1,0,0.0,2,47.1,44.5,3,AFTERNOON,WEEKDAY,15.8
PASSENGER,MEDIUM,83.0,33.0,20.9,100.0,0.9,2,3.4,3,52.3,53.8,2,EVENING,WEEKDAY,20.2
PASSENGER,MEDIUM,119.6,68.7,92.5,110.0,0.0,1,3.6,2,63.9,60.5,0,MORNING,WEEKDAY,9.5
EXPRESS,HIGH,83.4,66.1,18.9,110.0,0.0,4,4.9,3,72.0,72.3,1,EVENING,WEEKDAY,22.4
EXPRESS,HIGH,115.9,51.5,7.4,120.0,2.7,3,3.2,2,37.5,48.0,2,MORNING,WEEKEND,15.9
PASSENGER,HIGH,69.6,15.9,38.6,110.0,0.0,1,3.0,2,85.9,80.4,3,MORNING,WEEKDAY,15.1
EXPRESS,HIGH,35.5,46.1,100.7,120.0,1.8,3,1.8,1,77.5,75.2,0,EVENING,WEEKDAY,7.7
EXPRESS,HIGH,67.0,54.7,27.7,130.0,6.7,3,1.6,2,62.8,62.7,1,AFTERNOON,WEEKEND,16.9
EXPRESS,HIGH,142.8,49.5,1.5,130.0,8.9,0,0.0,3,90.1,82.9,3,MORNING,WEEKDAY,28.9
EXPRESS,HIGH,91.9,15.6,56.9,140.0,0.4,1,3.0,1,74.0,79.1,0,AFTERNOON,WEEKEND,4.1
EXPRESS,HIGH,87.5,38.6,137.6,140.0,0.8,2,3.9,1,15.4,13.4,0,NIGHT,WEEKDAY,2.4
PASSENGER,MEDIUM,33.5,90.0,36.5,100.0,0.0,2,2.3,3,52.0,46.8,1,MORNING,WEEKDAY,17.4
PASSENGER,MEDIUM,164.0,57.4,47.4,110.0,2.4,0,0.0,1,35.3,30.9,1,NIGHT,WEEKEND,10.0
FREIGHT,LOW,154.9,27.0,31.3,75.0,0.0,1,3.7,3,14.2,10.7,1,EVENING,WEEKEND,11.5
EXPRESS,HIGH,75.3,71.1,29.4,110.0,3.2,3,2.6,3,34.9,32.4,1,MORNING,WEEKDAY,15.1
PASSENGER,MEDIUM,58.3,48.5,19.2,110.0,11.3,0,0.0,1,30.0,26.9,1,AFTERNOON,WEEKDAY,20.4
PASSENGER,HIGH,124.8,19.1,12.1,100.0,0.0,1,4.2,3,91.6,84.0,1,MORNING,WEEKDAY,14.1
PASSENGER,MEDIUM,52.3,57.7,62.1,100.0,0.0,2,2.1,2,79.3,77.4,0,EVENING,WEEKDAY,10.4
FREIGHT,LOW,149.5,52.1,67.4,75.0,7.1,3,3.1,1,30.6,31.6,0,NIGHT,WEEKDAY,12.3
EXPRESS,HIGH,78.4,81.1,31.0,130.0,3.7,3,4.3,2,72.5,76.4,1,EVENING,WEEKDAY,21.9
PASSENGER,MEDIUM,76.8,5.7,86.7,110.0,0.0,0,0.0,1,51.2,48.9,0,AFTERNOON,WEEKDAY,4.1
LOCAL,MEDIUM,158.8,46.6,3.1,80.0,3.5,2,3.6,3,81.0,81.5,1,MORNING,WEEKDAY,23.5
LOCAL,LOW,158.4,69.1,69.7,90.0,1.1,0,0.0,1,68.4,66.9,0,MORNING,WEEKDAY,10.5
FREIGHT,LOW,166.5,83.8,63.5,65.0,0.0,3,5.0,1,12.8,13.4,0,AFTERNOON,WEEKEND,4.8
EXPRESS,MEDIUM,68.6,50.3,14.7,120.0,1.7,3,3.2,1,81.5,78.8,3,EVENING,WEEKDAY,25.4
LOCAL,MEDIUM,78.9,79.9,5.4,80.0,5.7,2,4.9,2,93.4,85.1,3,MORNING,WEEKDAY,35.7
FREIGHT,LOW,175.9,14.5,49.8,65.0,0.4,1,3.7,1,55.2,59.4,0,MORNING,WEEKEND,8.2
LOCAL,LOW,87.4,46.0,0.9,80.0,0.0,0,0.0,2,51.4,43.4,1,EVENING,WEEKDAY,18.0
EXPRESS,MEDIUM,84.3,59.4,92.2,110.0,0.5,2,2.5,1,33.6,32.0,0,MORNING,WEEKEND,3.1
PASSENGER,LOW,163.6,16.9,109.6,110.0,2.8,0,0.0,1,55.1,52.3,0,EVENING,WEEKDAY,9.4
EXPRESS,HIGH,68.1,81.5,105.9,110.0,0.0,2,4.6,2,67.6,67.0,0,AFTERNOON,WEEKDAY,7.4
EXPRESS,MEDIUM,79.8,11.4,91.3,140.0,2.9,1,2.6,4,83.6,78.1,0,EVENING,WEEKDAY,15.3
EXPRESS,HIGH,44.2,31.9,117.2,120.0,2.8,0,0.0,1,36.7,38.2,0,AFTERNOON,WEEKDAY,3.5
FREIGHT,LOW,152.4,5.8,15.2,75.0,0.0,0,0.0,2,23.8,28.2,1,AFTERNOON,WEEKDAY,9.1
EXPRESS,HIGH,98.4,46.9,40.0,140.0,0.4,1,3.4,2,69.9,66.0,1,EVENING,WEEKEND,10.0
EXPRESS,HIGH,76.8,32.0,25.0,120.0,10.0,0,0.0,4,69.1,67.3,2,MORNING,WEEKDAY,25.0
FREIGHT,LOW,80.0,91.9,60.5,65.0,1.3,5,1.6,1,57.2,65.6,0,NIGHT,WEEKDAY,7.1
PASSENGER,MEDIUM,103.2,81.8,107.3,110.0,12.3,1,2.3,1,56.2,53.7,0,AFTERNOON,WEEKDAY,17.3
PASSENGER,HIGH,63.7,89.4,15.7,110.0,0.0,5,2.6,4,74.1,69.9,2,MORNING,WEEKDAY,20.9
FREIGHT,LOW,175.6,20.7,60.3,65.0,3.0,0,0.0,1,45.8,45.9,0,NIGHT,WEEKDAY,8.0
EXPRESS,HIGH,49.9,31.3,27.2,120.0,0.0,1,2.3,3,71.3,70.2,1,MORNING,WEEKDAY,12.0
EXPRESS,HIGH,50.7,84.8,57.9,140.0,5.5,1,4.3,2,41.0,31.2,1,MORNING,WEEKDAY,17.2
PASSENGER,HIGH,178.4,23.2,109.8,110.0,0.0,1,5.0,1,28.9,31.4,0,AFTERNOON,WEEKDAY,3.5
PASSENGER,MEDIUM,114.0,67.4,39.0,100.0,6.4,2,3.0,1,30.5,30.7,1,EVENING,WEEKEND,16.2
EXPRESS,HIGH,179.4,91.5,107.2,110.0,7.3,3,3.1,1,45.7,40.1,0,MORNING,WEEKDAY,13.5
EXPRESS,MEDIUM,138.6,28.6,39.9,110.0,1.2,0,0.0,3,72.3,62.7,2,EVENING,WEEKDAY,18.2
EXPRESS,MEDIUM,116.2,11.3,54.1,120.0,1.9,0,0.0,4,84.7,80.9,0,MORNING,WEEKDAY,15.1
EXPRESS,HIGH,171.8,57.9,96.6,120.0,4.0,2,1.8,1,22.4,17.2,0,NIGHT,WEEKDAY,5.4
LOCAL,MEDIUM,129.2,93.1,15.4,80.0,0.0,5,2.8,1,41.3,30.9,1,AFTERNOON,WEEKEND,14.4
EXPRESS,MEDIUM,113.2,39.7,45.9,110.0,0.0,2,4.7,3,87.7,91.0,1,EVENING,WEEKEND,18.3
PASSENGER,HIGH,63.2,32.3,4.7,100.0,1.3,2,4.1,2,68.5,60.7,1,MORNING,WEEKDAY,15.2
FREIGHT,MEDIUM,119.8,50.1,27.2,75.0,2.5,3,4.1,2,77.4,70.6,1,EVENING,WEEKDAY,20.7
PASSENGER,MEDIUM,52.1,30.7,68.0,100.0,0.0,1,3.9,3,74.7,71.4,0,MORNING,WEEKDAY,12.3
LOCAL,LOW,82.7,74.3,78.3,90.0,5.2,3,3.0,1,39.6,37.9,0,EVENING,WEEKEND,10.9
LOCAL,MEDIUM,52.1,58.8,13.2,90.0,2.4,2,4.2,3,70.2,58.4,2,MORNING,WEEKDAY,26.5
FREIGHT,LOW,144.7,39.7,24.0,65.0,8.6,0,0.0,2,96.3,93.7,1,MORNING,WEEKDAY,29.0
LOCAL,MEDIUM,142.1,18.2,89.2,90.0,8.1,0,0.0,1,10.0,5.6,0,NIGHT,WEEKEND,9.4
EXPRESS,HIGH,155.2,90.2,28.2,140.0,5.9,0,0.0,2,97.6,86.3,1,MORNING,WEEKDAY,21.6
EXPRESS,HIGH,92.8,45.2,31.7,120.0,0.0,0,0.0,2,23.7,19.8,1,AFTERNOON,WEEKDAY,8.9
LOCAL,MEDIUM,50.3,22.4,7.7,90.0,2.7,0,0.0,1,89.5,83.2,1,MORNING,WEEKDAY,15.7
EXPRESS,HIGH,55.1,27.9,107.1,120.0,0.0,0,0.0,1,70.0,72.6,0,NIGHT,WEEKEND,3.5
FREIGHT,MEDIUM,119.2,12.3,1.1,65.0,3.6,0,0.0,2,74.5,72.7,2,EVENING,WEEKDAY,19.9
PASSENGER,MEDIUM,141.7,13.0,89.9,100.0,0.0,1,2.9,1,45.5,42.2,0,AFTERNOON,WEEKDAY,3.1
PASSENGER,MEDIUM,69.8,35.9,85.8,100.0,0.9,0,0.0,1,62.7,64.0,0,AFTERNOON,WEEKDAY,8.0
EXPRESS,HIGH,36.7,43.2,101.1,130.0,1.4,2,3.1,2,56.9,51.2,0,MORNING,WEEKDAY,8.8
FREIGHT,MEDIUM,49.4,63.2,3.4,65.0,1.7,4,3.0,2,61.8,60.9,1,EVENING,WEEKDAY,19.4
PASSENGER,HIGH,167.3,39.6,46.9,110.0,7.7,1,3.5,2,98.0,92.7,1,MORNING,WEEKDAY,20.2
EXPRESS,MEDIUM,52.4,37.2,90.8,120.0,0.0,1,3.1,2,53.2,53.9,0,AFTERNOON,WEEKDAY,6.6
FREIGHT,LOW,45.3,53.9,5.6,75.0,0.9,1,3.3,1,89.5,86.9,1,MORNING,WEEKDAY,21.2
PASSENGER,MEDIUM,177.2,65.1,76.3,100.0,1.1,0,0.0,3,57.4,50.5,0,EVENING,WEEKDAY,10.6
EXPRESS,HIGH,86.5,51.0,136.3,140.0,0.0,1,2.3,1,23.0,31.0,0,NIGHT,WEEKEND,0.0
PASSENGER,MEDIUM,37.1,87.5,14.4,110.0,0.0,3,3.0,3,93.2,89.9,2,EVENING,WEEKDAY,26.3
EXPRESS,HIGH,82.2,43.8,40.0,110.0,4.0,1,2.9,2,69.1,64.3,1,EVENING,WEEKDAY,15.6
PASSENGER,MEDIUM,169.8,34.0,38.7,110.0,0.0,2,2.1,3,62.5,64.5,2,EVENING,WEEKDAY,17.7
LOCAL,MEDIUM,80.7,18.0,70.1,90.0,8.2,0,0.0,2,69.6,73.9,0,MORNING,WEEKEND,14.3
LOCAL,MEDIUM,171.7,63.6,74.0,80.0,3.1,2,2.6,1,64.3,57.3,0,EVENING,WEEKDAY,8.5
EXPRESS,MEDIUM,120.0,23.4,47.2,110.0,0.6,0,0.0,2,43.4,45.0,1,NIGHT,WEEKDAY,9.9
FREIGHT,MEDIUM,169.6,78.8,59.3,65.0,6.3,1,3.8,1,66.2,64.1,0,EVENING,WEEKDAY,13.6
FREIGHT,LOW,54.9,84.8,8.6,65.0,0.0,3,2.9,3,30.4,30.4,3,AFTERNOON,WEEKDAY,29.5
PASSENGER,MEDIUM,60.4,91.0,12.9,110.0,0.7,3,2.4,2,38.4,33.6,1,AFTERNOON,WEEKDAY,15.6
PASSENGER,MEDIUM,62.3,75.0,9.2,110.0,1.4,4,3.6,2,86.8,81.9,1,MORNING,WEEKDAY,24.1
FREIGHT,MEDIUM,119.8,63.7,65.1,75.0,0.9,2,3.1,1,51.1,55.9,0,MORNING,WEEKEND,6.4
LOCAL,LOW,115.5,47.8,12.0,80.0,0.0,3,4.7,4,89.7,83.4,2,MORNING,WEEKDAY,34.2
FREIGHT,LOW,59.3,35.7,13.5,65.0,0.0,0,0.0,3,97.6,85.8,1,MORNING,WEEKDAY,21.3
PASSENGER,MEDIUM,175.7,24.3,92.5,110.0,0.3,0,0.0,1,14.0,28.4,0,NIGHT,WEEKEND,2.2
EXPRESS,HIGH,157.0,92.5,59.7,140.0,0.0,4,2.5,1,27.8,24.6,1,AFTERNOON,WEEKDAY,7.6
LOCAL,MEDIUM,35.7,90.2,35.8,80.0,1.3,1,4.2,1,83.3,89.5,3,MORNING,WEEKEND,23.8
EXPRESS,HIGH,40.5,11.8,46.5,140.0,1.2,1,4.9,2,83.4,78.0,1,MORNING,WEEKDAY,12.4
EXPRESS,MEDIUM,54.4,33.0,5.4,140.0,1.1,2,2.2,1,59.0,59.3,1,EVENING,WEEKEND,12.2
EXPRESS,HIGH,118.8,44.9,84.7,110.0,15.5,1,4.0,3,79.4,76.4,0,EVENING,WEEKDAY,25.9
EXPRESS,HIGH,114.6,10.9,35.1,130.0,4.2,0,0.0,2,37.1,45.8,2,MORNING,WEEKEND,13.1
PASSENGER,HIGH,73.4,69.6,24.9,100.0,0.0,4,2.2,3,73.0,64.8,1,MORNING,WEEKDAY,14.5
FREIGHT,LOW,71.6,43.8,24.7,75.0,2.9,0,0.0,2,43.7,38.5,1,MORNING,WEEKDAY,18.0
FREIGHT,LOW,93.3,85.1,66.5,75.0,0.0,2,2.7,1,28.0,26.2,0,NIGHT,WEEKDAY,3.2
EXPRESS,HIGH,81.8,82.3,22.0,130.0,0.0,2,3.1,1,68.0,59.2,1,EVENING,WEEKDAY,13.3
PASSENGER,HIGH,130.3,69.8,8.5,110.0,5.4,0,0.0,2,94.8,88.1,1,EVENING,WEEKDAY,21.3
LOCAL,LOW,101.5,60.2,83.3,90.0,3.2,3,2.8,1,47.1,46.1,0,NIGHT,WEEKDAY,9.2
LOCAL,LOW,176.4,60.0,79.4,80.0,0.0,4,1.6,1,49.1,42.9,0,NIGHT,WEEKDAY,4.9
PASSENGER,MEDIUM,66.5,62.3,22.2,100.0,6.7,0,0.0,2,13.0,14.9,2,AFTERNOON,WEEKEND,20.4
PASSENGER,MEDIUM,160.8,60.5,100.1,110.0,0.4,3,2.2,1,53.0,55.3,0,EVENING,WEEKEND,4.3
FREIGHT,LOW,85.5,48.0,58.3,75.0,2.6,1,2.8,1,53.0,49.6,0,MORNING,WEEKEND,8.3
PASSENGER,HIGH,135.5,82.7,23.1,100.0,5.0,0,0.0,2,98.0,92.5,1,EVENING,WEEKDAY,20.2
EXPRESS,HIGH,81.3,60.1,107.1,140.0,1.2,3,2.2,1,10.0,7.3,0,AFTERNOON,WEEKDAY,3.4
FREIGHT,LOW,160.9,50.2,51.7,65.0,0.0,2,2.5,1,66.2,66.1,0,MORNING,WEEKEND,7.8
FREIGHT,MEDIUM,48.0,49.1,19.2,65.0,2.4,2,2.5,2,13.1,18.4,2,MORNING,WEEKEND,14.5
LOCAL,LOW,136.8,13.0,38.2,90.0,0.2,0,0.0,3,50.2,52.2,2,AFTERNOON,WEEKEND,18.5
LOCAL,MEDIUM,75.5,63.0,65.7,80.0,0.1,3,4.2,1,70.3,67.9,0,EVENING,WEEKEND,11.8
EXPRESS,HIGH,121.5,34.6,120.5,130.0,0.0,1,3.1,1,65.0,64.5,0,EVENING,WEEKDAY,6.8
EXPRESS,HIGH,134.8,42.0,34.8,120.0,7.7,0,0.0,2,66.9,63.5,1,AFTERNOON,WEEKEND,16.8
EXPRESS,HIGH,74.8,60.1,61.5,140.0,2.0,2,2.4,4,86.3,78.1,3,EVENING,WEEKDAY,21.7
EXPRESS,HIGH,112.8,17.9,19.1,130.0,3.5,0,0.0,1,87.6,78.0,2,EVENING,WEEKDAY,15.4
EXPRESS,HIGH,100.5,18.3,108.0,130.0,1.9,1,3.5,1,37.8,36.0,0,EVENING,WEEKDAY,5.9
PASSENGER,MEDIUM,98.6,28.9,32.8,100.0,0.0,0,0.0,4,88.3,78.9,2,MORNING,WEEKDAY,21.0
PASSENGER,MEDIUM,111.5,15.6,18.5,100.0,0.0,1,4.5,2,41.9,44.5,1,AFTERNOON,WEEKDAY,11.9
PASSENGER,MEDIUM,107.2,62.5,101.8,110.0,0.0,0,0.0,1,24.9,18.0,0,AFTERNOON,WEEKDAY,2.2
EXPRESS,HIGH,102.2,19.4,34.3,110.0,1.6,1,2.3,2,48.5,48.4,2,MORNING,WEEKDAY,13.1
EXPRESS,HIGH,124.6,38.3,105.6,110.0,0.0,2,4.3,1,15.7,15.0,0,MORNING,WEEKEND,2.5
EXPRESS,HIGH,61.5,57.7,113.5,140.0,1.0,1,1.5,2,49.3,47.1,0,AFTERNOON,WEEKDAY,6.2
LOCAL,LOW,169.8,59.2,9.2,80.0,1.9,1,2.6,2,88.7,83.5,2,MORNING,WEEKDAY,30.9
LOCAL,MEDIUM,140.4,24.5,74.8,90.0,11.3,0,0.0,1,41.9,34.7,0,MORNING,WEEKDAY,16.2
EXPRESS,HIGH,112.6,15.5,100.2,120.0,2.0,1,1.8,1,17.1,20.3,0,AFTERNOON,WEEKDAY,3.2
FREIGHT,LOW,146.2,41.8,56.3,65.0,3.4,0,0.0,1,30.3,27.3,0,AFTERNOON,WEEKDAY,7.4
PASSENGER,MEDIUM,47.9,10.3,97.2,100.0,1.4,0,0.0,1,48.2,41.9,0,EVENING,WEEKEND,4.3
LOCAL,LOW,101.6,91.2,32.3,90.0,6.2,0,0.0,1,64.0,54.1,1,MORNING,WEEKEND,21.7
LOCAL,MEDIUM,127.5,72.3,28.2,80.0,1.1,3,3.5,2,27.7,27.8,1,NIGHT,WEEKEND,14.8
FREIGHT,LOW,103.1,28.4,12.5,75.0,2.7,1,2.8,1,80.1,79.0,2,NIGHT,WEEKEND,23.1
EXPRESS,HIGH,124.6,12.7,114.0,130.0,0.0,0,0.0,1,21.4,30.3,0,MORNING,WEEKEND,1.6
PASSENGER,MEDIUM,153.2,41.7,15.2,100.0,0.3,0,0.0,2,67.1,64.5,1,EVENING,WEEKEND,13.4
FREIGHT,LOW,48.3,5.7,59.0,75.0,0.0,0,0.0,1,10.0,11.8,0,MORNING,WEEKEND,1.8
EXPRESS,HIGH,144.0,10.6,2.1,110.0,1.6,1,1.6,3,98.0,90.5,2,EVENING,WEEKDAY,15.9
EXPRESS,HIGH,123.6,39.8,47.3,140.0,0.0,0,0.0,3,91.6,85.1,2,EVENING,WEEKDAY,16.4
LOCAL,LOW,154.8,21.1,24.6,90.0,0.4,0,0.0,2,51.1,40.4,1,AFTERNOON,WEEKDAY,14.0
EXPRESS,HIGH,49.3,22.7,74.5,110.0,14.4,1,4.8,3,92.9,87.7,0,EVENING,WEEKDAY,25.6
EXPRESS,MEDIUM,38.9,10.2,90.0,110.0,0.0,1,1.8,1,56.0,54.5,0,NIGHT,WEEKDAY,3.4
PASSENGER,MEDIUM,37.7,72.1,70.8,100.0,0.0,0,0.0,2,98.0,94.4,0,MORNING,WEEKDAY,11.4
LOCAL,LOW,168.6,48.9,76.4,90.0,0.0,1,2.0,1,16.3,18.8,0,MORNING,WEEKEND,1.3
PASSENGER,MEDIUM,112.6,40.9,80.9,100.0,0.0,1,2.6,2,54.4,56.9,0,EVENING,WEEKEND,6.4
EXPRESS,HIGH,158.0,79.0,45.1,140.0,6.6,5,4.9,2,14.5,16.5,2,NIGHT,WEEKDAY,28.5
EXPRESS,MEDIUM,121.5,69.5,4.3,120.0,4.7,0,0.0,1,95.7,87.2,3,MORNING,WEEKDAY,29.4
FREIGHT,MEDIUM,75.1,87.4,15.1,75.0,24.6,2,4.7,1,98.0,94.1,3,MORNING,WEEKDAY,52.8
EXPRESS,MEDIUM,168.2,43.1,113.5,140.0,0.0,0,0.0,1,50.0,44.4,0,MORNING,WEEKDAY,5.8
FREIGHT,MEDIUM,33.2,45.7,72.8,75.0,0.0,1,4.4,1,64.1,65.6,0,AFTERNOON,WEEKEND,7.1
EXPRESS,HIGH,52.9,62.9,32.0,110.0,0.1,0,0.0,2,64.1,55.2,2,MORNING,WEEKDAY,14.9
EXPRESS,HIGH,112.6,24.9,43.4,140.0,0.2,1,4.8,3,63.9,66.5,3,MORNING,WEEKDAY,17.9
EXPRESS,HIGH,72.8,17.5,40.3,130.0,0.0,0,0.0,2,68.1,68.0,1,EVENING,WEEKDAY,10.4
PASSENGER,MEDIUM,116.7,45.1,30.7,110.0,1.1,3,3.8,2,39.1,29.6,1,EVENING,WEEKDAY,15.6
FREIGHT,LOW,51.9,41.2,13.8,65.0,8.6,2,4.8,2,13.5,10.3,1,AFTERNOON,WEEKEND,22.2
EXPRESS,HIGH,117.2,6.6,92.7,120.0,4.5,1,2.9,3,48.4,42.5,0,EVENING,WEEKDAY,11.0
EXPRESS,HIGH,77.8,73.7,28.9,130.0,0.4,4,3.3,2,52.2,49.5,3,EVENING,WEEKDAY,19.7
EXPRESS,HIGH,50.9,75.4,52.2,130.0,7.4,3,4.0,3,77.5,76.5,3,MORNING,WEEKDAY,29.7
FREIGHT,MEDIUM,105.1,22.5,7.9,65.0,0.0,0,0.0,1,76.0,78.9,2,EVENING,WEEKEND,13.9
EXPRESS,HIGH,94.7,51.0,51.6,140.0,0.7,2,2.8,2,71.5,64.2,1,EVENING,WEEKDAY,13.7
EXPRESS,MEDIUM,101.4,48.5,98.7,110.0,0.0,2,1.8,1,55.7,48.8,0,AFTERNOON,WEEKEND,4.7
LOCAL,MEDIUM,102.0,82.0,31.5,80.0,0.0,0,0.0,3,38.3,27.3,1,EVENING,WEEKEND,12.6
PASSENGER,MEDIUM,139.4,82.9,42.1,100.0,0.0,1,4.2,2,51.6,47.6,3,EVENING,WEEKDAY,23.2
FREIGHT,MEDIUM,50.7,91.8,55.7,65.0,6.2,0,0.0,1,33.3,42.1,0,NIGHT,WEEKDAY,10.0
EXPRESS,HIGH,39.3,10.4,93.7,130.0,2.3,1,4.6,2,87.9,81.2,0,EVENING,WEEKDAY,11.5
EXPRESS,HIGH,77.7,56.0,8.0,140.0,0.0,1,4.7,1,90.6,77.0,1,EVENING,WEEKDAY,14.0
EXPRESS,HIGH,144.1,41.5,112.5,130.0,0.0,2,2.8,3,69.6,60.9,0,MORNING,WEEKDAY,7.7
EXPRESS,HIGH,162.6,70.9,107.5,130.0,15.0,1,2.5,1,62.8,61.3,0,AFTERNOON,WEEKDAY,18.5
EXPRESS,MEDIUM,164.5,19.3,86.5,110.0,4.2,0,0.0,1,28.9,33.5,0,NIGHT,WEEKDAY,6.8
EXPRESS,HIGH,49.4,12.2,118.3,140.0,2.2,0,0.0,2,98.0,95.7,0,EVENING,WEEKDAY,10.6
LOCAL,LOW,157.2,59.3,6.4,80.0,0.0,2,4.9,2,17.6,20.1,2,AFTERNOON,WEEKDAY,22.6
EXPRESS,HIGH,130.8,92.8,42.4,130.0,1.0,2,2.7,2,65.1,65.2,1,EVENING,WEEKDAY,15.1
PASSENGER,MEDIUM,125.9,93.5,46.6,110.0,0.8,2,3.8,2,19.4,18.7,1,EVENING,WEEKEND,14.0
FREIGHT,LOW,123.9,83.2,52.2,65.0,7.8,0,0.0,1,26.8,30.0,0,MORNING,WEEKEND,12.4
FREIGHT,LOW,47.8,54.0,16.3,65.0,13.1,0,0.0,3,86.0,83.2,1,EVENING,WEEKDAY,35.0
FREIGHT,LOW,137.7,9.1,26.6,65.0,0.0,1,3.1,2,95.1,90.4,1,MORNING,WEEKDAY,18.6
EXPRESS,HIGH,34.0,75.1,117.0,140.0,12.8,0,0.0,1,27.9,29.9,0,NIGHT,WEEKEND,15.2
PASSENGER,MEDIUM,102.7,83.0,40.1,110.0,1.2,4,4.5,2,38.2,36.1,1,AFTERNOON,WEEKDAY,21.2
PASSENGER,HIGH,57.2,70.0,5.5,100.0,0.0,3,4.2,2,43.4,50.0,2,NIGHT,WEEKEND,18.2
EXPRESS,HIGH,113.5,92.8,14.2,130.0,0.9,5,5.0,2,79.2,77.7,1,AFTERNOON,WEEKDAY,25.2
LOCAL,MEDIUM,108.5,79.9,87.2,90.0,0.3,1,3.5,2,49.2,42.9,0,AFTERNOON,WEEKDAY,5.5
EXPRESS,HIGH,81.7,89.8,25.3,130.0,0.0,0,0.0,2,79.9,75.3,1,EVENING,WEEKDAY,16.2
EXPRESS,HIGH,91.5,38.1,122.1,140.0,5.1,2,3.4,2,16.5,12.3,0,AFTERNOON,WEEKEND,9.0
PASSENGER,MEDIUM,148.8,57.9,35.9,100.0,0.0,2,3.7,2,28.7,19.9,1,EVENING,WEEKDAY,14.4
LOCAL,MEDIUM,128.0,53.1,15.6,90.0,1.3,2,3.8,2,27.3,30.5,1,NIGHT,WEEKEND,14.4
LOCAL,MEDIUM,60.3,78.4,83.5,90.0,0.0,3,3.0,1,69.0,65.6,0,EVENING,WEEKDAY,7.3
EXPRESS,HIGH,155.6,7.8,100.9,110.0,1.4,1,2.8,2,47.1,47.9,0,EVENING,WEEKDAY,7.4
PASSENGER,MEDIUM,96.1,60.4,81.0,100.0,0.2,3,1.7,1,59.9,63.0,0,MORNING,WEEKEND,5.1
PASSENGER,HIGH,89.9,79.3,27.3,100.0,1.5,5,4.9,1,98.0,96.4,1,MORNING,WEEKDAY,23.6
PASSENGER,MEDIUM,78.2,72.6,20.6,100.0,0.5,0,0.0,2,16.1,12.8,1,NIGHT,WEEKDAY,11.0
LOCAL,LOW,115.1,26.3,8.9,80.0,0.1,1,3.4,2,41.8,34.9,2,EVENING,WEEKDAY,20.9
EXPRESS,HIGH,118.9,80.8,94.1,140.0,0.0,5,3.6,1,91.2,81.1,0,EVENING,WEEKDAY,12.3
FREIGHT,LOW,36.8,83.0,50.5,65.0,8.4,5,1.7,1,35.0,32.3,0,MORNING,WEEKEND,11.5
PASSENGER,HIGH,158.0,60.4,95.5,100.0,0.0,2,2.8,1,10.0,14.9,0,AFTERNOON,WEEKDAY,0.0
FREIGHT,LOW,178.0,93.0,53.5,65.0,8.8,0,0.0,1,24.6,21.8,0,AFTERNOON,WEEKDAY,12.6
EXPRESS,HIGH,179.3,5.8,95.2,120.0,0.0,1,4.1,3,80.4,76.5,0,AFTERNOON,WEEKEND,8.1
FREIGHT,LOW,127.9,78.8,32.5,75.0,0.0,4,2.4,2,54.4,52.8,1,EVENING,WEEKDAY,18.0
EXPRESS,HIGH,125.3,84.0,28.3,120.0,1.7,3,1.7,2,19.0,13.1,1,AFTERNOON,WEEKDAY,11.2
FREIGHT,LOW,104.7,66.9,6.9,65.0,1.2,2,2.5,2,40.3,32.4,2,AFTERNOON,WEEKDAY,20.6
PASSENGER,MEDIUM,155.7,81.9,17.0,100.0,1.1,1,4.0,3,10.0,0.4,1,AFTERNOON,WEEKEND,15.6
PASSENGER,MEDIUM,42.5,46.2,31.3,100.0,7.2,0,0.0,2,70.1,66.1,2,MORNING,WEEKDAY,24.3
EXPRESS,HIGH,159.3,25.1,120.7,130.0,0.3,0,0.0,3,46.5,36.8,0,EVENING,WEEKDAY,7.5
EXPRESS,MEDIUM,102.4,30.1,107.1,130.0,0.0,1,4.7,2,20.2,15.0,0,NIGHT,WEEKEND,5.0
PASSENGER,MEDIUM,30.6,72.3,18.4,100.0,0.0,4,3.3,3,75.7,62.0,2,MORNING,WEEKDAY,24.3
EXPRESS,MEDIUM,58.3,29.9,11.4,130.0,0.0,0,0.0,3,75.0,71.5,1,EVENING,WEEKDAY,16.1
PASSENGER,HIGH,42.3,42.9,14.8,100.0,0.0,2,4.4,3,27.8,21.3,1,EVENING,WEEKDAY,14.4
LOCAL,MEDIUM,136.6,66.7,63.2,80.0,0.0,1,4.7,2,58.9,56.5,0,MORNING,WEEKDAY,10.0
FREIGHT,LOW,70.0,53.5,71.5,75.0,2.9,1,1.7,3,60.6,51.2,0,MORNING,WEEKDAY,13.4
EXPRESS,HIGH,163.6,63.1,121.8,130.0,0.0,3,4.6,3,53.7,41.2,0,MORNING,WEEKDAY,13.5
PASSENGER,MEDIUM,61.5,69.0,90.1,100.0,1.9,4,2.9,1,20.0,17.1,0,AFTERNOON,WEEKDAY,5.5
PASSENGER,MEDIUM,74.2,9.4,94.5,110.0,0.0,0,0.0,2,46.2,49.4,0,AFTERNOON,WEEKEND,4.6
PASSENGER,MEDIUM,150.0,39.1,83.4,100.0,5.5,0,0.0,1,10.0,4.1,0,AFTERNOON,WEEKDAY,6.6
EXPRESS,MEDIUM,59.0,34.8,32.6,120.0,0.5,0,0.0,2,10.0,8.0,1,AFTERNOON,WEEKDAY,8.8
EXPRESS,HIGH,41.4,75.2,109.8,140.0,1.8,4,4.7,2,41.3,36.3,0,MORNING,WEEKDAY,14.8
EXPRESS,MEDIUM,145.9,18.7,7.2,130.0,0.0,0,0.0,1,42.0,45.6,1,MORNING,WEEKEND,7.8
FREIGHT,LOW,123.4,91.0,12.7,65.0,0.5,3,4.4,1,75.6,66.7,2,EVENING,WEEKDAY,30.9
PASSENGER,MEDIUM,107.3,78.5,101.7,110.0,0.0,0,0.0,2,32.0,38.6,0,EVENING,WEEKEND,4.0
EXPRESS,HIGH,76.2,53.0,93.2,110.0,0.0,1,4.4,2,71.2,67.0,0,EVENING,WEEKDAY,9.3
PASSENGER,MEDIUM,98.5,76.1,97.9,110.0,0.0,4,4.5,1,13.7,9.2,0,AFTERNOON,WEEKDAY,8.0
LOCAL,MEDIUM,129.1,59.7,30.5,90.0,0.0,1,1.8,2,57.4,51.1,2,EVENING,WEEKDAY,17.0
LOCAL,MEDIUM,107.1,35.0,87.9,90.0,0.0,1,2.8,1,33.7,30.6,0,AFTERNOON,WEEKDAY,1.7
LOCAL,LOW,75.7,18.9,33.9,80.0,0.0,1,4.5,2,41.0,40.9,1,MORNING,WEEKEND,13.6
EXPRESS,HIGH,50.7,14.3,96.4,120.0,0.4,1,2.7,1,22.0,27.5,0,AFTERNOON,WEEKEND,1.4
EXPRESS,HIGH,78.3,57.4,35.6,140.0,1.4,1,4.9,2,68.0,63.9,1,MORNING,WEEKDAY,15.4
PASSENGER,MEDIUM,144.2,27.7,5.7,100.0,5.8,1,2.2,3,71.1,61.4,1,EVENING,WEEKDAY,20.6
EXPRESS,HIGH,148.2,12.4,25.3,120.0,2.6,0,0.0,3,55.9,47.3,1,EVENING,WEEKDAY,12.9
FREIGHT,LOW,75.5,25.7,58.0,75.0,2.1,1,1.9,1,61.1,56.8,0,AFTERNOON,WEEKDAY,9.1
EXPRESS,MEDIUM,156.9,5.0,97.6,110.0,3.0,0,0.0,3,10.0,8.7,0,EVENING,WEEKEND,5.9
EXPRESS,HIGH,121.1,50.2,31.5,140.0,0.0,2,1.6,2,55.0,47.6,2,NIGHT,WEEKEND,11.3
EXPRESS,HIGH,68.9,27.8,12.2,110.0,0.0,0,0.0,1,52.1,41.8,1,EVENING,WEEKDAY,9.3
FREIGHT,LOW,31.7,36.6,51.5,65.0,7.2,0,0.0,1,45.8,46.6,0,AFTERNOON,WEEKDAY,12.1
EXPRESS,HIGH,107.0,70.8,26.4,120.0,6.0,1,4.3,2,72.8,69.8,3,MORNING,WEEKDAY,25.7
EXPRESS,MEDIUM,98.8,34.0,9.1,120.0,0.0,1,4.3,2,50.5,49.2,1,MORNING,WEEKDAY,14.5
FREIGHT,LOW,90.5,21.4,4.5,75.0,4.3,0,0.0,2,55.3,48.1,1,EVENING,WEEKEND,18.6
PASSENGER,MEDIUM,50.6,84.5,44.2,110.0,2.0,2,3.7,1,70.7,69.3,1,AFTERNOON,WEEKDAY,17.7
LOCAL,MEDIUM,89.0,15.5,61.5,80.0,0.0,1,2.8,1,66.7,68.9,0,AFTERNOON,WEEKDAY,5.3
EXPRESS,HIGH,158.2,66.2,1.2,130.0,22.3,2,2.5,3,91.2,83.7,2,MORNING,WEEKDAY,40.2
PASSENGER,MEDIUM,73.8,8.0,17.3,110.0,0.8,1,3.0,3,74.0,70.9,1,EVENING,WEEKDAY,14.7
EXPRESS,HIGH,170.4,28.5,2.6,130.0,0.5,1,3.4,2,56.0,49.2,1,MORNING,WEEKDAY,11.1
EXPRESS,HIGH,76.2,52.1,28.7,120.0,0.2,0,0.0,2,69.2,62.6,1,MORNING,WEEKDAY,12.3
PASSENGER,MEDIUM,117.0,72.4,86.3,100.0,0.8,3,1.6,1,54.0,46.3,0,NIGHT,WEEKDAY,4.5
LOCAL,HIGH,121.7,59.5,32.2,90.0,1.9,0,0.0,2,93.7,89.4,1,MORNING,WEEKDAY,13.5
FREIGHT,LOW,162.1,37.5,17.1,65.0,0.0,0,0.0,4,68.1,60.9,2,MORNING,WEEKDAY,25.7
EXPRESS,HIGH,102.5,11.6,20.2,120.0,0.0,1,2.8,3,73.4,70.4,2,EVENING,WEEKDAY,13.2
EXPRESS,HIGH,55.1,60.4,123.1,130.0,2.2,0,0.0,1,49.2,49.4,0,EVENING,WEEKDAY,6.7
LOCAL,MEDIUM,153.9,58.5,16.1,90.0,0.8,2,4.4,3,67.0,61.6,1,MORNING,WEEKDAY,21.1
LOCAL,MEDIUM,83.3,11.6,72.4,90.0,7.4,1,4.8,1,39.1,39.7,0,MORNING,WEEKEND,12.8
EXPRESS,HIGH,140.0,57.7,46.9,120.0,12.2,0,0.0,2,60.5,57.2,1,AFTERNOON,WEEKDAY,21.3
PASSENGER,MEDIUM,142.1,88.9,2.7,110.0,0.0,5,3.2,2,36.8,35.4,2,EVENING,WEEKDAY,22.7
LOCAL,MEDIUM,162.7,71.4,37.9,90.0,3.6,3,2.6,2,52.0,54.3,1,MORNING,WEEKEND,15.5
PASSENGER,MEDIUM,155.8,92.4,76.2,100.0,7.3,3,3.7,1,60.6,61.7,0,EVENING,WEEKDAY,17.5
LOCAL,MEDIUM,76.4,67.1,3.4,90.0,3.2,1,3.8,1,78.8,75.5,2,MORNING,WEEKDAY,23.6
PASSENGER,LOW,50.3,72.4,100.0,110.0,0.0,0,0.0,2,14.1,15.0,0,MORNING,WEEKEND,3.1
FREIGHT,LOW,122.5,20.9,1.3,65.0,0.0,1,3.5,2,55.7,61.2,3,EVENING,WEEKEND,25.5
EXPRESS,HIGH,150.7,80.8,0.9,120.0,3.6,3,4.5,2,10.0,4.7,1,NIGHT,WEEKEND,18.7
LOCAL,LOW,34.5,49.3,78.8,90.0,5.4,0,0.0,1,10.0,10.3,0,AFTERNOON,WEEKDAY,7.1
LOCAL,LOW,104.0,16.7,77.4,90.0,1.5,0,0.0,1,67.0,56.4,0,EVENING,WEEKDAY,10.6
EXPRESS,HIGH,46.5,40.1,43.1,140.0,0.0,0,0.0,3,10.0,9.5,2,AFTERNOON,WEEKDAY,9.0
FREIGHT,LOW,138.0,48.1,28.8,65.0,6.6,2,1.6,3,70.4,68.4,0,EVENING,WEEKDAY,21.2
PASSENGER,MEDIUM,142.6,78.5,38.0,100.0,1.3,1,3.9,1,81.7,85.9,3,EVENING,WEEKDAY,24.1
PASSENGER,MEDIUM,78.9,65.2,83.5,100.0,3.5,0,0.0,2,43.9,39.2,0,EVENING,WEEKDAY,11.9
LOCAL,MEDIUM,129.2,31.0,19.5,80.0,0.0,1,4.3,3,80.7,74.4,1,MORNING,WEEKDAY,16.7
PASSENGER,MEDIUM,151.1,14.4,85.6,110.0,0.0,0,0.0,1,60.8,52.6,0,EVENING,WEEKEND,4.3
PASSENGER,MEDIUM,31.8,84.5,9.6,110.0,1.7,5,3.8,2,69.0,64.3,1,MORNING,WEEKDAY,25.6
FREIGHT,LOW,69.4,34.4,31.0,75.0,14.0,2,4.6,2,81.2,82.3,1,MORNING,WEEKDAY,36.6
LOCAL,MEDIUM,102.1,11.8,8.9,80.0,0.2,0,0.0,2,38.0,35.4,1,AFTERNOON,WEEKDAY,8.2
EXPRESS,HIGH,135.7,37.1,86.4,110.0,0.0,0,0.0,1,20.0,17.8,0,AFTERNOON,WEEKEND,2.7
EXPRESS,HIGH,84.0,56.3,101.0,110.0,0.6,2,1.6,1,69.8,63.3,0,MORNING,WEEKDAY,4.9
LOCAL,MEDIUM,93.7,39.8,82.2,90.0,0.0,1,3.9,1,47.6,41.9,0,AFTERNOON,WEEKEND,3.6
PASSENGER,MEDIUM,86.4,91.9,40.1,100.0,0.0,0,0.0,2,86.3,78.2,1,EVENING,WEEKDAY,17.4
PASSENGER,MEDIUM,179.7,78.6,43.1,100.0,7.0,2,4.5,2,58.9,54.9,2,EVENING,WEEKDAY,29.7
FREIGHT,MEDIUM,155.8,11.6,20.1,65.0,0.2,1,3.6,2,97.7,96.0,2,MORNING,WEEKDAY,19.8
FREIGHT,LOW,175.2,83.9,31.3,75.0,0.0,1,3.8,2,52.2,49.8,2,MORNING,WEEKEND,22.6
PASSENGER,MEDIUM,159.9,34.1,38.8,110.0,0.0,0,0.0,2,37.5,40.2,3,EVENING,WEEKEND,16.0
FREIGHT,LOW,116.5,10.6,0.7,75.0,0.3,1,3.3,2,85.6,76.0,1,MORNING,WEEKDAY,17.6
EXPRESS,HIGH,108.6,61.4,117.5,130.0,0.3,3,3.9,3,69.5,62.8,0,EVENING,WEEKDAY,10.1
FREIGHT,LOW,31.1,48.3,58.0,75.0,5.1,1,3.8,4,29.1,26.1,0,MORNING,WEEKDAY,16.0
PASSENGER,MEDIUM,106.2,52.4,26.7,110.0,0.0,1,4.3,3,73.8,69.3,2,MORNING,WEEKDAY,21.5
EXPRESS,HIGH,141.7,76.3,117.7,120.0,1.3,2,2.1,3,43.0,36.6,0,MORNING,WEEKDAY,7.7
LOCAL,LOW,157.8,31.4,12.6,80.0,0.0,2,3.1,3,10.0,12.8,2,MORNING,WEEKEND,17.1
LOCAL,LOW,156.8,13.0,34.8,90.0,0.0,0,0.0,2,89.3,84.5,2,MORNING,WEEKDAY,23.9
EXPRESS,MEDIUM,138.0,64.2,27.6,140.0,8.8,1,3.0,2,29.6,26.4,1,AFTERNOON,WEEKEND,19.8
PASSENGER,HIGH,115.6,90.1,33.1,110.0,0.0,2,4.0,2,52.9,57.4,1,MORNING,WEEKEND,13.6
FREIGHT,LOW,168.0,21.8,67.8,75.0,0.0,1,5.0,1,27.9,32.0,0,EVENING,WEEKEND,5.1
PASSENGER,MEDIUM,133.8,21.4,99.4,100.0,1.0,0,0.0,1,43.3,40.6,0,AFTERNOON,WEEKDAY,3.9
EXPRESS,HIGH,126.0,41.8,96.1,110.0,6.2,1,1.6,1,68.1,66.7,0,NIGHT,WEEKDAY,9.4
LOCAL,MEDIUM,47.7,62.2,73.9,80.0,0.9,4,4.2,1,36.0,35.6,0,AFTERNOON,WEEKDAY,9.0
FREIGHT,LOW,54.1,7.9,27.1,75.0,0.0,1,3.1,3,73.7,72.1,1,MORNING,WEEKDAY,19.0
EXPRESS,HIGH,169.4,27.5,119.8,120.0,0.6,1,4.3,1,18.5,17.5,0,NIGHT,WEEKDAY,2.6
PASSENGER,MEDIUM,78.8,55.6,18.4,110.0,3.9,0,0.0,3,10.0,3.8,1,EVENING,WEEKEND,16.0
EXPRESS,HIGH,45.3,30.6,124.0,130.0,10.5,1,2.7,1,25.4,35.4,0,EVENING,WEEKEND,11.1
EXPRESS,HIGH,145.1,26.9,53.6,120.0,0.0,1,1.5,2,76.7,73.0,1,EVENING,WEEKDAY,10.5
FREIGHT,LOW,152.5,34.7,32.5,75.0,0.0,1,1.6,2,76.0,74.0,2,MORNING,WEEKEND,20.6
FREIGHT,LOW,53.2,12.4,27.8,65.0,0.4,1,4.2,3,62.3,67.3,2,EVENING,WEEKEND,22.6
EXPRESS,MEDIUM,105.0,79.3,10.1,140.0,0.0,2,3.6,2,98.0,92.7,3,EVENING,WEEKDAY,28.8
EXPRESS,HIGH,92.5,24.9,15.9,110.0,0.4,1,4.4,2,26.5,20.7,1,MORNING,WEEKEND,8.9
LOCAL,LOW,112.9,75.9,88.4,90.0,0.0,0,0.0,2,54.0,50.2,0,MORNING,WEEKDAY,9.2
PASSENGER,MEDIUM,40.3,94.4,96.9,100.0,8.9,0,0.0,1,53.6,48.9,0,EVENING,WEEKDAY,13.7
LOCAL,MEDIUM,65.6,19.1,11.3,80.0,3.3,0,0.0,2,69.4,60.8,1,EVENING,WEEKDAY,15.6
EXPRESS,MEDIUM,60.0,59.6,52.5,120.0,1.9,3,4.5,2,23.0,20.1,1,AFTERNOON,WEEKDAY,15.5
PASSENGER,HIGH,89.3,31.8,21.7,110.0,0.0,2,4.6,3,74.1,72.0,1,EVENING,WEEKDAY,16.9
EXPRESS,MEDIUM,93.3,60.6,133.8,140.0,3.4,2,1.7,2,24.8,29.8,0,NIGHT,WEEKDAY,4.5
LOCAL,MEDIUM,61.0,62.6,70.5,80.0,2.5,0,0.0,3,37.3,40.5,0,MORNING,WEEKEND,8.0
EXPRESS,HIGH,58.3,29.0,8.3,130.0,6.3,0,0.0,2,66.2,60.3,2,EVENING,WEEKDAY,19.2
LOCAL,LOW,65.5,47.5,80.0,90.0,4.9,0,0.0,1,52.3,61.4,0,NIGHT,WEEKDAY,10.8
FREIGHT,LOW,31.2,56.5,26.3,65.0,14.9,1,3.1,4,89.1,81.2,3,EVENING,WEEKDAY,48.7
PASSENGER,MEDIUM,58.0,53.6,15.5,110.0,7.0,3,3.4,2,59.9,63.6,1,EVENING,WEEKEND,23.0
PASSENGER,MEDIUM,75.4,32.4,105.0,110.0,0.0,1,2.3,1,21.4,24.8,0,NIGHT,WEEKDAY,0.2
PASSENGER,MEDIUM,139.1,74.7,8.3,100.0,3.7,0,0.0,3,36.9,37.4,1,NIGHT,WEEKEND,18.0
EXPRESS,HIGH,160.7,55.8,98.1,120.0,0.0,0,0.0,1,88.5,81.2,0,EVENING,WEEKEND,6.0
LOCAL,MEDIUM,54.2,94.5,74.6,80.0,3.7,5,4.1,2,10.0,14.4,0,AFTERNOON,WEEKEND,14.4
PASSENGER,MEDIUM,121.6,19.6,89.3,110.0,0.0,0,0.0,1,61.2,58.7,0,MORNING,WEEKDAY,7.0
EXPRESS,HIGH,30.7,46.3,92.4,120.0,0.0,2,2.8,1,76.7,83.1,0,EVENING,WEEKEND,5.6
EXPRESS,HIGH,73.0,80.4,51.3,120.0,0.0,3,4.0,1,70.7,75.2,0,NIGHT,WEEKEND,11.0
PASSENGER,MEDIUM,125.1,84.1,94.8,100.0,0.6,2,2.4,1,56.3,49.5,0,MORNING,WEEKDAY,5.9
EXPRESS,HIGH,63.5,33.6,3.4,120.0,0.0,1,2.0,4,95.0,89.0,2,MORNING,WEEKDAY,18.4
PASSENGER,MEDIUM,46.8,43.3,11.9,100.0,10.3,2,1.8,3,69.8,58.8,3,EVENING,WEEKDAY,32.7
FREIGHT,LOW,115.6,89.8,71.0,75.0,3.1,2,2.4,1,33.0,37.1,0,EVENING,WEEKEND,7.5
PASSENGER,MEDIUM,135.1,75.9,93.1,100.0,0.3,4,3.9,1,22.7,20.8,0,AFTERNOON,WEEKDAY,6.0
LOCAL,MEDIUM,58.2,24.2,50.7,90.0,0.0,0,0.0,3,90.7,77.4,0,MORNING,WEEKDAY,11.4
EXPRESS,HIGH,135.2,27.5,39.1,120.0,1.4,0,0.0,2,57.0,54.3,2,MORNING,WEEKDAY,13.9
FREIGHT,LOW,159.9,71.2,55.8,65.0,1.0,1,4.1,1,48.2,45.8,0,EVENING,WEEKEND,8.3
PASSENGER,MEDIUM,140.8,16.6,76.0,100.0,0.5,1,4.2,1,62.9,62.1,0,MORNING,WEEKEND,5.9
EXPRESS,HIGH,119.9,77.1,108.5,110.0,3.0,1,2.4,1,63.7,59.4,0,MORNING,WEEKDAY,7.8
EXPRESS,HIGH,92.5,32.0,13.7,130.0,2.4,0,0.0,2,42.9,42.2,3,AFTERNOON,WEEKEND,15.5
PASSENGER,MEDIUM,144.9,63.0,91.1,110.0,0.0,4,4.9,1,46.6,35.9,0,AFTERNOON,WEEKEND,12.6
LOCAL,MEDIUM,102.0,83.9,9.3,80.0,4.2,0,0.0,2,72.7,67.0,3,EVENING,WEEKDAY,28.9
FREIGHT,LOW,50.6,74.3,32.2,75.0,7.0,1,3.1,1,70.1,76.2,0,NIGHT,WEEKDAY,18.8
PASSENGER,MEDIUM,171.4,54.2,34.1,110.0,3.3,0,0.0,2,39.4,44.9,1,AFTERNOON,WEEKDAY,14.8
EXPRESS,HIGH,145.4,10.6,50.8,140.0,0.0,1,2.2,2,52.5,51.2,1,AFTERNOON,WEEKEND,5.4
PASSENGER,MEDIUM,43.9,49.9,22.3,100.0,1.7,3,3.6,2,88.9,87.5,1,MORNING,WEEKDAY,20.6
EXPRESS,HIGH,147.2,53.7,107.3,120.0,4.4,3,3.0,2,48.9,53.7,0,EVENING,WEEKEND,10.1
PASSENGER,MEDIUM,134.0,88.4,1.9,110.0,0.0,4,1.8,2,59.1,54.7,1,NIGHT,WEEKDAY,15.9
LOCAL,MEDIUM,169.9,81.6,71.9,90.0,4.4,4,2.4,1,55.7,57.8,0,NIGHT,WEEKEND,9.8
EXPRESS,MEDIUM,157.3,25.5,20.4,120.0,3.5,1,3.2,3,87.0,81.2,1,EVENING,WEEKDAY,20.6
EXPRESS,MEDIUM,136.0,36.5,11.9,130.0,0.5,1,4.0,3,53.0,47.4,1,EVENING,WEEKDAY,15.6
FREIGHT,LOW,34.1,36.0,5.3,75.0,4.9,2,2.7,1,75.2,71.2,1,MORNING,WEEKEND,21.4
PASSENGER,MEDIUM,108.6,23.3,106.7,110.0,0.0,1,1.7,1,49.2,47.5,0,AFTERNOON,WEEKDAY,3.6
FREIGHT,LOW,152.1,65.4,1.5,65.0,0.0,0,0.0,3,69.8,62.3,1,MORNING,WEEKDAY,20.5
LOCAL,LOW,171.8,78.2,4.3,80.0,0.0,1,3.8,2,71.8,61.7,1,MORNING,WEEKDAY,22.5
EXPRESS,HIGH,131.6,37.0,33.4,110.0,0.8,1,2.5,2,51.0,49.2,1,MORNING,WEEKDAY,11.7
EXPRESS,HIGH,68.4,15.7,34.7,140.0,0.0,0,0.0,2,83.6,81.9,1,EVENING,WEEKDAY,10.2
PASSENGER,HIGH,83.1,19.3,81.5,100.0,1.6,1,2.7,1,43.8,39.6,0,NIGHT,WEEKEND,4.5
PASSENGER,HIGH,152.3,81.5,107.7,110.0,0.0,0,0.0,1,66.1,68.4,0,NIGHT,WEEKDAY,2.9
EXPRESS,HIGH,169.5,19.6,92.0,120.0,0.5,0,0.0,1,59.7,59.0,0,MORNING,WEEKEND,4.0
EXPRESS,HIGH,166.9,56.3,85.0,110.0,2.3,0,0.0,1,27.6,29.4,0,NIGHT,WEEKDAY,3.8
EXPRESS,HIGH,117.6,50.8,115.4,120.0,2.5,0,0.0,1,56.7,49.3,0,AFTERNOON,WEEKDAY,6.4
FREIGHT,LOW,125.9,55.0,34.5,65.0,0.3,3,4.2,2,84.1,77.0,0,MORNING,WEEKDAY,17.2
EXPRESS,MEDIUM,110.8,38.9,94.1,120.0,1.3,1,4.1,1,56.9,61.4,0,NIGHT,WEEKDAY,6.3
EXPRESS,HIGH,134.3,45.0,113.8,130.0,5.5,1,2.7,3,54.7,45.2,0,MORNING,WEEKDAY,13.9
EXPRESS,HIGH,141.0,21.5,138.1,140.0,0.6,0,0.0,1,23.0,18.6,0,EVENING,WEEKEND,2.7
FREIGHT,LOW,80.2,31.1,17.2,75.0,3.4,2,1.9,2,46.5,37.3,1,AFTERNOON,WEEKDAY,16.6
FREIGHT,LOW,140.6,79.4,58.2,75.0,2.2,5,2.5,3,61.7,68.9,0,AFTERNOON,WEEKEND,13.3
EXPRESS,HIGH,43.1,6.6,24.6,140.0,2.2,0,0.0,2,44.8,36.2,3,MORNING,WEEKDAY,14.5
PASSENGER,MEDIUM,92.1,91.4,44.3,110.0,2.5,2,5.0,3,46.9,54.5,1,AFTERNOON,WEEKDAY,20.8
PASSENGER,HIGH,85.5,6.8,31.9,110.0,1.0,1,4.4,3,42.0,39.3,1,AFTERNOON,WEEKEND,10.0
PASSENGER,HIGH,176.7,72.5,97.6,110.0,2.9,1,3.4,1,55.6,53.6,0,EVENING,WEEKDAY,8.5
PASSENGER,HIGH,34.0,43.3,15.2,110.0,1.0,0,0.0,3,59.9,57.1,3,MORNING,WEEKDAY,18.6
EXPRESS,HIGH,121.9,25.8,7.8,130.0,5.9,0,0.0,2,97.2,80.7,3,EVENING,WEEKDAY,22.1
PASSENGER,MEDIUM,132.9,81.0,94.3,100.0,0.6,4,4.8,1,44.6,37.0,0,MORNING,WEEKEND,10.6
LOCAL,MEDIUM,32.1,45.9,2.0,90.0,2.9,3,1.7,3,95.4,84.9,2,EVENING,WEEKDAY,24.7
LOCAL,MEDIUM,62.5,62.1,76.4,90.0,0.6,3,1.9,1,23.4,27.2,0,AFTERNOON,WEEKDAY,3.0
EXPRESS,HIGH,139.2,73.0,81.5,130.0,0.5,0,0.0,2,87.4,86.5,0,EVENING,WEEKDAY,10.0
FREIGHT,LOW,122.4,72.0,17.5,75.0,0.0,3,1.8,2,16.3,15.9,1,MORNING,WEEKEND,14.2
PASSENGER,MEDIUM,96.1,91.1,94.9,100.0,0.0,0,0.0,1,59.4,57.1,0,EVENING,WEEKEND,4.3
PASSENGER,MEDIUM,158.4,50.9,29.6,100.0,4.1,1,4.2,2,89.1,86.9,3,MORNING,WEEKDAY,29.5
FREIGHT,LOW,117.1,86.0,19.4,75.0,0.5,2,4.1,2,60.0,62.2,1,EVENING,WEEKDAY,24.3
EXPRESS,HIGH,78.4,55.4,1.6,130.0,0.6,1,3.1,2,85.3,74.5,1,EVENING,WEEKDAY,14.5
LOCAL,LOW,83.0,12.3,78.2,90.0,6.9,1,4.5,1,49.6,43.4,0,EVENING,WEEKDAY,15.2
LOCAL,MEDIUM,112.5,63.2,9.6,80.0,3.0,1,3.7,2,61.8,67.8,1,EVENING,WEEKDAY,20.2
LOCAL,MEDIUM,124.7,17.0,65.6,80.0,5.5,0,0.0,1,79.9,75.6,0,EVENING,WEEKDAY,12.5
EXPRESS,HIGH,144.6,30.4,26.5,140.0,12.0,1,4.7,2,29.9,27.2,2,EVENING,WEEKEND,22.7
PASSENGER,HIGH,135.0,48.2,9.9,100.0,5.3,1,2.3,2,68.7,62.2,2,NIGHT,WEEKDAY,19.3
LOCAL,MEDIUM,145.4,67.8,61.2,80.0,6.6,3,1.8,1,64.4,72.0,0,AFTERNOON,WEEKEND,11.9
PASSENGER,MEDIUM,98.9,5.2,89.7,110.0,0.0,0,0.0,1,63.6,56.9,0,NIGHT,WEEKEND,4.3
EXPRESS,HIGH,42.1,69.8,119.8,140.0,4.7,3,3.6,2,51.6,45.1,0,AFTERNOON,WEEKDAY,10.8
EXPRESS,HIGH,52.1,24.0,102.8,110.0,0.0,0,0.0,1,27.0,25.8,0,NIGHT,WEEKEND,1.0
EXPRESS,HIGH,169.7,24.4,91.9,110.0,0.0,1,4.7,1,23.5,26.6,0,AFTERNOON,WEEKEND,2.8
FREIGHT,LOW,177.4,47.2,19.8,75.0,5.0,3,1.7,1,46.3,55.6,1,MORNING,WEEKEND,18.8
EXPRESS,HIGH,36.7,19.7,16.5,110.0,3.9,0,0.0,1,86.8,81.6,2,EVENING,WEEKDAY,15.1
FREIGHT,LOW,119.4,84.8,24.6,65.0,0.0,4,4.1,2,79.7,73.6,1,MORNING,WEEKDAY,26.1
PASSENGER,MEDIUM,124.0,68.5,37.3,110.0,2.2,4,3.5,1,71.8,71.4,1,EVENING,WEEKDAY,19.0
FREIGHT,LOW,42.2,31.5,53.0,65.0,0.1,1,3.3,1,75.3,69.8,0,EVENING,WEEKEND,9.1
EXPRESS,HIGH,33.2,6.7,28.7,130.0,0.0,0,0.0,3,92.8,96.5,3,MORNING,WEEKDAY,16.7
PASSENGER,MEDIUM,42.5,38.2,96.8,110.0,0.0,2,4.2,1,41.4,44.3,0,NIGHT,WEEKDAY,6.2
EXPRESS,HIGH,123.7,63.1,121.0,130.0,0.0,3,3.4,1,12.5,16.5,0,EVENING,WEEKEND,3.1
PASSENGER,LOW,52.7,78.2,30.7,100.0,0.4,5,3.1,2,48.2,41.8,1,MORNING,WEEKEND,18.2
FREIGHT,LOW,145.7,7.6,4.1,75.0,0.8,0,0.0,2,10.0,4.5,2,EVENING,WEEKEND,14.3
PASSENGER,HIGH,140.4,82.5,94.6,100.0,0.0,0,0.0,2,43.9,40.7,0,AFTERNOON,WEEKDAY,3.8
LOCAL,MEDIUM,157.2,76.7,10.4,80.0,0.0,5,4.0,2,38.6,40.3,1,AFTERNOON,WEEKDAY,19.6
EXPRESS,HIGH,31.4,46.3,101.9,120.0,7.6,3,4.7,1,40.5,31.8,0,MORNING,WEEKEND,15.6
EXPRESS,HIGH,103.8,81.5,50.4,120.0,4.1,1,2.6,2,75.3,75.5,3,AFTERNOON,WEEKDAY,20.0
FREIGHT,LOW,115.2,39.3,53.4,65.0,0.2,1,4.5,3,84.9,74.1,0,EVENING,WEEKDAY,15.0
EXPRESS,HIGH,79.4,51.3,91.3,120.0,0.0,0,0.0,4,67.9,64.9,0,MORNING,WEEKDAY,10.6
EXPRESS,HIGH,52.4,86.7,107.8,120.0,3.7,0,0.0,1,69.8,77.4,0,EVENING,WEEKEND,8.5
PASSENGER,MEDIUM,147.3,76.1,95.1,110.0,2.8,2,2.7,1,10.0,13.6,0,MORNING,WEEKEND,3.9
LOCAL,LOW,93.5,10.3,13.2,80.0,0.0,1,1.8,2,57.2,53.6,3,EVENING,WEEKDAY,26.2
FREIGHT,MEDIUM,58.9,18.9,62.6,65.0,1.0,0,0.0,1,60.9,57.6,0,AFTERNOON,WEEKDAY,4.9
EXPRESS,HIGH,79.6,47.0,48.1,130.0,1.8,1,2.0,1,79.0,66.6,1,MORNING,WEEKDAY,11.5
EXPRESS,HIGH,123.7,37.7,99.7,120.0,0.0,1,2.7,1,52.0,49.9,0,MORNING,WEEKEND,2.5
EXPRESS,HIGH,92.8,67.8,112.1,140.0,1.8,0,0.0,1,33.2,27.8,0,EVENING,WEEKEND,4.9
FREIGHT,MEDIUM,139.5,8.7,22.2,65.0,0.0,0,0.0,3,35.8,27.3,2,EVENING,WEEKDAY,15.3
PASSENGER,MEDIUM,109.0,36.7,9.3,110.0,0.0,2,4.9,2,69.2,65.7,1,EVENING,WEEKDAY,18.4
EXPRESS,HIGH,122.5,77.6,31.0,130.0,3.1,2,3.8,3,24.1,21.8,1,EVENING,WEEKDAY,18.5
LOCAL,MEDIUM,144.7,83.2,73.3,90.0,0.0,4,3.0,1,37.2,29.8,0,MORNING,WEEKDAY,7.0
EXPRESS,HIGH,44.1,37.0,42.1,120.0,0.0,2,2.8,1,49.1,46.2,1,NIGHT,WEEKEND,6.8
EXPRESS,HIGH,175.1,56.6,24.2,140.0,0.0,2,3.2,2,77.4,69.5,1,EVENING,WEEKDAY,14.1
EXPRESS,HIGH,70.3,91.6,23.5,120.0,4.0,2,3.0,4,63.0,59.5,3,EVENING,WEEKDAY,27.3
PASSENGER,MEDIUM,103.8,7.7,88.6,100.0,5.0,1,2.8,1,28.3,20.9,0,NIGHT,WEEKDAY,7.7
EXPRESS,HIGH,87.0,90.0,113.0,130.0,0.0,2,2.3,1,13.7,13.7,0,AFTERNOON,WEEKEND,2.1
EXPRESS,MEDIUM,64.5,17.5,28.6,120.0,3.5,1,2.3,2,18.6,16.2,1,NIGHT,WEEKEND,11.5
PASSENGER,MEDIUM,43.7,31.2,50.8,100.0,0.0,0,0.0,3,96.4,89.8,0,MORNING,WEEKDAY,13.0
PASSENGER,MEDIUM,166.5,40.7,74.9,110.0,3.7,2,3.1,2,73.5,69.1,0,EVENING,WEEKDAY,13.9
LOCAL,LOW,153.4,51.5,20.6,80.0,16.6,2,3.6,2,43.6,46.0,1,AFTERNOON,WEEKDAY,33.7
PASSENGER,MEDIUM,163.8,60.2,19.4,110.0,3.4,4,3.5,1,80.5,76.8,3,MORNING,WEEKDAY,29.2
LOCAL,MEDIUM,55.4,48.4,87.4,90.0,0.0,3,1.5,1,57.6,58.6,0,NIGHT,WEEKEND,4.8
EXPRESS,HIGH,77.4,30.1,96.9,120.0,0.0,1,4.2,3,47.6,45.4,0,MORNING,WEEKDAY,8.9
EXPRESS,HIGH,33.0,24.3,9.4,120.0,0.0,1,4.6,3,86.2,74.3,1,MORNING,WEEKDAY,15.0
EXPRESS,HIGH,163.0,41.8,57.6,140.0,0.4,0,0.0,3,27.0,26.4,1,EVENING,WEEKEND,9.3
PASSENGER,MEDIUM,47.2,76.9,31.2,100.0,0.0,1,3.8,2,54.2,52.0,1,NIGHT,WEEKEND,15.7
EXPRESS,HIGH,178.5,94.6,120.3,130.0,0.7,2,4.0,1,41.0,36.7,0,AFTERNOON,WEEKDAY,5.7
PASSENGER,MEDIUM,54.2,90.9,1.4,100.0,0.6,2,2.3,2,13.5,14.8,2,AFTERNOON,WEEKDAY,16.8
EXPRESS,HIGH,114.4,86.6,107.4,120.0,0.0,2,4.1,1,32.4,34.1,0,NIGHT,WEEKEND,4.9
EXPRESS,HIGH,68.2,53.4,30.4,120.0,0.0,3,3.3,2,48.8,52.9,1,EVENING,WEEKDAY,13.2
PASSENGER,MEDIUM,74.7,42.5,4.7,100.0,0.0,2,3.6,1,24.9,28.4,1,EVENING,WEEKEND,11.0
EXPRESS,HIGH,67.3,32.1,37.1,110.0,0.0,0,0.0,2,66.0,63.8,3,EVENING,WEEKDAY,14.4
EXPRESS,HIGH,39.4,69.4,21.3,140.0,3.5,0,0.0,3,58.6,53.0,1,EVENING,WEEKDAY,17.8
PASSENGER,HIGH,131.1,81.2,86.8,100.0,2.5,0,0.0,1,45.1,44.3,0,AFTERNOON,WEEKEND,6.1
PASSENGER,MEDIUM,127.5,61.0,87.5,100.0,0.0,3,2.6,1,42.1,51.0,0,NIGHT,WEEKDAY,5.1
FREIGHT,LOW,66.6,38.8,9.9,75.0,3.2,0,0.0,2,66.7,65.4,1,MORNING,WEEKDAY,21.0
PASSENGER,MEDIUM,103.4,40.2,7.6,110.0,10.7,1,2.9,3,46.7,49.8,2,MORNING,WEEKDAY,29.1
PASSENGER,MEDIUM,73.8,41.5,104.9,110.0,0.0,2,3.2,2,60.3,53.4,0,MORNING,WEEKEND,7.4
EXPRESS,MEDIUM,117.2,57.1,92.4,120.0,0.0,3,1.8,2,38.0,29.8,0,MORNING,WEEKDAY,6.6
EXPRESS,HIGH,67.6,15.5,1.9,140.0,0.0,0,0.0,2,18.4,11.3,1,NIGHT,WEEKDAY,6.1
FREIGHT,LOW,139.7,62.2,55.9,65.0,0.0,1,4.3,1,69.4,68.0,0,MORNING,WEEKDAY,9.5
PASSENGER,MEDIUM,127.4,30.8,78.5,100.0,0.0,0,0.0,2,40.4,38.5,0,MORNING,WEEKDAY,6.1
LOCAL,MEDIUM,116.3,78.5,26.8,90.0,9.5,5,3.0,2,77.6,70.0,1,MORNING,WEEKDAY,28.7
EXPRESS,HIGH,40.6,36.8,84.0,110.0,4.2,2,3.1,1,10.0,7.0,0,MORNING,WEEKEND,6.9
PASSENGER,MEDIUM,164.4,13.8,85.6,110.0,6.9,1,4.6,2,59.6,57.5,0,MORNING,WEEKDAY,15.1
PASSENGER,HIGH,151.4,60.3,26.5,100.0,4.2,1,3.1,3,89.3,90.1,1,MORNING,WEEKDAY,20.0
LOCAL,MEDIUM,34.2,29.1,11.5,80.0,0.0,0,0.0,4,69.5,63.5,1,EVENING,WEEKDAY,16.7
LOCAL,MEDIUM,118.9,30.9,61.7,80.0,1.4,1,1.9,1,48.2,45.9,0,MORNING,WEEKEND,4.3
LOCAL,LOW,174.8,62.6,9.3,80.0,0.0,4,4.1,1,98.0,89.7,1,MORNING,WEEKDAY,25.6
PASSENGER,MEDIUM,127.2,70.1,10.6,110.0,0.5,1,3.6,2,88.5,80.6,3,EVENING,WEEKDAY,26.2
EXPRESS,HIGH,144.7,57.4,9.9,130.0,0.0,2,2.8,3,62.7,59.4,1,EVENING,WEEKDAY,14.5
PASSENGER,HIGH,83.7,37.4,88.4,100.0,0.3,1,3.8,2,33.7,28.7,0,NIGHT,WEEKDAY,5.1
PASSENGER,MEDIUM,172.5,26.2,10.9,110.0,1.4,1,3.8,4,97.4,96.5,2,MORNING,WEEKDAY,24.4
FREIGHT,LOW,153.1,89.1,23.2,65.0,0.2,0,0.0,3,40.0,41.1,1,NIGHT,WEEKEND,17.4
LOCAL,MEDIUM,135.5,29.3,69.3,80.0,0.0,0,0.0,1,26.1,30.4,0,NIGHT,WEEKDAY,1.0
FREIGHT,LOW,102.0,47.7,74.2,75.0,0.0,0,0.0,2,21.4,29.4,0,MORNING,WEEKEND,1.4
EXPRESS,HIGH,95.8,26.6,12.0,140.0,0.2,1,2.1,2,61.1,55.0,2,MORNING,WEEKDAY,12.8
LOCAL,LOW,156.6,30.2,19.2,80.0,4.9,1,1.6,1,79.4,74.3,1,MORNING,WEEKDAY,20.5
PASSENGER,MEDIUM,99.8,78.6,12.5,100.0,5.8,5,2.1,3,30.3,28.8,1,EVENING,WEEKDAY,22.4
EXPRESS,HIGH,134.6,34.5,45.9,120.0,0.0,2,3.3,4,78.9,76.0,1,MORNING,WEEKDAY,15.1
EXPRESS,HIGH,150.9,40.4,61.5,140.0,11.0,0,0.0,1,70.4,60.5,0,MORNING,WEEKDAY,18.5
LOCAL,MEDIUM,58.0,69.1,14.4,90.0,2.5,1,1.9,3,68.9,58.9,1,MORNING,WEEKDAY,19.6
PASSENGER,MEDIUM,79.3,82.4,24.0,100.0,1.4,1,2.0,2,92.9,90.6,1,EVENING,WEEKDAY,20.1
PASSENGER,MEDIUM,92.0,61.6,105.5,110.0,0.0,2,1.9,1,65.3,65.9,0,AFTERNOON,WEEKDAY,4.6
EXPRESS,HIGH,42.3,46.1,116.8,140.0,0.0,0,0.0,2,58.9,49.0,0,EVENING,WEEKDAY,5.4
PASSENGER,MEDIUM,113.3,93.3,91.9,110.0,2.7,3,1.7,2,36.7,31.9,0,EVENING,WEEKDAY,9.1
EXPRESS,HIGH,50.0,28.4,101.5,110.0,6.9,0,0.0,2,10.0,14.2,0,NIGHT,WEEKDAY,9.4
PASSENGER,MEDIUM,137.6,71.8,104.2,110.0,0.0,3,3.4,3,56.3,52.1,0,EVENING,WEEKEND,9.4
EXPRESS,HIGH,37.4,76.5,74.7,130.0,0.0,4,4.6,1,70.8,62.2,0,EVENING,WEEKDAY,14.8
EXPRESS,HIGH,42.3,35.4,29.0,110.0,3.3,0,0.0,1,64.3,63.6,1,MORNING,WEEKDAY,12.0
EXPRESS,MEDIUM,176.0,38.2,17.6,130.0,0.6,1,4.5,1,17.1,11.7,1,EVENING,WEEKEND,9.3
LOCAL,MEDIUM,54.8,89.3,49.3,90.0,0.0,1,2.0,4,90.4,80.9,0,MORNING,WEEKDAY,14.6
FREIGHT,MEDIUM,150.1,80.5,58.9,75.0,0.0,5,4.9,1,61.1,55.7,0,AFTERNOON,WEEKDAY,14.6
PASSENGER,MEDIUM,44.0,48.3,87.1,100.0,4.8,2,4.2,1,40.7,39.4,0,MORNING,WEEKDAY,13.1
PASSENGER,MEDIUM,91.8,32.6,107.8,110.0,2.5,2,4.5,1,34.2,42.7,0,AFTERNOON,WEEKDAY,6.6
EXPRESS,HIGH,174.2,57.0,92.0,110.0,11.7,0,0.0,1,52.9,56.0,0,EVENING,WEEKEND,16.0
EXPRESS,HIGH,119.2,19.6,9.5,130.0,1.2,1,2.8,2,13.0,11.1,1,MORNING,WEEKEND,6.6
EXPRESS,MEDIUM,156.2,36.3,105.7,130.0,0.0,2,2.9,1,51.9,51.0,0,MORNING,WEEKDAY,6.9
EXPRESS,HIGH,121.7,14.7,31.5,120.0,0.0,0,0.0,2,10.7,9.6,3,MORNING,WEEKEND,10.7
EXPRESS,HIGH,166.7,46.8,99.9,110.0,8.9,0,0.0,1,17.3,11.6,0,NIGHT,WEEKDAY,10.4
EXPRESS,HIGH,78.2,76.2,0.2,130.0,0.0,4,2.4,2,40.5,34.4,1,EVENING,WEEKEND,11.5
EXPRESS,HIGH,178.5,16.7,114.4,140.0,4.4,0,0.0,2,98.0,99.0,0,EVENING,WEEKDAY,12.1
EXPRESS,HIGH,124.9,16.9,102.5,110.0,1.0,0,0.0,2,55.2,47.5,0,EVENING,WEEKDAY,7.1
FREIGHT,LOW,107.8,16.0,64.5,75.0,5.8,1,2.5,1,18.0,26.9,0,NIGHT,WEEKDAY,8.4
PASSENGER,MEDIUM,170.3,87.7,41.9,110.0,0.0,4,2.0,2,86.5,81.3,1,EVENING,WEEKDAY,17.4
FREIGHT,LOW,159.8,49.1,48.9,65.0,0.3,0,0.0,2,45.4,46.1,0,MORNING,WEEKDAY,9.5
EXPRESS,HIGH,126.3,29.7,91.5,120.0,1.9,1,1.7,1,71.3,72.6,0,EVENING,WEEKEND,4.8
PASSENGER,LOW,112.3,84.3,88.8,100.0,0.3,5,2.0,1,14.3,18.8,0,AFTERNOON,WEEKDAY,2.9
LOCAL,MEDIUM,90.5,57.7,32.0,80.0,0.1,3,1.7,2,98.0,89.6,1,EVENING,WEEKDAY,16.3
LOCAL,MEDIUM,50.1,81.8,12.9,90.0,0.0,0,0.0,2,91.0,79.8,1,EVENING,WEEKDAY,18.6
FREIGHT,LOW,135.6,40.9,59.9,65.0,3.0,1,3.3,1,12.0,11.9,0,NIGHT,WEEKEND,5.2
PASSENGER,MEDIUM,90.8,13.1,19.5,100.0,0.9,1,2.6,1,92.8,90.5,1,EVENING,WEEKDAY,13.3
LOCAL,LOW,138.3,11.1,75.0,90.0,0.0,1,2.4,1,37.8,34.8,0,NIGHT,WEEKDAY,3.7
EXPRESS,HIGH,120.0,6.3,36.2,120.0,0.0,0,0.0,2,42.2,35.4,1,EVENING,WEEKDAY,7.4
EXPRESS,HIGH,121.8,66.4,38.5,120.0,4.9,0,0.0,3,46.2,49.8,1,AFTERNOON,WEEKDAY,16.5
EXPRESS,HIGH,145.2,18.9,39.0,130.0,5.1,0,0.0,3,85.3,83.2,1,MORNING,WEEKDAY,17.2
FREIGHT,LOW,118.4,48.2,54.9,65.0,8.7,0,0.0,1,61.6,61.0,0,EVENING,WEEKEND,15.1
PASSENGER,MEDIUM,73.3,64.2,16.9,100.0,1.6,3,4.4,3,71.0,63.7,2,EVENING,WEEKDAY,28.1
PASSENGER,HIGH,78.8,52.3,25.2,100.0,0.0,1,3.7,3,76.3,69.8,1,MORNING,WEEKDAY,15.0
LOCAL,LOW,160.2,38.6,6.7,90.0,0.0,2,3.6,1,77.2,71.5,2,AFTERNOON,WEEKEND,23.2
LOCAL,MEDIUM,46.3,46.4,26.5,90.0,0.0,0,0.0,3,32.4,40.7,2,AFTERNOON,WEEKDAY,15.8
LOCAL,LOW,82.1,73.6,71.9,80.0,6.0,3,4.5,1,10.0,12.5,0,AFTERNOON,WEEKDAY,12.0
PASSENGER,MEDIUM,97.0,47.0,47.5,110.0,0.0,2,3.1,4,60.7,53.6,1,EVENING,WEEKDAY,16.0
EXPRESS,HIGH,121.6,77.7,115.7,140.0,3.9,0,0.0,2,64.3,54.8,0,EVENING,WEEKDAY,11.3
LOCAL,MEDIUM,154.4,33.4,89.8,90.0,0.1,1,4.3,2,39.1,37.5,0,AFTERNOON,WEEKDAY,5.4
EXPRESS,HIGH,48.8,15.4,39.0,110.0,7.3,1,2.4,1,92.7,93.7,1,MORNING,WEEKDAY,16.5
EXPRESS,HIGH,164.8,58.6,47.0,140.0,0.0,3,2.5,3,45.9,42.1,1,EVENING,WEEKDAY,13.4
PASSENGER,HIGH,154.6,26.8,18.3,100.0,1.2,1,2.5,2,22.8,30.0,1,NIGHT,WEEKDAY,7.8
EXPRESS,HIGH,42.2,69.1,103.6,110.0,0.9,3,1.9,1,10.0,14.3,0,NIGHT,WEEKDAY,2.4
PASSENGER,MEDIUM,41.4,52.0,89.7,110.0,1.9,2,4.2,1,22.6,29.9,0,NIGHT,WEEKDAY,7.8
PASSENGER,MEDIUM,53.1,72.1,34.0,100.0,0.7,3,3.9,3,91.3,86.1,1,MORNING,WEEKDAY,22.9
EXPRESS,HIGH,67.8,80.6,41.0,110.0,2.1,2,3.8,2,78.0,71.5,3,EVENING,WEEKDAY,23.3
PASSENGER,MEDIUM,85.1,41.7,25.0,110.0,1.2,2,3.9,2,59.1,54.5,3,MORNING,WEEKDAY,23.7
PASSENGER,MEDIUM,119.6,24.4,17.5,100.0,0.8,0,0.0,4,53.7,49.0,2,MORNING,WEEKDAY,21.1
EXPRESS,HIGH,151.3,12.0,92.1,110.0,0.0,1,4.0,1,49.7,50.3,0,AFTERNOON,WEEKEND,4.1
FREIGHT,MEDIUM,64.6,41.6,8.9,65.0,0.0,2,2.6,4,93.5,80.8,1,MORNING,WEEKDAY,19.1
LOCAL,LOW,79.6,49.2,19.6,80.0,1.1,3,2.9,2,76.4,64.7,2,MORNING,WEEKDAY,26.3
PASSENGER,MEDIUM,79.6,76.4,43.8,100.0,0.0,4,3.4,2,38.1,30.1,1,NIGHT,WEEKDAY,13.8
LOCAL,LOW,39.6,74.9,84.0,90.0,0.6,3,4.3,2,63.9,59.3,0,MORNING,WEEKDAY,14.7
EXPRESS,HIGH,86.4,63.8,53.8,140.0,2.9,4,4.2,1,84.5,84.6,2,EVENING,WEEKEND,21.1
PASSENGER,MEDIUM,142.7,83.4,99.7,110.0,3.0,2,4.4,1,23.9,17.3,0,AFTERNOON,WEEKEND,8.4
EXPRESS,HIGH,107.2,69.3,90.8,120.0,0.3,4,2.6,3,81.7,70.5,0,EVENING,WEEKDAY,9.9
PASSENGER,MEDIUM,102.1,94.5,14.9,110.0,6.8,5,4.2,3,97.9,92.6,1,MORNING,WEEKDAY,35.0
EXPRESS,HIGH,136.8,87.4,82.2,140.0,0.0,2,2.4,1,70.2,67.0,0,EVENING,WEEKEND,6.0
EXPRESS,HIGH,101.5,17.1,58.3,120.0,2.1,0,0.0,1,73.6,74.0,0,EVENING,WEEKDAY,9.2
EXPRESS,HIGH,30.1,87.9,88.2,110.0,0.0,3,2.5,1,21.0,24.9,0,EVENING,WEEKEND,3.1
EXPRESS,HIGH,145.5,29.5,17.6,120.0,1.1,1,4.8,3,57.3,51.3,2,EVENING,WEEKDAY,16.9
LOCAL,HIGH,124.4,53.8,28.5,90.0,2.3,0,0.0,2,47.8,48.2,1,EVENING,WEEKEND,12.4
FREIGHT,MEDIUM,75.1,91.3,61.0,75.0,0.0,4,2.5,1,87.4,85.8,0,EVENING,WEEKDAY,7.7
EXPRESS,MEDIUM,73.4,66.8,102.3,110.0,2.4,1,2.1,3,29.5,33.7,0,AFTERNOON,WEEKEND,8.0
EXPRESS,HIGH,86.5,42.6,41.7,140.0,0.0,2,3.3,2,49.5,53.3,1,EVENING,WEEKEND,10.4
PASSENGER,MEDIUM,64.9,31.5,104.3,110.0,6.8,2,3.1,1,25.8,17.0,0,EVENING,WEEKEND,8.4
PASSENGER,MEDIUM,68.6,10.4,41.2,110.0,0.0,0,0.0,3,73.0,68.7,1,EVENING,WEEKDAY,14.4
EXPRESS,HIGH,170.4,85.0,18.7,140.0,0.0,1,2.3,3,70.6,70.5,2,EVENING,WEEKDAY,18.1
EXPRESS,HIGH,175.4,35.5,24.2,120.0,0.0,2,3.7,3,73.4,69.0,1,EVENING,WEEKDAY,14.2
FREIGHT,MEDIUM,101.4,49.4,14.9,65.0,10.5,3,2.8,2,28.0,23.7,2,AFTERNOON,WEEKEND,25.2
LOCAL,LOW,128.3,13.4,79.2,80.0,0.0,1,4.8,1,68.9,62.5,0,AFTERNOON,WEEKDAY,8.1
EXPRESS,HIGH,176.6,76.3,97.5,110.0,6.4,4,1.6,2,55.8,43.1,0,MORNING,WEEKDAY,13.0
FREIGHT,LOW,109.1,41.7,29.3,75.0,0.5,0,0.0,3,63.3,52.5,1,MORNING,WEEKDAY,18.3
EXPRESS,HIGH,58.5,61.6,107.6,130.0,2.9,0,0.0,2,19.4,13.9,0,AFTERNOON,WEEKDAY,5.4
LOCAL,MEDIUM,59.1,49.7,7.2,90.0,0.4,1,3.1,1,31.0,25.5,1,EVENING,WEEKEND,10.9
PASSENGER,MEDIUM,170.4,37.2,22.2,110.0,3.0,1,4.7,1,76.7,78.3,2,MORNING,WEEKDAY,21.1
EXPRESS,HIGH,94.8,58.0,55.3,130.0,0.0,1,4.4,1,79.1,75.9,0,EVENING,WEEKDAY,9.6
PASSENGER,MEDIUM,123.6,51.4,0.8,110.0,0.0,3,4.2,2,49.8,48.3,1,MORNING,WEEKEND,17.4
LOCAL,MEDIUM,174.0,52.0,66.1,90.0,0.0,0,0.0,1,70.3,73.3,0,AFTERNOON,WEEKDAY,7.1
EXPRESS,HIGH,108.1,41.4,23.2,110.0,1.6,0,0.0,3,65.0,53.2,3,MORNING,WEEKDAY,19.6
PASSENGER,HIGH,82.3,93.7,19.0,100.0,0.0,5,3.1,3,39.8,40.6,1,MORNING,WEEKDAY,17.9
EXPRESS,HIGH,114.8,37.3,88.4,110.0,0.4,2,3.1,1,29.1,27.5,0,NIGHT,WEEKDAY,3.3
EXPRESS,HIGH,110.0,71.7,42.7,110.0,6.6,1,2.1,2,81.7,88.2,1,AFTERNOON,WEEKDAY,18.3
FREIGHT,MEDIUM,80.1,38.6,20.5,75.0,1.3,1,2.1,2,68.4,62.3,2,MORNING,WEEKDAY,18.5
PASSENGER,HIGH,47.2,60.8,72.5,110.0,1.5,1,3.0,2,98.0,93.1,0,EVENING,WEEKDAY,11.5
LOCAL,MEDIUM,93.1,31.8,17.2,80.0,0.9,2,4.7,2,48.1,44.5,2,AFTERNOON,WEEKDAY,18.1
PASSENGER,MEDIUM,177.0,20.8,44.8,100.0,5.6,0,0.0,1,32.9,36.8,1,MORNING,WEEKEND,12.7
EXPRESS,HIGH,174.0,65.2,139.5,140.0,0.0,2,3.1,2,45.6,50.4,0,AFTERNOON,WEEKEND,4.9
PASSENGER,HIGH,172.8,68.0,100.9,110.0,0.2,2,1.9,2,30.3,21.3,0,MORNING,WEEKDAY,5.3
PASSENGER,MEDIUM,117.3,54.3,108.0,110.0,5.0,1,2.2,1,44.6,47.5,0,EVENING,WEEKEND,7.9
LOCAL,MEDIUM,32.1,40.2,79.7,80.0,12.3,1,2.0,2,31.1,30.8,0,MORNING,WEEKDAY,17.0
EXPRESS,HIGH,115.8,23.7,4.0,140.0,0.2,0,0.0,2,98.0,90.9,2,MORNING,WEEKDAY,15.1
EXPRESS,HIGH,74.3,87.1,58.3,110.0,0.0,3,4.6,2,81.3,71.3,0,MORNING,WEEKDAY,14.6
EXPRESS,MEDIUM,43.2,85.8,93.4,120.0,1.9,4,1.7,4,84.1,78.3,0,EVENING,WEEKDAY,15.4
LOCAL,MEDIUM,101.5,54.3,66.9,80.0,4.4,0,0.0,1,25.8,31.1,0,MORNING,WEEKEND,7.3
PASSENGER,MEDIUM,40.4,78.1,97.7,110.0,4.9,5,2.5,1,61.2,46.7,0,EVENING,WEEKEND,9.1
EXPRESS,HIGH,74.8,64.3,66.5,120.0,0.0,1,3.2,1,72.6,69.5,0,MORNING,WEEKDAY,7.8
FREIGHT,LOW,65.1,66.9,20.8,65.0,0.0,3,1.9,3,76.8,66.6,1,MORNING,WEEKDAY,20.5
PASSENGER,MEDIUM,76.0,89.5,38.0,110.0,0.0,1,3.5,3,66.5,63.2,1,EVENING,WEEKDAY,17.7
EXPRESS,HIGH,177.2,83.1,100.8,120.0,14.1,5,3.0,2,49.6,51.7,0,EVENING,WEEKEND,20.4
EXPRESS,HIGH,37.7,22.8,20.0,110.0,1.8,1,3.7,1,54.4,49.5,1,AFTERNOON,WEEKDAY,8.2
EXPRESS,MEDIUM,142.6,19.5,45.0,140.0,1.2,1,1.9,3,70.2,63.8,1,NIGHT,WEEKDAY,14.2
FREIGHT,MEDIUM,146.1,84.9,20.7,75.0,0.0,0,0.0,2,93.6,84.1,1,EVENING,WEEKDAY,18.2
PASSENGER,MEDIUM,57.2,40.3,86.4,100.0,0.0,0,0.0,1,54.3,53.4,0,NIGHT,WEEKEND,5.5
PASSENGER,MEDIUM,162.9,9.2,58.9,110.0,2.2,0,0.0,1,91.3,88.2,0,MORNING,WEEKDAY,11.0
EXPRESS,HIGH,45.4,91.3,47.0,110.0,0.0,1,4.6,2,43.2,46.8,2,MORNING,WEEKEND,14.1
PASSENGER,LOW,134.5,46.6,85.5,110.0,0.5,3,1.6,2,13.0,20.5,0,AFTERNOON,WEEKEND,5.9
EXPRESS,HIGH,153.9,7.1,60.8,130.0,7.1,0,0.0,2,72.3,72.9,0,EVENING,WEEKDAY,14.5
LOCAL,HIGH,99.3,81.1,36.0,90.0,0.0,3,4.0,1,86.0,80.8,1,EVENING,WEEKEND,14.5
LOCAL,MEDIUM,169.8,46.4,85.5,90.0,0.5,3,2.0,1,30.7,36.5,0,EVENING,WEEKEND,2.8
FREIGHT,LOW,176.9,61.0,67.7,75.0,0.0,1,4.9,1,36.5,42.4,0,NIGHT,WEEKEND,6.9
EXPRESS,HIGH,132.4,64.2,105.5,130.0,2.8,2,3.7,1,37.0,38.2,0,NIGHT,WEEKEND,6.6
PASSENGER,MEDIUM,109.5,86.4,88.3,110.0,3.2,5,4.3,1,21.2,25.5,0,AFTERNOON,WEEKDAY,13.0
PASSENGER,MEDIUM,87.3,25.2,14.9,110.0,0.0,1,4.0,2,10.0,7.7,2,AFTERNOON,WEEKDAY,12.7
PASSENGER,MEDIUM,67.7,9.9,14.7,100.0,0.2,1,4.5,2,35.2,32.2,2,EVENING,WEEKDAY,14.8
PASSENGER,LOW,86.6,77.5,88.2,100.0,6.0,3,4.9,1,39.3,43.0,0,NIGHT,WEEKDAY,17.2
PASSENGER,MEDIUM,125.2,66.4,3.2,100.0,6.3,2,4.4,2,50.7,44.8,2,EVENING,WEEKDAY,28.4
FREIGHT,LOW,109.5,50.5,24.6,75.0,2.6,2,4.1,2,65.3,64.8,1,AFTERNOON,WEEKEND,21.4
EXPRESS,HIGH,115.5,31.6,106.3,110.0,12.0,2,3.7,1,40.8,40.3,0,AFTERNOON,WEEKDAY,15.4
PASSENGER,LOW,137.5,89.3,26.7,110.0,12.1,2,3.0,3,33.0,31.1,2,NIGHT,WEEKEND,35.3
LOCAL,MEDIUM,45.5,15.5,76.5,90.0,5.0,1,4.7,1,52.3,58.3,0,AFTERNOON,WEEKDAY,11.0
PASSENGER,LOW,69.0,33.2,38.0,100.0,1.2,1,2.2,2,74.4,72.6,1,MORNING,WEEKDAY,18.5
EXPRESS,MEDIUM,54.9,27.8,34.9,110.0,3.5,0,0.0,3,77.8,71.9,1,MORNING,WEEKDAY,18.9
EXPRESS,MEDIUM,121.9,45.4,116.7,120.0,7.9,0,0.0,1,10.0,6.7,0,AFTERNOON,WEEKDAY,6.3
PASSENGER,MEDIUM,169.0,38.4,26.2,110.0,1.9,0,0.0,2,58.0,50.6,2,AFTERNOON,WEEKDAY,16.5
EXPRESS,MEDIUM,127.7,43.5,63.7,130.0,0.7,2,2.4,2,83.0,81.7,0,EVENING,WEEKDAY,12.1
EXPRESS,HIGH,155.2,87.3,101.3,110.0,6.0,0,0.0,1,16.9,11.1,0,NIGHT,WEEKDAY,8.5
PASSENGER,HIGH,74.3,24.9,101.1,110.0,1.1,0,0.0,1,62.9,58.0,0,NIGHT,WEEKEND,4.0
EXPRESS,HIGH,74.3,32.4,137.5,140.0,1.3,1,1.6,2,48.6,56.0,0,AFTERNOON,WEEKDAY,6.3
LOCAL,MEDIUM,170.6,69.7,70.7,90.0,0.3,3,2.5,1,14.6,18.5,0,AFTERNOON,WEEKDAY,2.0
EXPRESS,MEDIUM,92.3,31.7,42.0,130.0,4.1,2,3.1,4,98.0,88.1,3,EVENING,WEEKDAY,32.2
LOCAL,LOW,144.5,57.5,7.5,80.0,0.0,2,1.9,2,78.3,68.1,1,EVENING,WEEKDAY,21.3
LOCAL,LOW,33.8,80.7,24.2,90.0,0.0,4,3.3,3,36.0,26.0,3,NIGHT,WEEKDAY,30.2
EXPRESS,HIGH,109.9,67.8,37.8,120.0,6.8,2,4.7,2,69.1,69.9,1,AFTERNOON,WEEKDAY,21.6
EXPRESS,MEDIUM,53.2,37.7,39.2,120.0,4.6,2,2.5,1,90.0,84.1,1,AFTERNOON,WEEKEND,15.7
EXPRESS,HIGH,143.6,16.6,81.9,110.0,1.4,0,0.0,1,74.6,73.6,0,EVENING,WEEKDAY,7.6
EXPRESS,HIGH,171.5,28.4,90.7,120.0,0.0,1,3.2,2,33.1,35.7,0,NIGHT,WEEKEND,4.5
EXPRESS,HIGH,55.8,70.2,133.6,140.0,0.0,4,4.7,1,31.0,30.8,0,AFTERNOON,WEEKEND,5.4
PASSENGER,MEDIUM,146.5,53.4,107.9,110.0,1.8,0,0.0,1,47.1,55.4,0,NIGHT,WEEKEND,5.4
EXPRESS,MEDIUM,112.2,82.4,15.3,110.0,7.9,5,4.0,1,79.3,79.9,2,NIGHT,WEEKDAY,32.3
PASSENGER,MEDIUM,66.7,68.0,46.9,100.0,7.0,0,0.0,3,70.8,64.0,0,MORNING,WEEKDAY,18.2
EXPRESS,MEDIUM,31.9,81.5,0.3,140.0,0.0,0,0.0,2,25.8,29.6,2,NIGHT,WEEKEND,17.6
FREIGHT,LOW,171.5,41.7,2.3,65.0,3.0,2,3.5,1,85.0,74.7,1,MORNING,WEEKDAY,22.3
PASSENGER,MEDIUM,55.3,30.9,76.9,110.0,3.6,2,2.7,2,89.1,89.8,0,EVENING,WEEKDAY,13.9
PASSENGER,MEDIUM,45.7,46.8,37.4,100.0,15.7,1,4.2,2,91.0,79.8,2,MORNING,WEEKDAY,36.0
PASSENGER,MEDIUM,125.3,15.5,108.8,110.0,3.8,0,0.0,1,70.0,73.9,0,AFTERNOON,WEEKEND,8.4
FREIGHT,LOW,127.7,91.3,14.6,65.0,0.0,2,3.0,2,47.6,41.1,1,NIGHT,WEEKDAY,17.9
PASSENGER,MEDIUM,48.6,28.4,92.3,100.0,0.0,0,0.0,1,39.8,37.2,0,EVENING,WEEKEND,3.2
FREIGHT,MEDIUM,77.1,42.5,20.0,65.0,0.0,1,4.6,3,15.5,15.4,1,MORNING,WEEKEND,11.7
EXPRESS,HIGH,52.5,93.2,93.7,130.0,1.2,0,0.0,1,74.2,70.2,0,NIGHT,WEEKDAY,7.1
EXPRESS,HIGH,172.2,55.6,47.3,110.0,0.0,0,0.0,1,73.5,65.4,0,EVENING,WEEKDAY,7.5
PASSENGER,MEDIUM,50.4,91.8,69.9,110.0,1.6,2,4.7,3,79.4,75.1,0,MORNING,WEEKDAY,17.8
LOCAL,MEDIUM,145.8,33.3,31.9,80.0,9.2,1,4.5,4,40.1,33.1,1,EVENING,WEEKDAY,24.4
EXPRESS,MEDIUM,93.9,24.3,32.8,110.0,0.0,1,4.2,1,75.3,69.1,1,EVENING,WEEKEND,12.1
LOCAL,MEDIUM,31.7,7.7,86.9,90.0,0.0,1,2.4,2,64.8,63.2,0,MORNING,WEEKEND,6.3
LOCAL,MEDIUM,175.8,43.9,33.3,90.0,5.3,0,0.0,1,27.2,27.6,1,EVENING,WEEKDAY,15.7
LOCAL,MEDIUM,64.2,6.1,29.2,80.0,4.5,0,0.0,2,54.1,45.6,1,EVENING,WEEKDAY,15.8
PASSENGER,MEDIUM,50.0,34.2,37.8,110.0,0.0,1,1.6,4,82.4,73.1,1,EVENING,WEEKDAY,17.5
LOCAL,HIGH,146.3,82.3,86.6,90.0,0.0,5,3.0,1,10.0,6.1,0,AFTERNOON,WEEKEND,0.4
FREIGHT,LOW,176.6,61.0,49.5,65.0,0.0,4,2.7,1,40.4,40.3,0,NIGHT,WEEKEND,5.7
FREIGHT,LOW,147.6,83.0,60.0,65.0,0.0,3,2.6,3,67.6,58.2,0,EVENING,WEEKDAY,12.3
PASSENGER,MEDIUM,65.4,34.1,41.9,110.0,0.2,2,4.8,3,58.6,53.5,2,MORNING,WEEKDAY,21.0
PASSENGER,MEDIUM,81.8,38.4,34.5,100.0,0.1,1,1.7,2,67.7,63.7,1,EVENING,WEEKDAY,13.2
EXPRESS,HIGH,148.0,29.2,98.1,130.0,2.0,1,3.2,1,53.8,52.9,0,NIGHT,WEEKEND,5.8
EXPRESS,HIGH,146.2,92.9,130.0,140.0,0.0,5,2.0,2,49.0,51.9,0,AFTERNOON,WEEKDAY,4.5
PASSENGER,MEDIUM,157.0,72.4,109.0,110.0,0.0,0,0.0,1,27.2,29.2,0,AFTERNOON,WEEKDAY,0.0
FREIGHT,LOW,101.6,13.2,1.5,65.0,0.0,1,3.5,4,61.2,55.2,1,EVENING,WEEKDAY,20.5
PASSENGER,MEDIUM,73.4,87.5,77.7,100.0,10.8,1,1.7,2,40.8,41.7,0,EVENING,WEEKEND,17.6
EXPRESS,HIGH,153.6,7.1,101.8,120.0,0.0,0,0.0,2,28.5,30.5,0,AFTERNOON,WEEKDAY,1.7
PASSENGER,MEDIUM,63.1,26.4,14.4,110.0,2.6,1,2.6,2,62.3,60.3,1,EVENING,WEEKDAY,16.3
EXPRESS,HIGH,146.4,38.7,33.0,110.0,0.3,1,3.8,3,75.4,66.6,2,EVENING,WEEKDAY,16.5
PASSENGER,MEDIUM,147.1,11.1,10.2,100.0,0.0,0,0.0,2,75.7,66.4,1,MORNING,WEEKDAY,13.2
FREIGHT,LOW,40.1,18.3,12.1,65.0,0.0,0,0.0,3,90.9,83.9,3,EVENING,WEEKDAY,29.5
EXPRESS,HIGH,162.4,82.3,104.2,110.0,0.0,1,5.0,1,36.9,31.6,0,MORNING,WEEKEND,3.8
LOCAL,MEDIUM,151.4,15.7,33.1,80.0,0.0,1,3.6,3,64.6,56.1,1,EVENING,WEEKDAY,14.7
EXPRESS,HIGH,74.0,68.4,7.5,120.0,1.5,2,3.5,1,71.0,69.2,1,EVENING,WEEKDAY,15.0
EXPRESS,HIGH,176.8,33.1,121.9,140.0,0.8,1,4.0,4,33.0,35.6,0,EVENING,WEEKDAY,9.0
LOCAL,MEDIUM,87.6,53.4,72.2,90.0,7.1,3,3.7,1,21.1,22.4,0,AFTERNOON,WEEKDAY,11.8
LOCAL,MEDIUM,99.1,78.7,66.8,80.0,2.2,0,0.0,1,57.7,50.1,0,AFTERNOON,WEEKDAY,6.8
LOCAL,LOW,139.8,85.0,12.2,80.0,4.9,4,1.9,2,33.5,33.4,2,NIGHT,WEEKDAY,26.0
EXPRESS,HIGH,30.7,16.0,118.4,140.0,0.0,1,4.9,1,49.9,52.7,0,NIGHT,WEEKDAY,3.8
LOCAL,MEDIUM,71.0,72.2,16.7,80.0,1.1,4,2.7,3,67.2,71.6,1,EVENING,WEEKDAY,20.2
LOCAL,MEDIUM,92.0,78.2,72.6,90.0,0.0,1,4.9,1,30.3,28.2,0,MORNING,WEEKEND,6.1
EXPRESS,HIGH,30.9,55.7,6.1,140.0,10.9,3,4.0,3,43.7,36.7,3,EVENING,WEEKDAY,32.5
FREIGHT,MEDIUM,173.3,12.3,54.0,65.0,1.7,0,0.0,2,24.1,21.8,0,AFTERNOON,WEEKDAY,4.3
EXPRESS,HIGH,140.6,83.3,20.3,130.0,2.6,5,4.4,2,60.8,62.8,1,EVENING,WEEKEND,23.2
PASSENGER,HIGH,106.2,71.9,67.1,100.0,1.2,0,0.0,1,74.8,71.5,0,EVENING,WEEKEND,6.8
EXPRESS,HIGH,81.5,46.8,18.7,130.0,0.0,1,2.6,2,71.0,65.6,2,EVENING,WEEKDAY,15.1
PASSENGER,MEDIUM,142.5,6.2,99.3,110.0,14.2,1,2.6,1,51.7,57.7,0,EVENING,WEEKEND,17.6
LOCAL,LOW,100.9,82.1,0.5,90.0,0.0,4,4.9,2,59.3,53.0,1,MORNING,WEEKDAY,29.7
EXPRESS,MEDIUM,117.9,57.8,9.0,110.0,0.0,0,0.0,1,86.8,87.8,2,MORNING,WEEKEND,18.3
EXPRESS,HIGH,36.2,42.2,43.6,140.0,0.3,2,2.1,2,84.4,75.8,2,MORNING,WEEKDAY,14.2
EXPRESS,HIGH,72.9,35.5,25.3,130.0,4.3,1,3.6,3,98.0,90.5,1,EVENING,WEEKDAY,19.5
EXPRESS,HIGH,103.5,35.0,118.8,140.0,6.2,0,0.0,1,19.6,27.8,0,AFTERNOON,WEEKDAY,7.8
EXPRESS,HIGH,114.4,72.9,91.1,110.0,1.3,3,4.7,1,38.8,45.6,0,AFTERNOON,WEEKDAY,9.3
EXPRESS,HIGH,71.4,5.4,122.6,140.0,0.0,0,0.0,1,37.2,40.9,0,AFTERNOON,WEEKEND,2.4
EXPRESS,HIGH,89.6,46.3,21.9,140.0,0.0,3,3.6,3,45.1,38.1,1,AFTERNOON,WEEKDAY,13.7
EXPRESS,HIGH,142.0,79.7,4.7,120.0,11.2,5,3.1,1,81.7,80.8,1,EVENING,WEEKDAY,27.8
EXPRESS,HIGH,137.1,25.6,92.1,110.0,1.3,0,0.0,3,66.9,55.4,0,MORNING,WEEKDAY,9.2
PASSENGER,HIGH,153.1,56.8,94.8,110.0,0.0,3,1.7,2,36.7,32.1,0,AFTERNOON,WEEKDAY,4.3
PASSENGER,HIGH,151.6,80.4,0.8,100.0,5.6,3,2.3,2,36.3,34.3,2,MORNING,WEEKDAY,22.0
PASSENGER,HIGH,162.0,48.3,39.2,100.0,0.9,0,0.0,2,57.3,52.2,2,NIGHT,WEEKDAY,12.2
FREIGHT,MEDIUM,54.3,12.8,63.4,75.0,2.9,0,0.0,1,61.5,60.7,0,EVENING,WEEKEND,6.9
EXPRESS,HIGH,176.8,13.5,18.6,110.0,2.0,1,4.9,2,52.5,53.6,1,AFTERNOON,WEEKDAY,10.1
EXPRESS,HIGH,49.4,34.8,18.2,140.0,0.0,2,1.7,4,63.9,62.4,2,MORNING,WEEKDAY,16.5
EXPRESS,HIGH,111.4,77.0,6.7,120.0,0.0,4,2.0,2,27.6,21.3,2,MORNING,WEEKEND,14.8
EXPRESS,HIGH,116.7,27.8,54.5,130.0,9.2,0,0.0,2,49.9,55.5,2,MORNING,WEEKEND,19.0
EXPRESS,HIGH,77.0,59.8,38.3,120.0,1.0,2,2.8,3,41.4,30.3,1,MORNING,WEEKEND,12.1
PASSENGER,MEDIUM,167.1,63.5,39.7,110.0,2.1,4,2.3,3,53.2,48.0,2,EVENING,WEEKDAY,20.2
LOCAL,HIGH,95.2,81.8,23.2,80.0,1.7,5,3.5,2,32.4,28.7,2,AFTERNOON,WEEKDAY,16.6
EXPRESS,MEDIUM,104.7,94.8,18.8,110.0,0.0,1,2.8,3,48.6,49.5,3,MORNING,WEEKDAY,26.0
PASSENGER,HIGH,68.2,74.4,89.8,110.0,1.2,0,0.0,1,32.4,28.6,0,EVENING,WEEKEND,3.8
LOCAL,LOW,162.1,21.8,72.0,90.0,0.0,0,0.0,3,72.8,65.0,0,MORNING,WEEKDAY,11.3
EXPRESS,HIGH,52.7,21.3,15.2,110.0,0.0,1,4.9,4,97.0,91.5,1,EVENING,WEEKDAY,16.8
PASSENGER,MEDIUM,93.3,69.5,28.2,110.0,3.9,2,1.9,3,97.0,90.5,3,EVENING,WEEKDAY,29.5
EXPRESS,MEDIUM,98.0,62.5,19.9,130.0,2.1,2,2.7,2,76.3,75.2,1,MORNING,WEEKDAY,17.8
PASSENGER,MEDIUM,149.7,76.4,25.1,110.0,5.9,3,4.7,2,20.8,18.6,2,MORNING,WEEKEND,25.9
EXPRESS,MEDIUM,106.4,11.8,125.5,130.0,0.1,1,3.7,1,26.1,28.5,0,AFTERNOON,WEEKEND,3.0
LOCAL,MEDIUM,49.6,56.6,29.8,80.0,0.1,1,2.7,3,95.9,83.2,1,EVENING,WEEKDAY,18.5
LOCAL,LOW,120.0,36.1,36.1,90.0,3.0,2,3.6,2,85.5,73.1,1,MORNING,WEEKDAY,23.4
PASSENGER,MEDIUM,91.1,10.6,40.2,100.0,0.3,1,2.6,3,89.1,90.3,1,MORNING,WEEKDAY,15.6
FREIGHT,LOW,54.3,48.8,50.0,75.0,7.6,1,1.6,1,72.6,62.9,0,MORNING,WEEKDAY,17.4
LOCAL,HIGH,73.2,63.8,37.5,90.0,1.9,0,0.0,2,77.6,75.5,0,MORNING,WEEKDAY,10.2
PASSENGER,MEDIUM,140.8,87.2,1.5,110.0,3.5,4,4.4,3,65.3,57.4,2,MORNING,WEEKDAY,32.8
LOCAL,MEDIUM,159.1,84.5,65.1,80.0,1.8,2,4.7,1,56.4,50.4,0,EVENING,WEEKEND,10.3
PASSENGER,MEDIUM,88.0,13.2,50.6,110.0,4.6,0,0.0,2,97.0,89.9,0,MORNING,WEEKDAY,15.9
EXPRESS,HIGH,122.0,71.0,118.9,140.0,0.0,3,2.2,1,43.2,47.7,0,AFTERNOON,WEEKDAY,3.0
EXPRESS,HIGH,133.0,50.2,36.8,110.0,3.2,1,3.3,3,79.7,76.8,1,MORNING,WEEKDAY,17.4
LOCAL,LOW,75.8,68.9,83.8,90.0,0.0,3,4.0,1,36.3,39.1,0,AFTERNOON,WEEKEND,8.0
PASSENGER,HIGH,167.4,18.8,88.0,110.0,0.0,0,0.0,1,10.0,10.6,0,AFTERNOON,WEEKDAY,0.0
PASSENGER,MEDIUM,68.1,94.6,106.2,110.0,0.0,4,4.6,1,47.7,49.0,0,AFTERNOON,WEEKDAY,10.6
PASSENGER,MEDIUM,90.3,76.8,95.2,110.0,3.6,0,0.0,1,36.6,40.3,0,NIGHT,WEEKDAY,6.9
EXPRESS,HIGH,151.3,72.1,4.4,130.0,0.5,2,3.5,1,98.0,95.2,1,MORNING,WEEKDAY,17.2
EXPRESS,HIGH,98.2,14.2,21.6,140.0,0.1,0,0.0,2,61.0,54.8,2,MORNING,WEEKDAY,10.8
PASSENGER,MEDIUM,137.9,46.6,96.9,110.0,0.4,0,0.0,1,20.8,15.4,0,EVENING,WEEKEND,1.3
PASSENGER,MEDIUM,120.7,71.2,22.0,110.0,1.8,1,3.2,2,92.1,86.6,2,MORNING,WEEKDAY,23.8
PASSENGER,MEDIUM,173.3,31.0,21.6,110.0,0.0,1,2.3,2,43.0,41.1,1,EVENING,WEEKEND,9.9
PASSENGER,MEDIUM,137.7,86.6,15.4,110.0,0.0,2,2.1,1,98.0,86.9,1,EVENING,WEEKDAY,17.3
EXPRESS,HIGH,39.9,92.5,29.8,110.0,3.3,2,2.5,1,25.0,25.6,1,AFTERNOON,WEEKDAY,11.7
EXPRESS,HIGH,144.0,12.5,41.6,140.0,0.0,1,2.5,2,62.5,63.1,1,EVENING,WEEKDAY,9.2
FREIGHT,MEDIUM,37.4,46.3,60.7,75.0,0.9,3,2.2,1,37.4,37.1,0,AFTERNOON,WEEKDAY,4.3
LOCAL,MEDIUM,73.6,7.4,70.2,80.0,0.0,0,0.0,1,24.4,32.2,0,EVENING,WEEKEND,2.3
LOCAL,LOW,134.3,59.0,0.0,90.0,7.8,0,0.0,2,44.4,37.4,2,AFTERNOON,WEEKEND,28.7
PASSENGER,MEDIUM,116.2,72.2,26.6,110.0,5.7,0,0.0,3,54.9,54.0,1,MORNING,WEEKDAY,22.3
FREIGHT,LOW,110.6,51.7,59.0,75.0,4.2,1,2.7,1,55.3,46.9,0,AFTERNOON,WEEKDAY,8.6
PASSENGER,MEDIUM,78.5,54.1,107.3,110.0,3.7,1,4.7,1,54.7,48.3,0,MORNING,WEEKDAY,11.0
EXPRESS,HIGH,67.7,92.3,99.7,110.0,0.0,2,2.1,1,42.4,36.5,0,AFTERNOON,WEEKDAY,3.5
EXPRESS,HIGH,143.8,5.4,101.5,130.0,3.7,1,3.9,1,17.7,23.9,0,AFTERNOON,WEEKEND,6.7
EXPRESS,HIGH,123.9,19.4,31.1,140.0,0.0,0,0.0,3,56.2,54.0,1,EVENING,WEEKDAY,10.1
EXPRESS,HIGH,155.3,52.9,117.3,120.0,0.3,3,4.8,1,48.8,46.1,0,AFTERNOON,WEEKDAY,8.4
PASSENGER,MEDIUM,65.5,41.6,97.1,110.0,0.0,1,3.0,1,24.3,18.7,0,AFTERNOON,WEEKEND,2.4
EXPRESS,HIGH,170.8,75.2,13.5,110.0,0.0,0,0.0,2,58.0,51.7,1,MORNING,WEEKDAY,15.2
EXPRESS,HIGH,69.2,95.0,22.1,120.0,0.0,4,1.6,4,53.7,51.8,1,MORNING,WEEKDAY,17.3
FREIGHT,MEDIUM,125.1,76.0,21.5,75.0,1.3,3,4.4,2,78.6,76.0,2,EVENING,WEEKDAY,26.1
EXPRESS,HIGH,130.4,29.2,82.7,110.0,1.8,1,1.6,1,97.5,86.9,0,MORNING,WEEKDAY,8.6
PASSENGER,MEDIUM,178.0,52.1,25.7,100.0,0.0,2,1.7,2,29.1,29.6,1,AFTERNOON,WEEKEND,10.5
EXPRESS,HIGH,157.0,55.3,3.7,140.0,0.0,2,2.6,1,93.2,83.1,1,MORNING,WEEKDAY,12.6
PASSENGER,MEDIUM,93.1,42.7,20.2,110.0,1.5,0,0.0,2,61.5,56.9,1,MORNING,WEEKDAY,16.0
PASSENGER,MEDIUM,145.7,93.8,85.9,110.0,3.7,3,4.2,1,53.0,48.2,0,AFTERNOON,WEEKEND,14.1
PASSENGER,MEDIUM,159.7,49.7,1.7,100.0,1.4,1,4.5,1,57.3,52.1,1,EVENING,WEEKDAY,15.9
FREIGHT,LOW,40.7,34.0,66.5,75.0,0.0,0,0.0,1,35.1,36.0,0,MORNING,WEEKEND,2.5
EXPRESS,HIGH,90.2,7.1,39.5,110.0,0.2,0,0.0,2,96.6,93.1,1,EVENING,WEEKDAY,11.1
LOCAL,MEDIUM,43.6,79.5,10.1,80.0,0.0,3,4.5,3,15.5,9.0,1,AFTERNOON,WEEKDAY,18.8
PASSENGER,HIGH,117.6,42.4,27.1,100.0,1.5,1,2.8,2,48.5,43.1,1,MORNING,WEEKDAY,11.3
FREIGHT,LOW,54.6,12.1,28.9,75.0,0.0,0,0.0,3,50.8,46.5,2,EVENING,WEEKDAY,20.7
LOCAL,MEDIUM,35.7,43.6,28.9,80.0,6.5,0,0.0,4,89.8,85.9,2,EVENING,WEEKDAY,28.1
EXPRESS,HIGH,123.9,30.7,50.7,140.0,0.0,0,0.0,2,35.9,39.3,1,MORNING,WEEKEND,8.4
EXPRESS,HIGH,38.2,45.7,25.3,120.0,1.5,0,0.0,2,63.5,59.2,2,EVENING,WEEKDAY,15.2
PASSENGER,MEDIUM,141.0,15.4,12.0,100.0,2.2,0,0.0,2,10.0,7.4,3,AFTERNOON,WEEKDAY,16.7
EXPRESS,HIGH,146.4,49.3,23.6,140.0,3.0,2,3.5,2,42.4,48.7,2,AFTERNOON,WEEKEND,17.6
EXPRESS,HIGH,44.2,76.2,12.9,120.0,1.5,2,2.3,1,80.2,77.7,2,AFTERNOON,WEEKDAY,15.4
PASSENGER,MEDIUM,177.6,12.3,3.0,110.0,9.9,1,4.7,1,22.4,30.5,1,AFTERNOON,WEEKDAY,19.0
LOCAL,LOW,160.1,10.5,24.3,80.0,3.4,0,0.0,2,87.6,85.0,1,EVENING,WEEKDAY,21.3
LOCAL,HIGH,42.7,27.5,9.2,90.0,0.0,1,4.4,3,64.2,57.4,1,MORNING,WEEKDAY,15.1
EXPRESS,HIGH,66.1,72.1,79.8,130.0,6.0,1,3.2,3,83.0,71.0,0,EVENING,WEEKDAY,17.4
PASSENGER,MEDIUM,156.9,43.8,72.6,110.0,7.2,1,2.4,2,75.1,69.5,0,MORNING,WEEKEND,15.2
EXPRESS,HIGH,153.1,65.1,17.9,130.0,1.9,4,4.1,2,75.7,65.2,3,EVENING,WEEKDAY,24.7
PASSENGER,MEDIUM,42.2,47.7,13.0,100.0,0.9,2,2.1,2,24.8,21.0,1,NIGHT,WEEKDAY,10.8
PASSENGER,MEDIUM,93.9,59.2,9.5,110.0,0.0,3,3.3,2,71.8,64.7,1,EVENING,WEEKDAY,17.7
PASSENGER,HIGH,66.9,76.5,94.1,110.0,2.0,3,1.9,2,57.2,56.2,0,NIGHT,WEEKDAY,6.5
EXPRESS,HIGH,50.6,8.6,4.9,130.0,5.8,0,0.0,2,75.8,69.4,1,MORNING,WEEKDAY,14.9
PASSENGER,HIGH,139.0,45.7,80.3,100.0,0.1,0,0.0,2,54.9,43.9,0,MORNING,WEEKDAY,7.3
EXPRESS,HIGH,177.4,22.2,37.5,130.0,7.5,0,0.0,2,73.8,63.9,1,EVENING,WEEKDAY,17.7
FREIGHT,MEDIUM,165.4,90.8,57.3,65.0,2.2,4,5.0,1,13.6,3.9,0,NIGHT,WEEKDAY,10.5
PASSENGER,HIGH,90.4,34.6,89.8,110.0,10.6,0,0.0,2,53.7,53.2,0,MORNING,WEEKDAY,17.6
PASSENGER,MEDIUM,152.0,82.8,24.6,100.0,0.0,5,3.3,2,35.5,36.8,1,MORNING,WEEKEND,16.8
PASSENGER,LOW,52.9,92.7,9.8,100.0,5.3,4,3.8,3,76.3,71.8,2,MORNING,WEEKDAY,38.4
LOCAL,HIGH,155.4,54.6,52.6,90.0,6.5,2,4.8,1,91.2,92.3,0,MORNING,WEEKDAY,17.6
FREIGHT,LOW,70.2,45.3,56.7,65.0,0.6,1,2.9,1,41.5,48.1,0,MORNING,WEEKEND,6.7
LOCAL,LOW,140.3,48.6,35.2,90.0,5.5,1,3.0,2,21.1,23.0,3,NIGHT,WEEKDAY,28.7
PASSENGER,MEDIUM,176.7,70.4,89.8,110.0,4.9,1,2.4,2,33.4,28.2,0,AFTERNOON,WEEKDAY,10.2
PASSENGER,MEDIUM,55.3,64.8,35.2,100.0,3.6,1,4.2,2,68.7,63.1,1,MORNING,WEEKDAY,19.6
PASSENGER,MEDIUM,121.0,19.3,44.2,110.0,1.5,0,0.0,1,82.4,82.2,0,EVENING,WEEKDAY,10.0
LOCAL,LOW,34.6,30.8,73.4,90.0,0.0,1,3.4,1,63.7,67.2,0,AFTERNOON,WEEKDAY,7.3
FREIGHT,LOW,47.5,22.0,19.2,65.0,4.1,1,2.0,2,78.0,66.4,1,EVENING,WEEKDAY,21.5
PASSENGER,LOW,156.5,61.5,34.6,100.0,5.7,3,2.8,3,72.5,65.3,3,EVENING,WEEKDAY,37.3
LOCAL,MEDIUM,107.8,90.9,82.4,90.0,1.5,5,2.8,1,41.7,32.6,0,AFTERNOON,WEEKDAY,5.4
LOCAL,LOW,129.3,56.4,33.8,90.0,0.0,3,3.8,2,56.8,49.5,1,EVENING,WEEKDAY,20.4
PASSENGER,HIGH,152.0,40.7,28.0,100.0,0.0,2,2.2,3,92.0,92.4,2,MORNING,WEEKDAY,15.8
EXPRESS,HIGH,91.2,42.2,103.4,130.0,0.6,0,0.0,1,43.3,41.8,0,MORNING,WEEKEND,2.0
EXPRESS,HIGH,98.7,14.8,30.6,130.0,0.0,1,2.6,2,26.6,31.4,2,EVENING,WEEKEND,8.7
EXPRESS,HIGH,135.0,7.5,27.3,120.0,0.0,0,0.0,2,73.4,68.1,1,MORNING,WEEKDAY,9.9
EXPRESS,HIGH,83.0,71.4,18.6,110.0,0.0,0,0.0,2,63.3,57.7,1,EVENING,WEEKDAY,14.6
EXPRESS,HIGH,134.4,78.0,45.4,120.0,10.7,4,2.8,1,98.0,90.1,1,EVENING,WEEKDAY,24.4
FREIGHT,LOW,118.2,59.3,2.2,65.0,1.1,0,0.0,2,98.0,89.8,2,EVENING,WEEKDAY,28.9
PASSENGER,HIGH,59.4,80.4,29.9,110.0,1.0,1,3.1,3,65.7,66.5,2,EVENING,WEEKDAY,18.8
PASSENGER,HIGH,73.7,47.9,35.4,110.0,8.3,1,3.4,2,56.7,53.9,1,NIGHT,WEEKDAY,17.7
LOCAL,LOW,87.9,51.7,21.5,80.0,1.5,1,3.4,2,58.6,52.2,2,MORNING,WEEKDAY,24.2
LOCAL,LOW,159.8,25.2,9.4,90.0,3.4,1,4.1,3,72.6,60.1,2,MORNING,WEEKDAY,29.0
PASSENGER,MEDIUM,127.2,62.9,96.8,110.0,1.9,2,2.4,1,11.6,9.9,0,AFTERNOON,WEEKDAY,3.3
FREIGHT,MEDIUM,174.1,48.0,18.2,75.0,4.6,0,0.0,3,95.2,91.6,2,MORNING,WEEKDAY,26.1
EXPRESS,HIGH,170.7,6.2,67.6,110.0,4.8,1,2.1,2,98.0,93.4,0,MORNING,WEEKDAY,12.8
EXPRESS,HIGH,88.3,78.9,9.3,130.0,0.0,1,3.4,2,90.8,86.8,3,EVENING,WEEKDAY,21.1
LOCAL,MEDIUM,120.0,92.4,75.8,80.0,3.2,0,0.0,1,31.0,25.9,0,AFTERNOON,WEEKDAY,5.1
EXPRESS,HIGH,159.4,67.9,60.8,140.0,0.6,3,2.8,2,76.7,66.1,1,EVENING,WEEKDAY,13.6
PASSENGER,MEDIUM,112.0,89.1,43.8,110.0,0.6,5,3.6,1,82.4,77.8,2,EVENING,WEEKDAY,23.8
LOCAL,MEDIUM,95.8,69.1,31.4,80.0,1.6,0,0.0,3,48.3,46.8,1,AFTERNOON,WEEKEND,16.0
PASSENGER,HIGH,113.1,8.1,36.1,100.0,4.1,1,3.7,1,35.8,27.3,1,NIGHT,WEEKDAY,9.4
EXPRESS,HIGH,134.1,32.2,8.0,120.0,1.4,0,0.0,3,89.5,82.7,1,MORNING,WEEKDAY,15.0
LOCAL,MEDIUM,161.8,78.7,84.6,90.0,3.1,3,2.7,1,55.2,58.5,0,AFTERNOON,WEEKDAY,7.1
FREIGHT,LOW,169.3,75.0,0.3,75.0,0.0,4,2.0,2,80.5,77.7,1,MORNING,WEEKDAY,22.6
EXPRESS,HIGH,120.8,89.9,32.3,130.0,11.6,3,2.6,1,28.0,22.0,1,EVENING,WEEKEND,21.3
EXPRESS,MEDIUM,88.4,67.2,27.7,110.0,0.0,1,4.2,3,45.4,44.0,1,EVENING,WEEKDAY,17.7
EXPRESS,HIGH,50.0,79.6,12.9,120.0,3.4,3,3.9,2,83.3,73.3,3,MORNING,WEEKDAY,26.3
EXPRESS,HIGH,158.7,48.0,4.8,130.0,5.1,2,4.9,2,30.4,35.9,1,EVENING,WEEKEND,17.3
PASSENGER,HIGH,169.4,16.8,25.1,110.0,3.3,0,0.0,2,58.2,51.7,2,MORNING,WEEKDAY,14.7
EXPRESS,HIGH,87.1,52.4,119.6,120.0,0.0,1,5.0,1,10.5,17.9,0,AFTERNOON,WEEKDAY,1.0
EXPRESS,HIGH,159.2,5.8,45.1,110.0,0.9,0,0.0,3,93.5,88.3,2,EVENING,WEEKDAY,14.6
EXPRESS,HIGH,72.3,58.8,41.1,140.0,0.0,1,3.9,3,76.8,65.6,1,EVENING,WEEKDAY,14.7
FREIGHT,LOW,63.7,59.6,56.9,65.0,0.0,1,2.4,1,15.4,14.0,0,MORNING,WEEKEND,1.9
EXPRESS,HIGH,128.2,20.0,30.5,140.0,11.1,0,0.0,2,15.2,8.2,2,EVENING,WEEKEND,19.3
EXPRESS,HIGH,40.9,83.4,55.4,130.0,0.0,1,2.7,2,21.1,16.6,1,MORNING,WEEKEND,8.7
PASSENGER,HIGH,149.5,85.3,13.2,110.0,8.5,4,3.9,2,81.8,77.9,1,MORNING,WEEKDAY,27.3
PASSENGER,MEDIUM,157.0,83.9,94.4,100.0,0.0,2,4.1,1,17.1,21.0,0,AFTERNOON,WEEKEND,4.7
EXPRESS,MEDIUM,154.0,76.6,46.3,140.0,12.6,3,3.5,1,17.9,20.0,1,AFTERNOON,WEEKDAY,24.4
EXPRESS,HIGH,154.4,32.8,34.2,110.0,0.0,2,2.9,2,48.0,52.4,2,EVENING,WEEKEND,10.9
LOCAL,MEDIUM,48.0,60.8,12.9,80.0,0.2,2,4.7,2,77.3,74.4,1,NIGHT,WEEKEND,18.1
EXPRESS,HIGH,51.2,27.5,52.8,120.0,11.9,1,4.2,2,95.8,86.0,0,MORNING,WEEKDAY,21.6
LOCAL,MEDIUM,62.4,64.8,1.1,80.0,0.0,2,4.5,2,35.5,26.8,1,AFTERNOON,WEEKEND,15.7
EXPRESS,HIGH,73.5,39.6,26.0,120.0,3.6,2,4.9,2,67.2,66.8,1,MORNING,WEEKDAY,20.0
LOCAL,MEDIUM,148.5,39.8,13.4,80.0,8.3,0,0.0,1,81.4,75.2,1,MORNING,WEEKDAY,22.0
PASSENGER,HIGH,152.9,93.3,91.4,100.0,4.2,2,4.6,1,59.0,63.9,0,NIGHT,WEEKDAY,9.8
LOCAL,LOW,127.5,65.1,32.4,90.0,9.6,0,0.0,4,61.5,58.8,1,MORNING,WEEKDAY,29.1
LOCAL,MEDIUM,137.7,11.6,80.9,90.0,1.2,1,2.2,1,49.8,50.9,0,NIGHT,WEEKDAY,5.3
EXPRESS,HIGH,166.6,43.8,60.2,120.0,2.9,0,0.0,1,80.0,78.2,0,MORNING,WEEKDAY,9.9
EXPRESS,HIGH,51.6,61.1,9.8,110.0,3.4,2,4.7,3,31.8,30.0,1,AFTERNOON,WEEKDAY,17.8
LOCAL,MEDIUM,153.1,13.4,28.5,80.0,3.0,1,1.9,1,59.9,61.9,1,AFTERNOON,WEEKDAY,12.7
PASSENGER,MEDIUM,95.8,64.9,7.0,100.0,2.3,0,0.0,2,44.9,36.2,1,EVENING,WEEKDAY,16.7
PASSENGER,MEDIUM,117.2,68.6,3.3,100.0,7.8,3,2.0,3,73.7,73.4,3,MORNING,WEEKDAY,33.9
FREIGHT,LOW,163.5,26.4,64.1,75.0,0.0,0,0.0,1,54.5,53.9,0,EVENING,WEEKEND,5.2
PASSENGER,HIGH,53.0,74.8,2.7,110.0,4.2,4,3.0,3,29.8,21.4,1,MORNING,WEEKDAY,21.3
EXPRESS,HIGH,126.7,80.4,15.3,140.0,3.7,5,2.3,1,40.6,40.2,1,AFTERNOON,WEEKDAY,14.9
PASSENGER,HIGH,78.5,74.4,10.1,110.0,3.9,3,3.6,2,98.0,97.5,2,EVENING,WEEKDAY,24.4
EXPRESS,MEDIUM,162.9,66.5,101.7,110.0,14.8,4,3.5,1,25.8,22.7,0,AFTERNOON,WEEKDAY,19.9
EXPRESS,HIGH,59.6,7.3,62.3,130.0,0.0,0,0.0,3,98.0,92.7,0,MORNING,WEEKDAY,9.6
PASSENGER,MEDIUM,163.9,58.1,44.8,100.0,0.2,3,2.9,2,37.9,36.4,1,AFTERNOON,WEEKDAY,12.9
FREIGHT,LOW,95.2,54.1,64.0,75.0,0.0,1,3.8,1,63.7,57.4,0,EVENING,WEEKDAY,9.1
EXPRESS,HIGH,165.2,32.3,127.4,140.0,0.0,0,0.0,3,41.5,37.1,0,EVENING,WEEKDAY,6.5
LOCAL,MEDIUM,125.3,57.8,4.3,80.0,0.2,1,4.8,2,64.3,58.8,1,MORNING,WEEKDAY,17.5
EXPRESS,HIGH,123.0,40.4,104.4,120.0,0.0,0,0.0,1,31.9,44.6,0,AFTERNOON,WEEKEND,0.8
PASSENGER,HIGH,41.5,6.2,35.4,110.0,0.0,1,3.8,4,69.8,67.2,1,EVENING,WEEKDAY,13.7
PASSENGER,HIGH,115.7,29.0,97.7,110.0,7.8,0,0.0,1,67.0,59.4,0,EVENING,WEEKEND,10.1
FREIGHT,LOW,67.6,72.6,14.0,75.0,0.0,2,4.4,2,90.0,85.1,1,NIGHT,WEEKDAY,24.4
EXPRESS,HIGH,105.1,86.3,91.2,110.0,0.0,0,0.0,2,41.6,42.4,0,EVENING,WEEKEND,3.5
LOCAL,LOW,176.7,86.0,24.5,80.0,0.0,4,4.2,2,83.6,74.8,1,EVENING,WEEKDAY,28.1
EXPRESS,HIGH,99.7,79.6,35.0,130.0,0.1,0,0.0,3,74.3,71.7,1,MORNING,WEEKDAY,15.0
PASSENGER,MEDIUM,125.6,9.3,21.9,100.0,2.3,1,3.2,1,48.5,52.2,1,AFTERNOON,WEEKDAY,10.4
PASSENGER,MEDIUM,40.0,5.3,75.4,100.0,2.5,0,0.0,1,23.6,32.6,0,EVENING,WEEKEND,3.9
PASSENGER,MEDIUM,67.9,77.8,13.7,100.0,0.0,2,4.4,2,62.8,52.1,1,MORNING,WEEKDAY,20.6
FREIGHT,LOW,106.2,52.0,12.3,65.0,0.0,3,2.3,3,59.9,55.2,1,EVENING,WEEKDAY,19.2
PASSENGER,MEDIUM,114.1,82.3,17.1,110.0,0.4,0,0.0,1,90.6,80.5,1,EVENING,WEEKDAY,17.0
EXPRESS,HIGH,76.6,82.5,113.0,130.0,1.9,1,2.5,1,63.9,65.4,0,EVENING,WEEKEND,5.9
PASSENGER,MEDIUM,116.8,75.3,80.4,100.0,0.0,3,4.7,1,17.1,11.2,0,MORNING,WEEKEND,8.4
EXPRESS,HIGH,155.4,78.3,7.1,130.0,0.0,3,4.4,3,93.1,87.2,2,EVENING,WEEKDAY,25.1
PASSENGER,MEDIUM,58.5,17.9,106.4,110.0,1.2,0,0.0,1,36.1,36.5,0,MORNING,WEEKEND,3.2
LOCAL,MEDIUM,76.3,27.5,33.4,80.0,0.0,1,2.3,2,73.9,64.1,0,EVENING,WEEKDAY,9.2
EXPRESS,HIGH,51.2,31.6,128.9,140.0,0.0,2,1.6,1,30.4,32.9,0,AFTERNOON,WEEKDAY,1.2
EXPRESS,HIGH,47.1,87.8,87.3,110.0,0.0,4,1.6,1,37.5,27.6,0,MORNING,WEEKEND,2.6
EXPRESS,HIGH,139.0,55.6,46.8,110.0,0.5,3,4.6,2,38.0,31.4,1,AFTERNOON,WEEKDAY,13.7
PASSENGER,MEDIUM,71.9,89.7,33.2,110.0,6.3,2,2.4,2,87.8,81.1,3,EVENING,WEEKDAY,31.2
FREIGHT,MEDIUM,116.4,69.3,33.6,75.0,0.0,2,4.1,1,46.5,51.5,1,AFTERNOON,WEEKDAY,13.0
LOCAL,MEDIUM,69.1,79.3,85.4,90.0,1.1,1,3.1,1,19.3,20.4,0,MORNING,WEEKEND,3.6
EXPRESS,MEDIUM,58.1,73.7,109.0,130.0,7.9,3,3.9,1,59.6,61.4,0,AFTERNOON,WEEKEND,16.4
PASSENGER,MEDIUM,109.7,65.3,64.9,110.0,1.1,2,2.0,1,71.5,77.0,0,EVENING,WEEKEND,8.1
PASSENGER,MEDIUM,146.5,45.6,5.4,100.0,15.3,1,4.6,3,93.2,86.2,2,MORNING,WEEKDAY,39.5
PASSENGER,HIGH,110.9,41.5,29.9,100.0,0.0,0,0.0,3,41.8,34.8,1,EVENING,WEEKDAY,12.3
EXPRESS,HIGH,107.8,92.9,4.7,140.0,1.0,5,4.5,2,62.1,60.6,2,AFTERNOON,WEEKDAY,24.6
PASSENGER,HIGH,145.4,57.5,76.9,100.0,1.6,0,0.0,3,66.8,60.6,0,MORNING,WEEKDAY,10.7
EXPRESS,MEDIUM,53.1,37.9,91.7,120.0,0.4,0,0.0,1,46.3,45.9,0,MORNING,WEEKEND,3.3
EXPRESS,HIGH,177.1,93.8,49.6,130.0,2.7,5,2.1,2,44.6,42.9,2,AFTERNOON,WEEKDAY,15.9
LOCAL,MEDIUM,167.0,13.4,50.8,90.0,1.1,1,4.1,1,72.4,67.2,0,MORNING,WEEKDAY,9.3
FREIGHT,LOW,111.4,89.9,10.0,65.0,0.0,0,0.0,2,65.2,64.2,3,AFTERNOON,WEEKDAY,29.7
EXPRESS,HIGH,37.8,86.3,16.9,120.0,0.0,4,4.0,3,78.5,75.7,2,EVENING,WEEKDAY,23.4
LOCAL,MEDIUM,56.0,36.5,36.1,90.0,0.3,0,0.0,3,56.1,54.2,2,EVENING,WEEKDAY,17.4
PASSENGER,HIGH,179.4,15.4,0.9,100.0,1.1,0,0.0,2,69.2,65.8,2,MORNING,WEEKDAY,12.4
PASSENGER,MEDIUM,165.0,83.0,5.6,100.0,3.1,2,3.2,4,73.5,67.9,2,EVENING,WEEKDAY,28.9
LOCAL,LOW,82.8,42.5,69.7,80.0,5.2,0,0.0,1,69.0,74.3,0,AFTERNOON,WEEKEND,13.0
LOCAL,MEDIUM,170.9,49.0,10.9,90.0,0.0,3,3.7,3,49.2,53.5,2,EVENING,WEEKDAY,21.8
FREIGHT,LOW,104.4,55.0,22.1,65.0,2.6,1,3.0,3,81.3,74.6,3,MORNING,WEEKDAY,34.2
PASSENGER,HIGH,65.1,34.0,97.2,100.0,0.6,1,4.4,1,40.9,41.7,0,MORNING,WEEKDAY,5.8
EXPRESS,MEDIUM,165.2,78.1,40.6,120.0,0.0,5,4.5,3,97.1,91.3,1,EVENING,WEEKDAY,27.5
PASSENGER,MEDIUM,66.7,54.6,37.8,110.0,3.2,0,0.0,1,78.1,79.4,1,MORNING,WEEKDAY,17.3
EXPRESS,MEDIUM,178.9,80.5,32.1,110.0,0.0,0,0.0,3,48.0,44.6,2,EVENING,WEEKDAY,19.6
EXPRESS,HIGH,53.2,5.4,51.6,130.0,0.0,1,4.8,2,63.7,58.5,3,MORNING,WEEKDAY,14.7
PASSENGER,MEDIUM,154.9,22.2,96.8,100.0,0.0,0,0.0,1,41.4,37.2,0,NIGHT,WEEKDAY,2.9
LOCAL,MEDIUM,176.3,34.4,75.0,90.0,4.6,2,1.5,1,64.6,62.5,0,AFTERNOON,WEEKDAY,10.7
PASSENGER,MEDIUM,89.0,77.2,11.7,110.0,13.7,3,2.5,2,73.6,64.6,1,MORNING,WEEKDAY,32.1
PASSENGER,MEDIUM,96.9,84.9,24.7,100.0,2.1,3,2.0,2,36.4,53.0,3,MORNING,WEEKEND,22.9
EXPRESS,MEDIUM,78.5,21.9,118.6,130.0,2.9,0,0.0,1,64.9,60.9,0,EVENING,WEEKEND,6.8
LOCAL,MEDIUM,124.7,30.7,50.1,80.0,0.0,2,2.6,3,86.8,81.1,0,EVENING,WEEKDAY,12.4
PASSENGER,MEDIUM,177.0,10.2,21.5,100.0,2.6,1,4.6,1,80.2,72.2,2,NIGHT,WEEKDAY,18.0
PASSENGER,MEDIUM,83.3,7.8,106.6,110.0,4.6,1,4.2,1,68.2,70.0,0,AFTERNOON,WEEKEND,10.9
LOCAL,MEDIUM,166.1,50.3,73.1,90.0,1.3,2,3.6,2,85.6,75.9,0,MORNING,WEEKDAY,13.2
FREIGHT,LOW,85.1,18.5,67.3,75.0,3.6,1,4.3,1,43.1,40.9,0,AFTERNOON,WEEKDAY,9.6
PASSENGER,MEDIUM,136.9,63.1,45.9,110.0,7.3,4,1.7,3,98.0,92.2,1,MORNING,WEEKDAY,26.1
PASSENGER,MEDIUM,61.7,12.1,23.9,110.0,1.7,1,4.1,2,73.3,62.9,2,AFTERNOON,WEEKDAY,17.4
EXPRESS,HIGH,76.2,41.1,100.6,130.0,0.0,2,4.9,3,71.8,72.2,0,MORNING,WEEKDAY,13.0
EXPRESS,HIGH,73.3,17.3,71.5,120.0,0.6,0,0.0,1,86.8,79.4,0,EVENING,WEEKDAY,6.2
FREIGHT,LOW,100.9,92.2,64.0,65.0,0.0,5,4.3,1,15.8,15.6,0,AFTERNOON,WEEKDAY,5.5
PASSENGER,HIGH,134.7,13.8,41.7,100.0,5.8,0,0.0,2,79.1,73.4,2,EVENING,WEEKDAY,18.8
PASSENGER,MEDIUM,98.2,26.6,18.6,110.0,0.6,0,0.0,3,41.3,34.1,1,MORNING,WEEKDAY,14.4
LOCAL,LOW,151.1,61.3,27.7,90.0,25.9,2,4.0,2,71.8,66.3,2,EVENING,WEEKDAY,52.7
PASSENGER,MEDIUM,155.5,91.8,87.9,110.0,3.1,2,3.4,1,23.1,25.9,0,AFTERNOON,WEEKDAY,8.8
FREIGHT,LOW,172.0,81.7,59.7,75.0,7.6,4,4.3,1,61.5,61.3,0,MORNING,WEEKDAY,22.7
PASSENGER,MEDIUM,143.7,82.2,89.0,100.0,0.0,3,1.9,1,10.0,11.0,0,AFTERNOON,WEEKDAY,1.8
EXPRESS,HIGH,61.0,8.3,99.2,120.0,3.0,1,2.1,1,10.0,1.9,0,MORNING,WEEKEND,4.0
FREIGHT,LOW,72.9,43.1,72.8,75.0,0.0,0,0.0,1,46.3,43.5,0,EVENING,WEEKEND,5.4
PASSENGER,MEDIUM,116.9,65.2,74.2,100.0,3.0,3,4.8,4,79.9,66.7,0,MORNING,WEEKDAY,22.5
LOCAL,MEDIUM,103.2,5.5,70.1,90.0,0.0,1,2.4,1,48.6,48.6,0,AFTERNOON,WEEKEND,3.1
PASSENGER,HIGH,87.0,89.9,92.1,110.0,0.0,2,2.0,3,65.3,60.2,0,NIGHT,WEEKDAY,7.4
EXPRESS,HIGH,38.2,92.3,41.8,130.0,0.5,4,3.0,2,98.0,90.9,1,MORNING,WEEKDAY,17.8
LOCAL,MEDIUM,72.2,73.6,25.3,80.0,0.0,3,1.6,2,71.8,72.1,1,EVENING,WEEKDAY,16.1
PASSENGER,MEDIUM,80.2,10.9,34.9,100.0,0.0,0,0.0,2,74.8,64.6,1,EVENING,WEEKDAY,12.3
PASSENGER,MEDIUM,133.0,63.9,16.6,110.0,3.0,2,3.6,2,61.3,59.4,2,MORNING,WEEKEND,23.2
LOCAL,LOW,99.8,5.2,4.2,90.0,0.0,1,3.9,3,72.1,69.6,1,MORNING,WEEKDAY,19.4
PASSENGER,HIGH,48.9,18.0,86.3,100.0,3.1,0,0.0,3,61.4,63.6,0,MORNING,WEEKDAY,10.7
LOCAL,MEDIUM,77.2,75.5,78.3,80.0,0.0,4,2.4,1,36.0,38.6,0,AFTERNOON,WEEKEND,3.9
LOCAL,MEDIUM,50.9,22.0,67.2,80.0,0.0,1,4.3,1,42.7,39.3,0,AFTERNOON,WEEKDAY,4.6
FREIGHT,LOW,63.7,58.8,15.9,75.0,4.8,3,3.8,2,42.7,36.6,1,EVENING,WEEKDAY,23.2
EXPRESS,HIGH,134.0,27.7,24.9,110.0,0.0,1,3.0,3,80.2,75.5,1,NIGHT,WEEKDAY,11.5
FREIGHT,LOW,167.0,26.7,58.7,75.0,4.7,1,3.1,2,97.6,95.7,0,EVENING,WEEKDAY,19.6
LOCAL,LOW,122.7,94.4,15.8,90.0,1.9,2,4.8,2,10.0,0.9,3,AFTERNOON,WEEKEND,30.7
PASSENGER,HIGH,106.7,84.6,94.9,100.0,0.0,5,3.0,1,35.4,32.4,0,AFTERNOON,WEEKDAY,3.1
LOCAL,MEDIUM,155.9,35.8,70.5,90.0,1.5,2,1.7,1,30.5,34.3,0,NIGHT,WEEKDAY,4.1
EXPRESS,MEDIUM,48.7,67.4,33.0,140.0,0.0,1,2.5,1,86.7,80.3,1,EVENING,WEEKDAY,16.4
EXPRESS,HIGH,102.4,63.8,0.6,130.0,0.7,4,1.9,4,93.5,85.6,2,MORNING,WEEKDAY,20.8
PASSENGER,HIGH,84.4,91.8,35.0,100.0,0.0,1,3.6,3,80.3,74.6,2,EVENING,WEEKDAY,19.6
FREIGHT,LOW,121.6,46.6,62.4,65.0,0.6,3,2.3,1,11.5,12.3,0,NIGHT,WEEKDAY,0.8
EXPRESS,HIGH,142.0,89.2,0.9,140.0,9.7,0,0.0,4,82.4,82.1,1,MORNING,WEEKDAY,29.8
EXPRESS,HIGH,151.2,11.8,130.1,140.0,1.1,0,0.0,1,55.2,62.3,0,EVENING,WEEKEND,4.1
LOCAL,LOW,130.3,92.0,6.4,80.0,0.0,5,4.0,2,85.8,84.9,1,AFTERNOON,WEEKDAY,29.1
PASSENGER,MEDIUM,177.0,41.6,88.4,100.0,0.0,2,3.0,1,51.3,56.9,0,EVENING,WEEKEND,4.3
LOCAL,MEDIUM,85.9,48.2,63.3,80.0,6.0,1,3.0,2,98.0,88.2,0,EVENING,WEEKDAY,18.3
EXPRESS,HIGH,159.2,35.0,99.7,110.0,0.0,2,2.9,1,43.6,46.3,0,AFTERNOON,WEEKDAY,3.1
EXPRESS,HIGH,88.3,58.2,127.0,140.0,0.0,3,3.8,1,36.7,39.0,0,EVENING,WEEKEND,5.3
FREIGHT,LOW,83.2,79.1,22.5,65.0,0.1,0,0.0,1,13.0,5.4,1,MORNING,WEEKEND,9.6
PASSENGER,MEDIUM,106.7,44.3,86.6,100.0,0.0,2,3.1,1,39.0,38.9,0,NIGHT,WEEKDAY,4.0
LOCAL,MEDIUM,73.4,67.8,3.0,90.0,0.0,1,4.8,3,82.3,79.8,1,EVENING,WEEKDAY,20.9
LOCAL,MEDIUM,103.7,30.8,69.3,80.0,4.8,0,0.0,2,50.5,48.1,0,EVENING,WEEKDAY,12.6
EXPRESS,HIGH,62.3,80.3,133.6,140.0,0.0,2,3.5,1,69.0,53.4,0,MORNING,WEEKDAY,5.9
LOCAL,LOW,37.4,81.6,20.6,90.0,3.6,5,2.8,2,66.4,58.5,1,MORNING,WEEKDAY,25.5
LOCAL,LOW,117.6,92.1,27.5,80.0,0.0,5,2.6,3,50.0,47.4,1,MORNING,WEEKDAY,21.1
PASSENGER,MEDIUM,100.8,49.2,92.3,110.0,0.0,3,2.1,1,10.0,8.7,0,MORNING,WEEKEND,1.6
EXPRESS,MEDIUM,87.4,25.7,106.8,140.0,2.5,0,0.0,1,54.6,46.2,0,AFTERNOON,WEEKDAY,6.5
FREIGHT,MEDIUM,150.2,33.3,12.9,65.0,4.9,0,0.0,2,74.4,78.1,2,EVENING,WEEKEND,21.0
EXPRESS,HIGH,117.4,68.1,111.9,130.0,11.1,1,4.8,3,69.3,67.4,0,MORNING,WEEKDAY,20.5
LOCAL,MEDIUM,159.1,64.6,33.5,90.0,3.0,4,4.2,1,58.4,54.6,1,NIGHT,WEEKDAY,19.6
EXPRESS,HIGH,86.9,80.9,31.2,120.0,0.0,5,4.6,3,55.4,50.0,2,EVENING,WEEKDAY,25.1
PASSENGER,MEDIUM,123.3,50.7,19.5,100.0,0.7,1,4.9,1,89.7,84.5,1,MORNING,WEEKDAY,18.0
PASSENGER,MEDIUM,168.2,80.4,7.1,100.0,0.0,3,3.6,2,79.3,78.6,1,EVENING,WEEKDAY,21.5
FREIGHT,LOW,47.8,85.3,21.9,65.0,1.6,0,0.0,2,10.0,14.7,1,AFTERNOON,WEEKEND,14.7
PASSENGER,LOW,156.8,60.2,33.9,110.0,2.2,4,2.5,2,92.7,85.1,2,EVENING,WEEKDAY,27.4
EXPRESS,HIGH,139.7,20.1,126.8,140.0,5.1,0,0.0,1,10.0,9.3,0,EVENING,WEEKEND,6.4
PASSENGER,HIGH,173.4,34.3,28.9,100.0,12.0,1,4.0,2,56.2,56.2,1,EVENING,WEEKDAY,23.4
PASSENGER,MEDIUM,134.9,36.8,109.0,110.0,2.4,2,4.4,1,16.2,25.3,0,EVENING,WEEKEND,6.5
EXPRESS,HIGH,154.5,71.2,98.2,120.0,0.0,4,3.7,3,53.3,53.5,0,NIGHT,WEEKDAY,11.7
PASSENGER,HIGH,141.8,48.5,91.2,110.0,0.0,2,3.2,1,36.6,38.7,0,EVENING,WEEKEND,3.5
EXPRESS,MEDIUM,111.7,81.0,4.6,120.0,0.0,5,2.3,3,55.3,47.4,1,EVENING,WEEKDAY,18.8
PASSENGER,HIGH,128.0,84.7,79.6,100.0,6.0,2,4.7,1,50.2,55.2,0,AFTERNOON,WEEKDAY,13.0
PASSENGER,MEDIUM,112.1,93.3,79.1,100.0,1.5,5,4.9,1,39.0,43.5,0,MORNING,WEEKEND,16.5
EXPRESS,HIGH,95.6,22.4,2.8,130.0,4.2,0,0.0,3,43.9,41.5,2,EVENING,WEEKDAY,17.5
PASSENGER,HIGH,41.6,69.3,10.3,100.0,0.0,3,1.8,2,24.8,24.7,2,AFTERNOON,WEEKDAY,12.3
EXPRESS,HIGH,64.3,56.7,30.3,110.0,4.4,3,4.5,3,83.9,75.0,1,EVENING,WEEKDAY,23.1
EXPRESS,HIGH,62.3,69.5,132.6,140.0,1.1,4,4.8,1,30.1,29.9,0,AFTERNOON,WEEKDAY,9.2
EXPRESS,HIGH,68.4,38.1,46.2,110.0,0.0,0,0.0,2,43.6,46.1,1,MORNING,WEEKDAY,9.9
PASSENGER,MEDIUM,122.9,7.5,10.1,100.0,1.1,0,0.0,3,10.0,6.1,1,MORNING,WEEKEND,8.2
EXPRESS,HIGH,50.8,76.2,125.1,140.0,0.0,0,0.0,2,32.1,33.5,0,MORNING,WEEKEND,4.4
EXPRESS,HIGH,92.5,5.7,136.8,140.0,0.0,0,0.0,1,52.3,51.6,0,MORNING,WEEKDAY,4.1
LOCAL,MEDIUM,36.6,9.4,63.3,80.0,0.0,1,2.4,1,56.7,52.1,0,AFTERNOON,WEEKDAY,4.6
PASSENGER,MEDIUM,55.5,25.4,83.8,110.0,1.4,0,0.0,1,40.4,39.3,0,MORNING,WEEKEND,4.0
PASSENGER,HIGH,65.1,25.2,29.2,110.0,2.9,1,2.2,1,46.7,55.3,1,NIGHT,WEEKEND,10.0
EXPRESS,HIGH,31.1,50.4,31.0,140.0,0.4,1,1.7,3,71.7,64.0,1,MORNING,WEEKDAY,13.4
EXPRESS,HIGH,85.1,31.0,109.8,140.0,9.8,1,2.0,1,39.8,49.7,0,EVENING,WEEKEND,12.3
EXPRESS,HIGH,80.2,30.9,82.8,120.0,2.9,1,3.5,2,86.2,77.0,0,EVENING,WEEKDAY,12.4
EXPRESS,HIGH,179.4,27.8,5.4,110.0,5.9,0,0.0,1,51.3,52.7,1,EVENING,WEEKDAY,14.6
EXPRESS,HIGH,51.7,71.2,96.3,120.0,11.0,2,4.6,2,79.3,71.7,0,EVENING,WEEKDAY,23.2
LOCAL,HIGH,177.4,82.3,74.6,90.0,6.5,0,0.0,1,22.5,21.3,0,EVENING,WEEKDAY,10.3
EXPRESS,HIGH,164.2,43.0,20.5,110.0,6.9,2,4.8,2,71.2,73.7,1,AFTERNOON,WEEKDAY,20.0
EXPRESS,HIGH,53.6,63.1,116.9,130.0,8.5,3,3.1,1,40.7,39.9,0,EVENING,WEEKEND,12.6
LOCAL,MEDIUM,107.5,56.2,72.5,80.0,2.8,1,3.8,1,44.8,35.6,0,NIGHT,WEEKDAY,7.8
EXPRESS,HIGH,35.3,84.5,135.6,140.0,9.3,0,0.0,1,50.3,37.8,0,AFTERNOON,WEEKDAY,11.2
LOCAL,MEDIUM,122.4,35.9,30.0,90.0,2.1,2,4.6,2,62.3,65.6,2,MORNING,WEEKEND,19.4
EXPRESS,HIGH,115.1,21.7,68.7,130.0,0.0,0,0.0,2,78.6,71.1,0,EVENING,WEEKDAY,8.4
LOCAL,MEDIUM,132.1,41.3,30.8,90.0,0.0,0,0.0,2,69.9,67.3,2,MORNING,WEEKEND,15.4
FREIGHT,LOW,116.1,11.2,15.4,65.0,15.1,0,0.0,2,62.8,53.5,1,MORNING,WEEKDAY,29.7
PASSENGER,MEDIUM,157.6,51.6,1.6,100.0,0.1,3,3.3,3,45.1,43.4,2,MORNING,WEEKDAY,20.8
EXPRESS,HIGH,103.1,32.7,118.0,120.0,1.1,1,3.5,1,57.6,59.6,0,NIGHT,WEEKDAY,3.8
EXPRESS,HIGH,30.2,69.5,113.6,130.0,0.0,4,4.3,2,21.4,26.9,0,NIGHT,WEEKDAY,9.3
LOCAL,MEDIUM,104.5,14.2,27.9,90.0,0.0,1,1.5,3,75.9,71.7,1,MORNING,WEEKDAY,15.1
PASSENGER,HIGH,74.5,27.0,6.5,100.0,0.9,0,0.0,2,98.0,92.0,1,MORNING,WEEKDAY,12.7
EXPRESS,HIGH,113.4,72.6,51.0,130.0,0.1,3,4.9,3,39.0,29.3,2,EVENING,WEEKDAY,20.6
EXPRESS,HIGH,165.8,60.1,35.8,140.0,1.1,1,1.8,2,78.4,68.8,1,MORNING,WEEKDAY,14.8
EXPRESS,HIGH,81.9,24.3,7.8,110.0,0.0,1,4.3,2,10.0,17.2,1,EVENING,WEEKEND,8.0
EXPRESS,HIGH,167.3,68.1,87.6,110.0,2.8,1,3.1,2,86.5,79.5,0,EVENING,WEEKDAY,12.0
EXPRESS,HIGH,153.6,34.9,95.9,110.0,4.6,2,1.9,1,51.7,54.5,0,NIGHT,WEEKEND,6.9
EXPRESS,HIGH,149.4,42.7,38.5,110.0,1.6,2,1.6,2,57.4,61.1,1,MORNING,WEEKEND,11.1
PASSENGER,MEDIUM,143.8,28.4,17.9,100.0,4.3,1,4.7,2,59.1,52.8,2,EVENING,WEEKDAY,22.2
PASSENGER,HIGH,171.8,77.2,18.7,100.0,0.0,0,0.0,4,54.4,52.2,1,MORNING,WEEKDAY,15.0
EXPRESS,HIGH,56.5,76.9,83.1,110.0,0.0,3,2.5,2,14.9,14.8,0,NIGHT,WEEKDAY,3.6
PASSENGER,MEDIUM,47.8,60.7,98.4,110.0,0.0,2,4.4,1,45.0,45.2,0,NIGHT,WEEKEND,7.0
LOCAL,MEDIUM,87.1,70.4,82.0,90.0,2.9,3,3.5,2,12.7,18.9,0,AFTERNOON,WEEKDAY,8.0
PASSENGER,MEDIUM,158.9,58.5,9.0,110.0,2.9,3,2.3,3,72.9,69.4,1,MORNING,WEEKDAY,21.1
EXPRESS,HIGH,95.2,19.4,115.7,130.0,0.0,1,2.6,1,38.4,33.1,0,AFTERNOON,WEEKEND,2.0
FREIGHT,LOW,126.7,69.2,71.6,75.0,2.2,1,4.4,1,31.5,27.4,0,AFTERNOON,WEEKDAY,4.9
FREIGHT,LOW,72.9,78.6,61.5,75.0,0.0,0,0.0,1,45.3,45.2,0,MORNING,WEEKDAY,8.8
EXPRESS,HIGH,159.1,52.5,89.6,140.0,0.0,1,3.9,1,70.6,73.7,0,MORNING,WEEKEND,6.3
LOCAL,MEDIUM,63.2,22.1,81.4,90.0,4.3,1,4.4,2,69.1,61.8,0,EVENING,WEEKDAY,15.0
EXPRESS,HIGH,55.8,89.7,108.2,130.0,0.0,3,4.0,1,74.2,67.3,0,EVENING,WEEKDAY,10.4
PASSENGER,MEDIUM,89.8,18.6,81.5,100.0,1.8,1,3.9,1,34.0,42.0,0,AFTERNOON,WEEKDAY,5.6
PASSENGER,HIGH,172.9,30.8,53.9,110.0,0.0,1,4.7,3,97.1,97.5,0,EVENING,WEEKDAY,12.9
PASSENGER,MEDIUM,108.7,75.5,13.3,110.0,0.0,1,4.1,3,91.0,91.5,1,MORNING,WEEKDAY,21.9
LOCAL,MEDIUM,97.1,56.7,39.2,90.0,0.0,3,2.1,3,96.2,91.0,0,EVENING,WEEKDAY,13.0
LOCAL,MEDIUM,77.9,33.4,11.2,80.0,0.9,1,2.6,2,31.4,31.7,1,MORNING,WEEKEND,11.4
FREIGHT,LOW,46.3,20.4,13.0,75.0,0.0,1,2.1,2,11.2,11.7,1,AFTERNOON,WEEKDAY,9.8
LOCAL,MEDIUM,158.1,77.1,25.6,80.0,0.0,2,2.4,3,70.6,63.8,3,MORNING,WEEKDAY,24.6
FREIGHT,LOW,84.1,26.7,64.1,65.0,5.2,1,2.6,1,46.0,47.9,0,NIGHT,WEEKDAY,9.3
LOCAL,LOW,132.3,82.1,65.2,80.0,1.1,5,1.7,1,34.9,38.9,0,AFTERNOON,WEEKDAY,5.7
LOCAL,LOW,70.0,72.9,56.7,90.0,0.0,2,3.2,1,72.5,70.8,0,MORNING,WEEKDAY,12.9
PASSENGER,MEDIUM,109.4,13.8,19.8,110.0,3.8,0,0.0,2,50.1,45.9,2,EVENING,WEEKEND,17.9
PASSENGER,MEDIUM,34.5,5.8,90.7,100.0,0.4,0,0.0,1,31.6,30.0,0,AFTERNOON,WEEKDAY,3.5
EXPRESS,HIGH,78.4,53.7,12.8,120.0,0.0,1,3.1,2,98.0,91.0,1,EVENING,WEEKDAY,13.9
PASSENGER,MEDIUM,64.9,58.7,30.1,110.0,0.1,1,3.6,2,43.7,37.9,2,MORNING,WEEKEND,16.0
LOCAL,LOW,165.0,8.4,70.8,80.0,11.1,0,0.0,1,63.7,72.1,0,AFTERNOON,WEEKDAY,17.9
EXPRESS,HIGH,82.2,23.1,25.5,120.0,7.5,0,0.0,2,10.0,10.2,1,AFTERNOON,WEEKEND,14.3
LOCAL,LOW,165.7,74.9,71.3,80.0,0.6,1,3.7,1,32.4,32.3,0,AFTERNOON,WEEKDAY,4.6
EXPRESS,HIGH,54.2,69.1,26.0,110.0,0.0,3,3.6,3,54.0,57.5,3,AFTERNOON,WEEKDAY,19.6
PASSENGER,MEDIUM,77.3,68.6,103.6,110.0,0.0,4,2.9,1,29.6,29.2,0,AFTERNOON,WEEKDAY,3.2
EXPRESS,HIGH,123.9,59.8,39.9,120.0,0.1,2,2.6,3,88.4,82.7,2,EVENING,WEEKDAY,16.1
LOCAL,MEDIUM,149.6,77.4,39.6,90.0,0.0,1,3.5,3,75.6,69.1,1,MORNING,WEEKDAY,16.5
EXPRESS,MEDIUM,170.9,23.6,24.6,120.0,9.6,1,2.2,2,69.7,68.9,1,MORNING,WEEKEND,20.7
EXPRESS,HIGH,138.1,53.8,106.0,120.0,0.0,3,2.2,1,57.8,61.9,0,MORNING,WEEKEND,3.7
PASSENGER,MEDIUM,61.6,78.0,108.8,110.0,0.7,2,4.2,2,24.8,21.6,0,AFTERNOON,WEEKDAY,4.5
PASSENGER,MEDIUM,53.3,85.4,27.3,110.0,3.5,5,2.2,2,26.0,21.5,1,AFTERNOON,WEEKDAY,15.2
LOCAL,MEDIUM,164.0,45.3,72.2,80.0,2.0,0,0.0,3,19.2,28.4,0,NIGHT,WEEKDAY,6.9
PASSENGER,HIGH,134.9,76.5,9.5,100.0,0.5,3,3.0,3,91.6,81.7,3,EVENING,WEEKDAY,22.5
LOCAL,MEDIUM,113.3,29.5,86.7,90.0,0.0,1,5.0,1,33.9,29.8,0,EVENING,WEEKEND,3.7
EXPRESS,HIGH,97.7,83.7,45.9,110.0,0.0,0,0.0,3,65.9,61.9,1,MORNING,WEEKDAY,14.8
PASSENGER,MEDIUM,70.2,13.5,81.4,100.0,1.2,0,0.0,2,72.5,79.3,0,MORNING,WEEKDAY,9.8
EXPRESS,MEDIUM,72.4,41.2,45.3,120.0,0.0,0,0.0,2,10.1,7.3,1,AFTERNOON,WEEKDAY,8.6
PASSENGER,HIGH,70.0,78.5,3.3,100.0,0.0,1,5.0,3,96.7,83.4,2,MORNING,WEEKDAY,22.0
PASSENGER,MEDIUM,72.7,5.4,43.0,100.0,10.3,1,4.0,2,50.6,45.8,1,NIGHT,WEEKDAY,20.0
EXPRESS,HIGH,33.9,73.6,3.4,140.0,1.5,4,2.5,2,84.6,81.6,2,EVENING,WEEKDAY,19.5
PASSENGER,HIGH,56.4,94.2,71.7,100.0,0.0,0,0.0,1,92.3,78.6,0,MORNING,WEEKDAY,7.2
PASSENGER,HIGH,71.7,42.1,44.9,100.0,0.0,2,1.6,2,13.2,22.5,1,NIGHT,WEEKDAY,5.9
PASSENGER,MEDIUM,91.1,80.6,97.7,100.0,1.2,1,4.4,1,48.5,49.0,0,NIGHT,WEEKEND,6.9
EXPRESS,HIGH,69.4,60.0,29.6,140.0,0.0,3,2.4,2,50.3,50.4,2,AFTERNOON,WEEKDAY,12.9
EXPRESS,HIGH,74.6,65.9,103.2,110.0,3.9,3,2.2,3,67.6,63.1,0,MORNING,WEEKDAY,12.2
FREIGHT,LOW,68.0,68.3,5.2,75.0,5.3,3,4.7,2,81.5,71.8,1,EVENING,WEEKDAY,32.3
EXPRESS,HIGH,90.0,64.4,123.4,140.0,4.5,3,3.5,1,52.9,54.0,0,AFTERNOON,WEEKEND,9.9
FREIGHT,LOW,65.1,34.4,49.5,65.0,4.2,2,3.1,1,54.5,55.7,0,NIGHT,WEEKEND,10.9
EXPRESS,HIGH,133.6,72.3,93.6,110.0,0.0,3,4.2,2,40.4,33.4,0,EVENING,WEEKDAY,10.6
EXPRESS,HIGH,150.0,73.3,107.9,140.0,0.0,1,4.1,2,58.9,57.6,0,EVENING,WEEKDAY,8.4
FREIGHT,LOW,130.6,27.2,16.0,75.0,5.0,0,0.0,2,79.7,79.8,2,MORNING,WEEKDAY,29.2
EXPRESS,HIGH,69.8,23.0,30.1,130.0,6.3,0,0.0,3,51.0,47.7,2,EVENING,WEEKDAY,18.7
EXPRESS,HIGH,121.8,84.0,88.3,110.0,4.2,2,1.7,1,34.1,28.5,0,AFTERNOON,WEEKEND,6.3
LOCAL,MEDIUM,131.7,49.1,72.9,80.0,2.4,3,2.7,1,23.4,27.4,0,NIGHT,WEEKDAY,5.5
FREIGHT,MEDIUM,32.0,66.4,18.3,75.0,1.4,1,3.1,1,43.3,34.5,1,AFTERNOON,WEEKDAY,13.9
EXPRESS,HIGH,50.5,37.2,63.7,120.0,3.5,0,0.0,2,72.0,71.9,0,EVENING,WEEKDAY,11.9
EXPRESS,HIGH,147.8,71.3,14.1,110.0,0.8,1,4.2,4,95.6,93.1,2,EVENING,WEEKDAY,22.7
PASSENGER,MEDIUM,136.6,58.6,104.4,110.0,1.8,2,2.6,1,53.4,46.1,0,EVENING,WEEKDAY,8.1
PASSENGER,MEDIUM,68.1,64.4,80.0,100.0,1.0,2,3.9,3,75.7,68.6,0,EVENING,WEEKDAY,13.1
PASSENGER,HIGH,82.0,58.2,35.4,110.0,0.0,1,2.8,2,22.0,22.7,1,MORNING,WEEKEND,7.5
EXPRESS,HIGH,60.5,35.1,107.8,130.0,0.0,0,0.0,2,36.1,33.3,0,EVENING,WEEKDAY,4.4
PASSENGER,MEDIUM,82.7,52.6,109.6,110.0,3.2,2,3.1,1,18.4,15.9,0,EVENING,WEEKEND,4.8
EXPRESS,HIGH,84.9,16.1,11.0,110.0,0.0,1,3.6,4,74.2,77.8,2,EVENING,WEEKDAY,16.5
EXPRESS,MEDIUM,95.4,37.2,118.9,120.0,0.0,1,4.4,3,41.3,48.5,0,EVENING,WEEKDAY,9.1
LOCAL,LOW,172.9,88.1,34.8,80.0,4.3,0,0.0,1,81.6,76.8,1,AFTERNOON,WEEKEND,21.5
FREIGHT,LOW,53.2,68.8,65.8,75.0,1.9,2,1.6,1,39.8,42.4,0,AFTERNOON,WEEKDAY,6.9
PASSENGER,MEDIUM,175.2,64.5,91.9,100.0,2.1,2,1.7,1,28.0,32.2,0,NIGHT,WEEKEND,4.3
FREIGHT,LOW,97.4,27.1,63.1,75.0,0.0,1,1.9,1,59.6,52.4,0,NIGHT,WEEKDAY,4.8
LOCAL,HIGH,133.9,25.3,83.3,90.0,0.7,0,0.0,3,66.1,68.3,0,EVENING,WEEKDAY,8.7
FREIGHT,LOW,121.9,10.9,0.2,65.0,1.8,1,4.2,3,96.2,93.3,2,MORNING,WEEKDAY,29.8
PASSENGER,MEDIUM,71.2,15.3,75.2,110.0,4.8,1,4.9,3,88.2,91.9,0,MORNING,WEEKDAY,18.7
PASSENGER,MEDIUM,43.5,14.1,3.7,110.0,0.0,0,0.0,1,58.0,58.4,1,AFTERNOON,WEEKDAY,7.1
PASSENGER,HIGH,68.0,9.0,13.3,110.0,0.9,0,0.0,3,78.1,65.8,1,MORNING,WEEKDAY,11.6
PASSENGER,MEDIUM,169.8,65.2,42.1,100.0,13.4,1,3.6,2,83.3,79.8,1,EVENING,WEEKDAY,30.9
FREIGHT,LOW,124.3,55.6,36.2,75.0,1.4,1,1.8,3,77.5,73.5,0,MORNING,WEEKDAY,16.2
EXPRESS,HIGH,118.9,47.9,89.3,110.0,0.3,0,0.0,1,60.0,58.8,0,AFTERNOON,WEEKEND,3.6
PASSENGER,MEDIUM,132.1,69.5,80.3,100.0,1.4,3,2.2,2,56.0,50.6,0,MORNING,WEEKDAY,9.2
EXPRESS,HIGH,141.5,23.5,31.5,120.0,0.8,1,4.5,2,74.4,61.9,1,MORNING,WEEKDAY,13.5
PASSENGER,MEDIUM,89.3,76.4,13.7,110.0,0.7,2,2.5,4,82.9,78.3,1,EVENING,WEEKDAY,22.0
EXPRESS,HIGH,160.4,8.0,22.6,120.0,0.7,1,4.4,1,78.2,71.0,1,EVENING,WEEKDAY,10.3
PASSENGER,MEDIUM,112.0,77.9,15.2,110.0,0.0,4,3.6,3,53.6,53.9,2,MORNING,WEEKDAY,24.8
FREIGHT,LOW,68.4,5.5,56.2,65.0,0.0,0,0.0,2,33.0,33.7,0,MORNING,WEEKEND,4.5
FREIGHT,LOW,50.6,94.7,0.7,75.0,1.2,5,3.4,3,89.7,87.8,1,EVENING,WEEKDAY,32.2
EXPRESS,HIGH,175.7,62.3,66.8,140.0,3.5,0,0.0,1,79.7,79.1,0,AFTERNOON,WEEKDAY,8.7
EXPRESS,HIGH,80.6,82.2,130.2,140.0,1.6,1,2.4,1,10.0,7.6,0,AFTERNOON,WEEKDAY,2.5
EXPRESS,HIGH,58.1,32.6,53.5,120.0,10.8,1,1.7,2,13.3,19.0,2,NIGHT,WEEKDAY,20.2
EXPRESS,HIGH,148.1,43.2,39.5,140.0,0.7,0,0.0,2,85.3,69.8,1,EVENING,WEEKDAY,12.6
PASSENGER,MEDIUM,50.0,60.3,84.7,100.0,7.3,1,4.7,3,36.1,34.6,0,NIGHT,WEEKEND,14.3
PASSENGER,MEDIUM,66.0,94.7,21.7,110.0,0.0,1,3.1,2,79.6,77.9,1,EVENING,WEEKDAY,18.4
PASSENGER,MEDIUM,78.6,83.2,35.5,110.0,6.3,3,4.2,2,90.6,80.5,1,MORNING,WEEKDAY,27.9
PASSENGER,HIGH,78.3,32.4,103.4,110.0,0.1,2,3.1,2,52.0,51.9,0,EVENING,WEEKDAY,7.1
PASSENGER,MEDIUM,52.3,47.0,4.7,100.0,0.0,2,4.2,1,14.8,13.8,1,MORNING,WEEKEND,11.9
EXPRESS,HIGH,112.9,21.5,35.2,120.0,0.0,0,0.0,1,83.6,82.2,1,AFTERNOON,WEEKDAY,7.3
LOCAL,LOW,114.1,35.5,2.1,80.0,0.0,1,3.7,3,95.7,87.6,1,EVENING,WEEKDAY,23.1
EXPRESS,HIGH,62.7,51.5,48.8,120.0,0.5,0,0.0,2,38.9,40.4,1,MORNING,WEEKEND,9.0
PASSENGER,MEDIUM,36.9,25.6,90.8,110.0,5.3,0,0.0,1,68.5,69.4,0,EVENING,WEEKEND,10.0
LOCAL,MEDIUM,35.4,88.1,14.3,90.0,0.0,1,2.6,2,62.1,55.9,2,MORNING,WEEKDAY,20.6
EXPRESS,HIGH,73.2,69.7,8.5,140.0,3.1,1,2.9,2,53.9,50.2,1,EVENING,WEEKDAY,17.5
LOCAL,LOW,73.4,21.6,81.3,90.0,0.0,1,2.7,1,54.0,57.0,0,AFTERNOON,WEEKDAY,4.8
LOCAL,LOW,86.7,34.3,81.6,90.0,1.7,2,3.9,1,39.8,40.4,0,AFTERNOON,WEEKDAY,7.4
EXPRESS,HIGH,38.4,78.9,8.6,140.0,0.0,2,2.8,2,13.5,16.4,2,NIGHT,WEEKEND,15.3
EXPRESS,HIGH,51.9,71.3,52.0,130.0,3.9,2,2.5,1,79.3,81.7,1,NIGHT,WEEKDAY,12.0
EXPRESS,MEDIUM,165.0,58.1,48.6,140.0,0.0,1,3.8,3,48.0,47.5,2,MORNING,WEEKDAY,20.0
FREIGHT,LOW,127.6,71.1,18.9,75.0,6.4,4,2.4,2,37.8,30.1,1,AFTERNOON,WEEKDAY,20.5
EXPRESS,HIGH,141.0,60.6,109.7,110.0,4.4,0,0.0,1,10.0,16.3,0,EVENING,WEEKEND,3.3
PASSENGER,MEDIUM,174.1,30.0,109.4,110.0,0.0,2,3.2,1,10.0,11.7,0,AFTERNOON,WEEKDAY,0.7
EXPRESS,HIGH,94.5,89.7,28.5,140.0,1.1,1,4.0,2,98.0,95.8,1,MORNING,WEEKDAY,18.9
PASSENGER,HIGH,43.2,7.3,67.4,100.0,0.2,1,4.7,2,86.9,88.2,0,MORNING,WEEKDAY,8.9
FREIGHT,LOW,89.0,31.2,69.2,75.0,0.0,2,4.5,1,19.6,21.3,0,EVENING,WEEKEND,5.0
PASSENGER,HIGH,101.7,86.8,92.2,110.0,1.1,3,4.5,1,70.0,65.0,0,AFTERNOON,WEEKDAY,10.0
PASSENGER,MEDIUM,77.3,17.9,98.1,100.0,0.4,0,0.0,3,53.7,53.7,0,MORNING,WEEKDAY,8.9
PASSENGER,MEDIUM,139.9,40.2,105.9,110.0,0.0,1,3.1,1,44.1,48.0,0,MORNING,WEEKEND,3.9
EXPRESS,HIGH,84.1,38.8,57.7,140.0,0.0,1,4.7,4,96.6,88.5,1,EVENING,WEEKDAY,16.6
EXPRESS,HIGH,111.5,85.7,115.0,140.0,6.4,0,0.0,1,45.1,47.6,0,AFTERNOON,WEEKEND,9.9
EXPRESS,HIGH,99.2,39.2,3.5,130.0,5.2,2,4.0,3,94.6,87.3,1,MORNING,WEEKDAY,22.4
EXPRESS,HIGH,177.9,41.1,10.5,110.0,0.0,2,4.8,2,76.2,70.3,2,MORNING,WEEKDAY,17.9
PASSENGER,HIGH,152.9,66.9,90.1,110.0,3.5,0,0.0,1,25.4,19.3,0,EVENING,WEEKEND,3.3
EXPRESS,MEDIUM,58.4,63.8,57.8,140.0,0.0,2,3.2,3,56.4,58.9,2,MORNING,WEEKEND,18.7
EXPRESS,HIGH,115.0,29.5,36.8,130.0,15.4,1,4.4,2,33.3,38.9,1,AFTERNOON,WEEKDAY,25.3
PASSENGER,MEDIUM,66.5,39.4,86.8,110.0,1.5,2,4.5,1,50.8,53.4,0,AFTERNOON,WEEKEND,9.2
PASSENGER,MEDIUM,97.7,92.5,84.4,110.0,1.4,3,4.3,1,27.4,30.3,0,AFTERNOON,WEEKDAY,9.2
EXPRESS,HIGH,71.7,80.2,106.4,120.0,0.0,5,3.0,2,48.3,47.8,0,AFTERNOON,WEEKEND,6.8
EXPRESS,HIGH,55.7,62.4,13.9,120.0,6.8,0,0.0,3,27.2,27.5,1,MORNING,WEEKDAY,20.1
PASSENGER,MEDIUM,118.8,55.1,29.0,100.0,2.2,0,0.0,2,53.2,50.3,2,EVENING,WEEKDAY,19.3
EXPRESS,HIGH,134.3,17.3,129.3,130.0,0.4,0,0.0,1,13.7,12.4,0,EVENING,WEEKEND,1.1
EXPRESS,MEDIUM,42.4,43.1,57.3,110.0,0.8,2,4.8,3,75.7,72.0,0,EVENING,WEEKDAY,15.8
EXPRESS,MEDIUM,145.8,48.9,45.5,110.0,0.0,3,4.0,2,28.2,28.4,1,AFTERNOON,WEEKDAY,13.3
EXPRESS,HIGH,179.1,53.8,44.8,130.0,5.2,3,2.4,1,94.2,86.2,1,EVENING,WEEKDAY,15.6
EXPRESS,HIGH,160.0,67.5,14.4,120.0,0.6,3,2.9,3,70.3,61.4,3,MORNING,WEEKDAY,21.2
LOCAL,MEDIUM,150.1,77.8,17.3,80.0,0.0,5,2.2,2,50.1,40.6,1,AFTERNOON,WEEKDAY,12.9
PASSENGER,MEDIUM,61.0,8.3,88.2,100.0,1.5,0,0.0,1,62.4,66.0,0,MORNING,WEEKEND,4.6
PASSENGER,HIGH,174.7,12.0,62.2,100.0,6.7,1,3.2,3,73.0,75.6,0,EVENING,WEEKDAY,14.8
FREIGHT,MEDIUM,96.2,93.3,49.0,65.0,0.0,5,2.1,1,10.0,4.8,0,AFTERNOON,WEEKDAY,2.8
PASSENGER,MEDIUM,129.6,18.9,4.8,110.0,11.2,1,2.0,3,95.1,88.4,1,MORNING,WEEKDAY,26.7
EXPRESS,HIGH,53.7,85.1,55.2,130.0,0.0,5,4.1,1,75.8,72.4,1,EVENING,WEEKDAY,17.5
LOCAL,LOW,124.5,33.3,82.0,90.0,0.0,1,4.2,1,21.0,22.2,0,AFTERNOON,WEEKDAY,3.7
PASSENGER,MEDIUM,31.0,42.7,29.2,100.0,0.0,2,4.4,1,77.7,77.8,1,NIGHT,WEEKEND,14.8
LOCAL,HIGH,37.3,40.6,78.8,90.0,0.0,1,4.3,1,26.8,30.4,0,EVENING,WEEKEND,3.9
PASSENGER,MEDIUM,67.1,56.6,9.2,110.0,0.0,0,0.0,2,61.2,55.9,3,MORNING,WEEKDAY,21.9
LOCAL,LOW,73.3,14.1,6.2,80.0,0.0,0,0.0,3,57.5,57.2,1,EVENING,WEEKDAY,15.6
EXPRESS,HIGH,89.5,88.8,108.2,140.0,2.1,4,3.3,1,41.4,34.7,0,MORNING,WEEKEND,7.7
LOCAL,MEDIUM,80.4,5.5,65.3,80.0,0.4,0,0.0,1,24.7,24.0,0,MORNING,WEEKEND,2.0
PASSENGER,HIGH,53.7,15.2,39.5,100.0,6.4,1,2.9,2,64.7,68.0,3,MORNING,WEEKEND,18.6
EXPRESS,HIGH,102.8,19.3,94.9,110.0,10.0,0,0.0,1,15.5,16.0,0,MORNING,WEEKEND,10.8
PASSENGER,MEDIUM,69.0,6.2,44.0,110.0,1.6,1,4.6,3,71.4,68.4,1,MORNING,WEEKDAY,16.4
PASSENGER,MEDIUM,178.7,61.7,21.0,100.0,0.0,1,4.9,3,73.0,71.9,3,EVENING,WEEKDAY,26.1
FREIGHT,LOW,83.2,87.4,22.3,65.0,4.3,0,0.0,2,73.4,68.8,1,MORNING,WEEKDAY,24.7
EXPRESS,HIGH,82.7,61.1,107.9,140.0,4.6,4,2.6,1,65.3,67.8,0,NIGHT,WEEKDAY,9.8
EXPRESS,MEDIUM,94.3,81.3,92.6,110.0,4.6,0,0.0,2,50.1,49.0,0,EVENING,WEEKEND,10.9
FREIGHT,LOW,177.0,61.7,19.7,75.0,0.4,1,2.7,2,73.6,64.5,2,MORNING,WEEKDAY,25.8
FREIGHT,LOW,117.5,89.4,44.3,65.0,0.0,0,0.0,1,73.6,65.6,0,EVENING,WEEKDAY,11.3
LOCAL,MEDIUM,168.1,7.3,26.9,90.0,2.9,1,4.7,2,64.4,56.1,1,EVENING,WEEKDAY,17.1
PASSENGER,MEDIUM,152.4,50.2,0.6,110.0,0.0,2,3.6,2,93.8,92.1,1,MORNING,WEEKDAY,19.5
FREIGHT,LOW,88.5,89.5,72.9,75.0,0.0,1,1.6,1,17.1,16.7,0,NIGHT,WEEKDAY,0.0
EXPRESS,HIGH,79.2,24.8,30.9,130.0,1.7,1,3.2,1,44.4,41.9,1,MORNING,WEEKEND,9.0
EXPRESS,HIGH,141.5,93.5,93.8,110.0,1.3,1,3.2,1,51.9,42.6,0,MORNING,WEEKDAY,6.4
PASSENGER,HIGH,41.6,65.2,21.7,100.0,2.1,3,3.7,3,68.4,61.2,1,MORNING,WEEKDAY,19.4
EXPRESS,HIGH,132.2,44.1,18.7,110.0,0.0,1,4.7,1,42.5,42.4,1,AFTERNOON,WEEKDAY,8.7
EXPRESS,HIGH,31.4,33.6,5.2,110.0,0.0,0,0.0,3,91.7,80.3,1,EVENING,WEEKDAY,14.0
PASSENGER,MEDIUM,75.1,54.1,14.5,100.0,0.1,2,2.3,1,88.4,77.1,1,EVENING,WEEKDAY,15.8
FREIGHT,LOW,60.1,59.4,48.7,75.0,0.0,2,3.7,2,84.7,81.4,0,MORNING,WEEKDAY,15.0
LOCAL,HIGH,109.8,7.9,58.6,90.0,16.0,0,0.0,2,74.3,68.8,0,MORNING,WEEKDAY,22.9
PASSENGER,MEDIUM,123.4,26.5,80.2,100.0,0.2,0,0.0,1,29.3,30.3,0,MORNING,WEEKEND,3.2
FREIGHT,LOW,134.5,51.2,63.8,75.0,0.0,2,4.4,1,50.7,48.4,0,EVENING,WEEKEND,8.9
LOCAL,LOW,44.6,86.9,15.8,80.0,0.0,4,2.0,2,44.0,36.8,1,NIGHT,WEEKEND,16.5
FREIGHT,LOW,128.8,45.3,1.1,75.0,0.5,3,2.1,2,38.5,38.5,1,AFTERNOON,WEEKDAY,16.0
EXPRESS,HIGH,35.6,55.5,45.5,120.0,8.4,3,3.6,3,74.9,73.5,1,MORNING,WEEKDAY,23.8
EXPRESS,HIGH,52.2,41.3,103.4,130.0,5.7,1,4.2,1,50.4,54.5,0,MORNING,WEEKEND,10.5
LOCAL,MEDIUM,100.2,35.4,78.3,80.0,0.0,2,1.9,1,32.0,23.3,0,AFTERNOON,WEEKDAY,0.0
PASSENGER,MEDIUM,111.8,93.7,4.1,100.0,0.0,0,0.0,2,41.5,35.1,1,AFTERNOON,WEEKEND,16.0
PASSENGER,MEDIUM,71.1,39.8,90.5,110.0,4.2,0,0.0,1,22.3,20.8,0,AFTERNOON,WEEKDAY,5.7
EXPRESS,HIGH,52.0,82.2,30.3,110.0,0.5,0,0.0,2,65.3,55.5,1,EVENING,WEEKDAY,14.8
EXPRESS,HIGH,161.8,10.6,16.8,130.0,0.0,0,0.0,2,87.7,88.3,1,MORNING,WEEKDAY,10.2
PASSENGER,HIGH,46.6,32.9,28.9,110.0,1.3,0,0.0,2,64.7,64.9,1,NIGHT,WEEKEND,9.9
EXPRESS,HIGH,47.6,74.9,47.6,140.0,0.0,4,4.3,3,19.8,29.6,1,EVENING,WEEKEND,16.7
EXPRESS,HIGH,136.0,8.5,116.3,140.0,0.7,1,2.3,2,68.4,62.0,0,EVENING,WEEKDAY,6.4
LOCAL,LOW,143.3,24.7,3.7,90.0,2.2,1,2.5,1,25.8,26.5,1,AFTERNOON,WEEKDAY,11.8
FREIGHT,LOW,112.6,86.1,53.6,65.0,0.3,0,0.0,1,10.0,6.3,0,AFTERNOON,WEEKDAY,3.4
LOCAL,LOW,44.5,73.5,26.9,90.0,4.0,2,4.8,3,86.5,79.0,1,MORNING,WEEKDAY,29.0
LOCAL,LOW,176.1,29.1,84.4,90.0,2.8,0,0.0,1,35.4,39.7,0,NIGHT,WEEKEND,7.1
EXPRESS,HIGH,179.8,18.4,40.0,110.0,0.0,1,1.6,2,70.1,76.1,3,MORNING,WEEKEND,12.8
PASSENGER,MEDIUM,120.0,49.4,89.5,100.0,1.4,0,0.0,1,39.7,43.9,0,EVENING,WEEKEND,4.5
PASSENGER,MEDIUM,100.1,78.9,88.2,110.0,7.2,5,4.0,1,49.8,43.4,0,AFTERNOON,WEEKDAY,17.7
EXPRESS,HIGH,96.4,69.9,73.2,120.0,0.0,1,3.2,2,92.4,88.6,0,MORNING,WEEKDAY,10.2
PASSENGER,MEDIUM,41.4,58.5,102.5,110.0,0.0,0,0.0,1,50.4,49.4,0,EVENING,WEEKDAY,6.2
FREIGHT,MEDIUM,85.4,68.6,28.6,65.0,8.1,4,3.1,2,79.0,80.9,0,MORNING,WEEKEND,20.6
PASSENGER,MEDIUM,72.7,49.8,7.8,100.0,0.2,3,3.3,3,10.0,6.4,1,EVENING,WEEKEND,12.5
PASSENGER,MEDIUM,144.9,34.0,41.5,100.0,2.6,1,4.2,3,66.5,66.2,1,AFTERNOON,WEEKDAY,16.7
EXPRESS,HIGH,104.7,54.7,15.9,140.0,1.3,3,2.8,2,98.0,91.1,2,MORNING,WEEKDAY,19.1
LOCAL,LOW,77.9,67.9,11.7,90.0,0.1,1,4.9,3,34.8,35.4,2,EVENING,WEEKEND,24.3
EXPRESS,HIGH,156.2,70.0,47.1,130.0,0.0,1,2.3,2,71.3,72.9,3,EVENING,WEEKDAY,16.4
EXPRESS,HIGH,140.0,77.5,100.3,110.0,0.3,3,2.9,3,40.4,43.8,0,EVENING,WEEKEND,7.2
LOCAL,MEDIUM,49.3,65.4,24.3,80.0,0.0,0,0.0,3,71.0,63.4,1,EVENING,WEEKDAY,17.2
EXPRESS,MEDIUM,57.5,27.2,43.7,110.0,3.0,0,0.0,3,67.5,69.9,2,AFTERNOON,WEEKDAY,20.9
EXPRESS,MEDIUM,108.3,31.9,23.5,120.0,7.4,2,2.4,2,16.7,16.1,2,MORNING,WEEKEND,19.9
LOCAL,MEDIUM,85.6,30.4,3.2,80.0,0.0,1,1.7,2,28.2,27.7,2,AFTERNOON,WEEKDAY,12.8
PASSENGER,MEDIUM,173.6,67.0,10.4,110.0,0.7,3,2.7,2,57.0,58.3,1,EVENING,WEEKDAY,16.8
FREIGHT,LOW,51.6,42.6,22.4,65.0,0.0,0,0.0,3,78.5,75.6,2,EVENING,WEEKDAY,25.0
EXPRESS,MEDIUM,68.4,88.4,116.0,130.0,9.2,0,0.0,3,38.6,34.8,0,MORNING,WEEKDAY,17.1
LOCAL,MEDIUM,115.1,60.6,88.6,90.0,0.0,0,0.0,1,31.0,26.0,0,AFTERNOON,WEEKDAY,0.0
EXPRESS,HIGH,112.8,77.4,105.7,140.0,1.3,2,1.7,1,74.8,76.3,0,AFTERNOON,WEEKEND,6.7
EXPRESS,HIGH,114.5,38.0,111.5,120.0,0.0,1,4.2,1,34.5,35.2,0,NIGHT,WEEKDAY,2.8
PASSENGER,MEDIUM,176.6,20.5,60.6,100.0,0.7,0,0.0,2,74.1,76.7,0,MORNING,WEEKDAY,10.6
PASSENGER,MEDIUM,98.4,7.1,91.0,110.0,7.1,1,2.4,1,15.0,16.2,0,EVENING,WEEKEND,8.9
EXPRESS,HIGH,142.8,94.4,18.3,110.0,1.4,2,1.5,4,75.3,74.3,1,EVENING,WEEKDAY,20.8
PASSENGER,MEDIUM,65.7,12.7,86.3,110.0,0.8,1,4.7,1,18.7,16.3,0,AFTERNOON,WEEKDAY,3.8
PASSENGER,MEDIUM,58.8,29.6,27.8,110.0,7.0,0,0.0,3,23.7,22.9,1,EVENING,WEEKEND,17.2
PASSENGER,MEDIUM,127.1,35.9,64.0,110.0,0.0,2,2.5,3,89.2,82.0,0,MORNING,WEEKDAY,12.0
PASSENGER,MEDIUM,46.1,29.1,36.4,110.0,1.8,1,2.4,2,83.9,79.9,2,EVENING,WEEKDAY,19.9
LOCAL,MEDIUM,72.8,13.9,21.9,80.0,10.6,1,2.1,3,86.2,83.5,1,EVENING,WEEKDAY,25.8
FREIGHT,MEDIUM,173.7,32.2,29.0,65.0,3.5,2,2.1,2,36.1,39.6,1,NIGHT,WEEKDAY,12.9
PASSENGER,MEDIUM,76.7,48.0,21.6,110.0,0.0,1,3.6,3,67.5,62.0,1,MORNING,WEEKDAY,16.6
PASSENGER,HIGH,51.0,84.9,15.3,100.0,0.0,2,3.0,1,35.1,41.1,1,MORNING,WEEKEND,10.8
PASSENGER,MEDIUM,140.6,88.6,25.1,110.0,1.3,5,3.5,2,27.1,32.6,3,AFTERNOON,WEEKEND,26.1
EXPRESS,MEDIUM,39.7,76.3,7.2,130.0,0.0,0,0.0,3,79.0,74.9,2,MORNING,WEEKDAY,22.5
EXPRESS,HIGH,164.3,11.5,12.6,110.0,1.6,1,4.8,2,48.8,39.7,2,MORNING,WEEKEND,12.6
EXPRESS,HIGH,76.5,42.1,99.9,120.0,0.0,1,2.4,1,50.3,50.0,0,AFTERNOON,WEEKEND,3.6
PASSENGER,MEDIUM,64.0,10.6,97.1,110.0,6.0,0,0.0,3,64.5,61.9,0,AFTERNOON,WEEKDAY,13.5
PASSENGER,MEDIUM,115.0,43.6,95.9,110.0,0.5,0,0.0,3,52.2,45.4,0,EVENING,WEEKDAY,9.6
EXPRESS,MEDIUM,99.3,59.7,49.7,120.0,2.9,0,0.0,3,76.2,71.6,1,MORNING,WEEKDAY,19.9
LOCAL,MEDIUM,80.7,71.9,43.0,90.0,0.0,2,4.0,2,98.0,97.5,0,MORNING,WEEKDAY,15.9
PASSENGER,MEDIUM,126.3,76.3,99.2,100.0,0.7,5,2.3,3,59.5,54.3,0,EVENING,WEEKDAY,9.0
EXPRESS,HIGH,71.2,93.7,35.1,140.0,1.0,2,1.9,4,81.6,81.7,1,MORNING,WEEKDAY,18.7
PASSENGER,MEDIUM,90.1,15.5,43.7,110.0,0.9,0,0.0,3,98.0,98.5,2,EVENING,WEEKDAY,19.8
EXPRESS,MEDIUM,95.8,6.4,31.3,120.0,4.9,1,3.1,3,71.4,66.5,2,EVENING,WEEKDAY,23.1
PASSENGER,LOW,33.7,63.1,104.6,110.0,0.0,1,3.5,1,27.7,26.9,0,EVENING,WEEKEND,0.5
PASSENGER,MEDIUM,144.7,53.8,45.3,110.0,5.4,3,3.3,1,72.1,64.8,0,MORNING,WEEKDAY,17.6
EXPRESS,HIGH,47.2,49.3,103.8,120.0,3.7,0,0.0,1,10.0,5.8,0,NIGHT,WEEKDAY,5.0
FREIGHT,LOW,91.5,94.5,10.0,75.0,0.0,2,2.3,3,66.6,64.6,3,MORNING,WEEKDAY,33.9
PASSENGER,MEDIUM,126.5,9.8,88.3,110.0,1.8,0,0.0,2,92.7,87.0,0,MORNING,WEEKDAY,11.8
LOCAL,MEDIUM,99.9,84.7,29.4,90.0,0.0,0,0.0,2,55.5,60.4,1,EVENING,WEEKEND,13.7
PASSENGER,HIGH,116.4,30.0,15.9,110.0,1.5,1,2.7,2,14.3,16.1,1,NIGHT,WEEKDAY,8.7
PASSENGER,MEDIUM,134.4,45.8,81.8,100.0,0.0,0,0.0,1,27.1,24.3,0,EVENING,WEEKEND,2.8
LOCAL,MEDIUM,119.9,24.7,23.1,90.0,1.7,1,2.0,4,78.6,65.3,1,MORNING,WEEKDAY,19.8
EXPRESS,HIGH,66.4,38.8,6.9,120.0,0.0,2,2.5,2,30.7,28.3,2,AFTERNOON,WEEKDAY,11.1
EXPRESS,HIGH,108.5,7.5,126.8,140.0,0.0,1,4.6,1,17.8,12.9,0,AFTERNOON,WEEKDAY,1.8
LOCAL,LOW,48.3,92.8,31.0,90.0,7.4,5,4.8,2,68.9,66.9,1,EVENING,WEEKEND,34.8
PASSENGER,HIGH,113.0,75.6,81.8,100.0,0.4,5,2.2,3,61.3,53.1,0,EVENING,WEEKDAY,8.4
LOCAL,MEDIUM,40.8,83.3,89.4,90.0,16.9,3,4.9,1,29.4,34.8,0,MORNING,WEEKEND,22.7
EXPRESS,HIGH,136.6,74.9,44.6,120.0,0.0,3,4.8,1,84.9,76.2,2,EVENING,WEEKDAY,19.4
EXPRESS,MEDIUM,111.7,92.7,84.8,110.0,3.3,0,0.0,1,53.9,51.7,0,MORNING,WEEKEND,8.8
PASSENGER,MEDIUM,147.5,83.0,1.6,110.0,0.0,0,0.0,3,50.3,52.1,1,AFTERNOON,WEEKDAY,17.1
PASSENGER,MEDIUM,51.2,81.9,48.0,110.0,0.0,1,2.5,2,85.1,71.1,1,MORNING,WEEKDAY,16.2
EXPRESS,HIGH,113.5,91.0,100.4,110.0,0.0,5,4.3,2,46.2,40.2,0,MORNING,WEEKDAY,13.0
PASSENGER,MEDIUM,78.5,8.6,62.4,100.0,2.2,0,0.0,1,73.6,68.5,0,MORNING,WEEKDAY,9.0
EXPRESS,HIGH,162.3,80.2,12.1,120.0,1.8,3,3.6,2,34.3,31.4,2,EVENING,WEEKDAY,20.6
PASSENGER,MEDIUM,86.4,6.4,107.5,110.0,0.0,0,0.0,1,19.1,25.1,0,MORNING,WEEKEND,0.4
EXPRESS,HIGH,115.1,88.5,55.2,140.0,4.0,4,1.7,2,85.1,78.2,3,MORNING,WEEKDAY,22.9
EXPRESS,HIGH,64.8,66.5,32.5,140.0,2.6,0,0.0,1,31.1,31.4,1,EVENING,WEEKEND,11.1
EXPRESS,HIGH,69.9,29.6,96.5,120.0,0.0,1,3.8,1,40.5,42.7,0,AFTERNOON,WEEKEND,2.7
PASSENGER,HIGH,139.7,59.3,2.6,110.0,6.8,0,0.0,2,40.7,36.0,2,AFTERNOON,WEEKEND,20.1
PASSENGER,MEDIUM,65.9,46.8,100.6,110.0,2.0,3,3.9,2,10.0,5.2,0,AFTERNOON,WEEKDAY,6.8
PASSENGER,MEDIUM,106.4,69.7,42.4,100.0,0.0,0,0.0,2,71.4,71.7,3,MORNING,WEEKDAY,22.0
PASSENGER,MEDIUM,138.8,90.5,29.9,100.0,0.0,1,1.8,1,92.1,81.0,2,EVENING,WEEKDAY,20.5
FREIGHT,LOW,66.9,49.6,18.8,75.0,0.0,3,2.0,2,98.0,94.1,2,MORNING,WEEKDAY,25.2
LOCAL,MEDIUM,64.0,90.5,20.9,90.0,1.6,2,3.4,1,20.4,19.7,1,MORNING,WEEKEND,13.3
EXPRESS,HIGH,100.4,38.4,114.7,130.0,4.8,0,0.0,2,21.7,18.1,0,EVENING,WEEKDAY,10.7
PASSENGER,MEDIUM,139.4,78.9,98.4,110.0,3.3,2,2.2,1,32.2,28.6,0,EVENING,WEEKEND,7.2
PASSENGER,MEDIUM,47.2,51.1,95.7,110.0,1.9,2,3.5,1,13.8,17.2,0,AFTERNOON,WEEKDAY,5.2
LOCAL,MEDIUM,72.1,84.0,79.7,80.0,1.9,5,1.9,1,62.4,58.8,0,MORNING,WEEKDAY,8.1
EXPRESS,HIGH,123.6,46.7,33.1,110.0,1.7,0,0.0,2,26.3,26.3,1,EVENING,WEEKEND,9.8
EXPRESS,HIGH,78.3,69.5,135.2,140.0,3.7,3,2.5,2,49.0,47.7,0,EVENING,WEEKDAY,9.7
PASSENGER,LOW,81.9,23.1,18.8,110.0,0.0,0,0.0,2,56.4,51.0,3,MORNING,WEEKDAY,26.0
EXPRESS,HIGH,143.1,5.6,101.1,110.0,0.0,1,4.6,1,10.0,6.8,0,EVENING,WEEKEND,2.8
EXPRESS,MEDIUM,47.9,89.2,115.2,130.0,2.0,4,3.6,1,27.1,23.2,0,AFTERNOON,WEEKDAY,7.7
LOCAL,LOW,143.4,47.8,74.4,90.0,1.1,2,2.8,1,10.0,7.9,0,EVENING,WEEKEND,3.3
EXPRESS,HIGH,39.9,39.3,53.5,130.0,9.2,2,2.6,3,86.0,80.1,2,EVENING,WEEKDAY,24.5
EXPRESS,HIGH,147.7,16.1,21.5,140.0,0.0,0,0.0,1,85.8,83.6,2,AFTERNOON,WEEKDAY,9.2
EXPRESS,HIGH,119.5,90.1,90.4,110.0,0.3,3,4.8,2,62.1,64.8,0,MORNING,WEEKEND,10.5
LOCAL,LOW,40.8,64.4,69.7,90.0,3.8,4,5.0,1,18.3,27.1,0,NIGHT,WEEKEND,16.4
LOCAL,LOW,95.6,27.2,63.8,80.0,0.0,1,3.5,1,25.9,24.9,0,EVENING,WEEKEND,3.8
FREIGHT,LOW,64.2,36.1,5.1,75.0,0.3,1,2.1,2,51.7,41.5,1,MORNING,WEEKEND,15.4
FREIGHT,LOW,151.4,91.2,10.6,75.0,0.0,2,3.2,3,39.8,33.1,2,NIGHT,WEEKDAY,25.1
EXPRESS,HIGH,112.8,9.5,44.1,120.0,2.9,0,0.0,2,81.9,74.5,1,EVENING,WEEKDAY,13.0
LOCAL,LOW,101.5,9.4,86.5,90.0,1.3,0,0.0,1,30.6,21.9,0,NIGHT,WEEKDAY,3.3
LOCAL,MEDIUM,62.0,79.5,17.6,90.0,0.0,3,2.4,4,83.1,70.0,2,EVENING,WEEKDAY,23.9
FREIGHT,LOW,73.4,67.9,25.1,65.0,6.6,2,2.3,3,61.6,50.3,2,MORNING,WEEKDAY,30.8
PASSENGER,HIGH,93.8,41.0,41.5,100.0,0.0,2,3.3,2,41.3,32.6,1,MORNING,WEEKEND,9.2
PASSENGER,MEDIUM,55.6,81.9,45.9,110.0,0.0,5,3.8,3,41.1,33.9,2,EVENING,WEEKDAY,24.2
EXPRESS,HIGH,46.1,68.3,43.3,110.0,10.4,4,3.5,3,90.0,83.6,1,AFTERNOON,WEEKEND,27.4
EXPRESS,MEDIUM,164.1,68.1,3.2,140.0,9.7,4,4.3,3,87.3,80.6,1,EVENING,WEEKDAY,35.9
FREIGHT,LOW,151.7,6.8,57.8,75.0,0.0,0,0.0,1,71.6,69.6,0,AFTERNOON,WEEKEND,8.4
PASSENGER,MEDIUM,158.3,55.1,12.6,100.0,0.9,2,3.6,2,57.2,57.7,1,EVENING,WEEKDAY,17.4
PASSENGER,MEDIUM,173.5,91.0,7.8,110.0,0.1,2,1.7,2,63.4,55.1,1,MORNING,WEEKDAY,18.1
FREIGHT,LOW,102.1,34.9,46.3,75.0,3.8,2,3.2,2,95.0,87.8,0,MORNING,WEEKDAY,18.8
EXPRESS,MEDIUM,67.0,13.3,117.9,130.0,2.5,1,1.9,1,11.7,6.9,0,MORNING,WEEKEND,3.5
PASSENGER,MEDIUM,142.3,53.2,80.2,110.0,0.6,1,3.7,2,77.1,74.1,0,EVENING,WEEKDAY,12.0
PASSENGER,HIGH,169.7,87.8,46.3,110.0,5.7,0,0.0,2,50.6,42.2,2,EVENING,WEEKDAY,20.0
PASSENGER,MEDIUM,145.0,40.7,0.6,110.0,1.6,1,2.6,3,77.3,78.2,2,EVENING,WEEKDAY,22.6
EXPRESS,HIGH,41.6,21.4,35.9,110.0,3.5,0,0.0,2,84.0,83.7,1,EVENING,WEEKDAY,14.3
FREIGHT,LOW,35.9,94.5,53.4,65.0,0.0,2,4.8,4,85.9,81.7,0,EVENING,WEEKDAY,20.6
LOCAL,LOW,176.8,48.8,14.9,90.0,0.8,2,4.8,2,59.8,61.3,2,MORNING,WEEKEND,25.4
FREIGHT,LOW,117.7,78.8,7.0,65.0,2.8,0,0.0,2,93.0,87.4,1,MORNING,WEEKDAY,25.8
EXPRESS,HIGH,151.4,30.8,17.8,130.0,6.5,2,4.0,2,41.2,39.2,3,AFTERNOON,WEEKDAY,21.5
PASSENGER,MEDIUM,174.6,73.7,84.1,100.0,7.6,3,2.3,1,53.1,51.1,0,AFTERNOON,WEEKDAY,12.3
EXPRESS,HIGH,41.2,54.5,2.7,140.0,0.0,2,4.6,2,27.0,27.2,1,NIGHT,WEEKDAY,13.2
FREIGHT,MEDIUM,35.7,52.9,60.3,65.0,0.0,3,3.2,2,61.7,65.5,0,NIGHT,WEEKDAY,8.4
EXPRESS,HIGH,43.9,92.8,125.7,140.0,0.0,4,2.9,3,46.4,43.3,0,EVENING,WEEKDAY,9.2
PASSENGER,MEDIUM,53.5,82.8,25.1,100.0,2.0,1,4.7,3,77.2,71.8,1,MORNING,WEEKDAY,22.0
EXPRESS,HIGH,130.9,56.2,119.1,130.0,0.8,0,0.0,1,49.6,46.8,0,AFTERNOON,WEEKDAY,2.0
PASSENGER,MEDIUM,77.3,71.7,16.8,100.0,0.0,3,3.1,2,89.8,80.5,3,EVENING,WEEKDAY,27.1
PASSENGER,HIGH,46.6,84.6,75.7,110.0,0.0,0,0.0,2,74.3,76.0,0,EVENING,WEEKDAY,9.9
FREIGHT,LOW,160.3,6.8,64.2,65.0,0.0,1,4.3,1,39.7,46.2,0,NIGHT,WEEKEND,6.4
EXPRESS,MEDIUM,58.3,51.0,22.0,110.0,2.9,3,4.7,2,69.6,59.8,1,EVENING,WEEKDAY,22.8
FREIGHT,LOW,30.6,47.4,56.6,75.0,11.7,0,0.0,3,51.4,41.4,0,EVENING,WEEKEND,21.0
PASSENGER,MEDIUM,139.4,56.8,5.5,100.0,1.8,2,3.5,2,91.0,87.1,1,EVENING,WEEKDAY,21.8
EXPRESS,HIGH,163.2,70.3,12.0,130.0,0.0,4,2.4,2,72.8,69.3,2,EVENING,WEEKDAY,16.9
PASSENGER,MEDIUM,137.0,35.5,94.8,100.0,5.9,0,0.0,1,33.6,39.7,0,AFTERNOON,WEEKDAY,8.4
PASSENGER,LOW,118.6,18.4,16.4,100.0,1.3,1,1.5,3,60.9,58.7,2,NIGHT,WEEKDAY,21.2
EXPRESS,HIGH,70.6,68.9,0.2,110.0,0.4,4,3.6,2,76.5,77.4,2,MORNING,WEEKDAY,21.2
PASSENGER,MEDIUM,141.2,55.5,22.0,110.0,0.0,3,2.9,2,94.6,90.9,1,EVENING,WEEKDAY,17.5
PASSENGER,MEDIUM,54.7,48.8,89.2,100.0,1.2,3,4.4,1,45.3,46.0,0,AFTERNOON,WEEKDAY,9.8
LOCAL,MEDIUM,178.6,35.0,32.3,80.0,3.2,0,0.0,3,81.7,75.2,1,MORNING,WEEKDAY,18.1
PASSENGER,MEDIUM,89.4,61.5,92.1,110.0,0.0,4,1.8,1,63.4,52.0,0,EVENING,WEEKDAY,6.3
EXPRESS,HIGH,82.6,41.8,112.8,140.0,2.9,2,2.4,1,18.3,28.8,0,AFTERNOON,WEEKEND,2.9
EXPRESS,MEDIUM,107.1,70.7,114.0,130.0,2.3,3,2.5,1,54.9,56.4,0,MORNING,WEEKDAY,9.1
EXPRESS,HIGH,65.1,31.6,99.1,130.0,0.0,2,2.8,3,49.2,44.2,0,MORNING,WEEKDAY,7.7
EXPRESS,HIGH,101.2,66.7,61.0,140.0,0.0,0,0.0,3,41.3,41.8,1,AFTERNOON,WEEKDAY,10.4
EXPRESS,HIGH,84.9,52.7,30.5,110.0,2.9,3,1.6,1,58.0,57.4,1,AFTERNOON,WEEKDAY,10.7
PASSENGER,HIGH,177.4,84.9,88.6,110.0,0.4,0,0.0,1,61.5,62.7,0,NIGHT,WEEKDAY,4.5
PASSENGER,MEDIUM,76.5,13.9,85.6,110.0,0.0,0,0.0,2,36.2,38.3,0,AFTERNOON,WEEKDAY,4.6
LOCAL,LOW,89.4,73.0,28.1,90.0,2.8,3,3.3,2,78.0,69.9,1,EVENING,WEEKDAY,24.5
EXPRESS,HIGH,178.2,8.8,21.1,120.0,0.8,1,3.7,2,44.9,39.9,2,EVENING,WEEKDAY,12.7
EXPRESS,HIGH,79.9,23.5,29.1,120.0,0.0,0,0.0,2,66.0,61.2,2,MORNING,WEEKDAY,12.0
PASSENGER,MEDIUM,35.6,69.1,16.8,110.0,1.0,0,0.0,2,63.2,55.2,3,EVENING,WEEKDAY,24.7
PASSENGER,MEDIUM,41.6,74.8,107.4,110.0,0.9,3,3.9,2,55.3,54.9,0,MORNING,WEEKDAY,11.6
PASSENGER,MEDIUM,86.8,17.3,11.7,100.0,0.0,0,0.0,2,64.9,60.8,2,AFTERNOON,WEEKDAY,14.7
PASSENGER,MEDIUM,82.5,40.5,21.7,110.0,0.8,0,0.0,1,48.6,47.8,1,AFTERNOON,WEEKDAY,11.5
EXPRESS,HIGH,56.1,8.1,122.4,130.0,4.0,1,4.1,1,28.7,20.3,0,AFTERNOON,WEEKDAY,5.6
LOCAL,MEDIUM,145.3,60.3,19.7,90.0,2.8,3,5.0,2,84.2,81.4,1,MORNING,WEEKDAY,25.0
LOCAL,MEDIUM,143.3,77.5,36.9,90.0,0.0,2,3.1,2,11.4,14.9,2,EVENING,WEEKEND,14.9
PASSENGER,MEDIUM,159.4,19.8,83.2,110.0,1.9,0,0.0,1,42.5,31.6,0,AFTERNOON,WEEKDAY,5.6
LOCAL,MEDIUM,31.8,58.7,76.0,80.0,0.0,1,4.9,2,10.0,11.1,0,NIGHT,WEEKDAY,3.2
LOCAL,MEDIUM,43.7,56.6,78.4,80.0,8.0,0,0.0,1,30.0,30.9,0,EVENING,WEEKEND,8.5
EXPRESS,MEDIUM,69.1,52.2,93.6,120.0,0.7,1,1.9,3,69.9,62.6,0,EVENING,WEEKDAY,11.0
FREIGHT,LOW,115.2,92.6,6.2,65.0,0.0,1,3.1,4,98.0,87.5,2,MORNING,WEEKDAY,33.4
FREIGHT,MEDIUM,146.5,10.3,70.3,75.0,5.0,0,0.0,1,31.5,29.8,0,AFTERNOON,WEEKEND,7.1
PASSENGER,MEDIUM,69.6,65.6,97.2,100.0,0.0,0,0.0,1,28.3,32.3,0,NIGHT,WEEKDAY,0.0
EXPRESS,HIGH,128.5,22.2,0.4,130.0,5.0,1,3.3,2,72.4,67.5,2,MORNING,WEEKDAY,18.6
PASSENGER,MEDIUM,157.2,92.7,95.4,100.0,9.8,2,3.9,1,53.1,51.8,0,NIGHT,WEEKDAY,14.8
FREIGHT,LOW,58.9,62.2,11.5,65.0,0.0,1,2.4,3,43.5,48.2,2,AFTERNOON,WEEKDAY,22.3
EXPRESS,HIGH,54.8,93.0,105.7,110.0,0.0,4,3.9,1,52.3,55.4,0,NIGHT,WEEKDAY,6.5
EXPRESS,HIGH,41.7,90.1,12.8,110.0,2.6,4,4.2,1,33.2,35.6,1,MORNING,WEEKEND,19.7
PASSENGER,HIGH,70.9,54.6,93.3,110.0,1.0,2,3.3,1,15.0,21.1,0,AFTERNOON,WEEKDAY,3.8
EXPRESS,HIGH,160.4,75.9,38.5,120.0,2.0,1,2.7,3,39.5,50.0,1,EVENING,WEEKEND,13.9
PASSENGER,MEDIUM,47.8,21.1,34.7,110.0,7.9,0,0.0,2,78.4,77.4,3,MORNING,WEEKDAY,28.9
LOCAL,LOW,33.1,40.3,73.4,90.0,9.0,1,5.0,1,40.1,43.6,0,AFTERNOON,WEEKDAY,15.7
PASSENGER,MEDIUM,31.6,41.4,88.4,110.0,1.1,2,3.2,1,72.1,69.3,0,EVENING,WEEKEND,8.6
EXPRESS,HIGH,99.8,56.1,21.4,110.0,3.8,2,4.8,4,98.0,89.1,2,EVENING,WEEKDAY,26.1
EXPRESS,HIGH,82.4,31.5,45.2,110.0,6.0,2,1.6,2,10.0,7.4,2,EVENING,WEEKEND,14.2
EXPRESS,HIGH,53.2,52.9,86.9,110.0,6.2,1,2.3,1,24.4,28.4,0,EVENING,WEEKEND,8.5
EXPRESS,HIGH,65.9,52.2,25.8,140.0,2.3,0,0.0,2,88.6,93.1,2,MORNING,WEEKDAY,18.4
LOCAL,MEDIUM,169.8,78.9,1.4,80.0,5.9,1,3.3,2,82.8,79.7,2,EVENING,WEEKDAY,28.1
EXPRESS,MEDIUM,108.6,6.6,110.3,130.0,0.5,0,0.0,1,44.1,40.7,0,AFTERNOON,WEEKDAY,4.9
EXPRESS,HIGH,177.5,82.9,119.7,140.0,3.8,1,1.6,1,19.0,22.6,0,AFTERNOON,WEEKDAY,5.1
EXPRESS,HIGH,105.1,33.2,23.4,130.0,0.0,0,0.0,3,46.3,45.2,1,AFTERNOON,WEEKDAY,9.3
PASSENGER,MEDIUM,51.5,10.5,39.2,100.0,1.3,0,0.0,2,59.5,53.1,1,EVENING,WEEKDAY,13.1
FREIGHT,LOW,135.2,32.4,22.9,65.0,1.2,2,2.6,3,60.7,51.8,1,MORNING,WEEKDAY,19.9
LOCAL,LOW,40.1,75.0,9.9,90.0,5.0,1,2.5,2,74.9,66.6,1,MORNING,WEEKDAY,26.7
PASSENGER,MEDIUM,53.2,42.4,38.5,100.0,0.0,1,4.3,2,71.8,67.8,1,MORNING,WEEKDAY,15.1
EXPRESS,HIGH,178.6,9.9,17.8,110.0,0.0,1,4.9,1,29.8,33.8,1,MORNING,WEEKEND,5.9
PASSENGER,MEDIUM,123.9,94.9,56.6,110.0,0.0,2,3.0,2,98.0,92.0,0,MORNING,WEEKDAY,14.6
LOCAL,LOW,58.1,51.2,28.4,80.0,4.4,2,2.3,2,17.7,23.8,1,AFTERNOON,WEEKDAY,16.6
PASSENGER,HIGH,79.6,38.4,23.1,100.0,0.0,1,3.6,2,95.4,95.6,3,EVENING,WEEKDAY,17.8
LOCAL,MEDIUM,57.1,41.4,69.9,80.0,3.8,0,0.0,2,57.6,54.8,0,EVENING,WEEKDAY,11.1
LOCAL,LOW,88.8,35.6,63.9,90.0,0.7,2,3.8,2,93.4,85.7,0,MORNING,WEEKDAY,15.3
LOCAL,MEDIUM,79.2,92.7,3.1,80.0,0.0,5,4.4,2,35.7,37.6,3,EVENING,WEEKEND,29.5
LOCAL,MEDIUM,58.8,23.3,6.4,90.0,3.4,1,4.7,3,94.3,85.9,1,EVENING,WEEKDAY,21.9
EXPRESS,HIGH,53.8,62.1,8.3,140.0,3.6,1,2.4,1,84.0,78.4,1,EVENING,WEEKDAY,15.5
EXPRESS,HIGH,154.6,82.2,34.2,140.0,1.1,2,4.6,2,52.8,49.5,1,MORNING,WEEKDAY,17.5
EXPRESS,HIGH,166.1,69.0,51.4,140.0,5.7,4,1.8,1,77.7,68.5,1,EVENING,WEEKDAY,17.1
EXPRESS,MEDIUM,86.2,86.5,97.8,120.0,3.0,0,0.0,1,56.4,62.5,0,AFTERNOON,WEEKDAY,8.8
EXPRESS,HIGH,39.3,88.3,18.7,110.0,0.0,1,4.0,1,58.6,52.3,1,AFTERNOON,WEEKEND,12.1
PASSENGER,MEDIUM,32.4,92.9,64.8,100.0,0.4,0,0.0,1,70.8,64.7,0,AFTERNOON,WEEKDAY,7.9
EXPRESS,HIGH,115.9,60.6,12.5,130.0,0.6,3,4.0,2,92.2,82.6,2,EVENING,WEEKDAY,20.8
EXPRESS,HIGH,147.1,67.0,107.0,130.0,0.0,1,4.2,1,18.5,12.5,0,NIGHT,WEEKDAY,3.5
PASSENGER,MEDIUM,143.9,78.4,76.8,110.0,0.6,0,0.0,3,81.5,72.3,0,MORNING,WEEKDAY,13.0
FREIGHT,MEDIUM,85.1,59.6,69.4,75.0,0.5,2,3.8,1,24.8,23.8,0,AFTERNOON,WEEKDAY,5.6
EXPRESS,HIGH,83.3,59.9,42.8,140.0,4.8,3,2.8,3,50.7,46.0,2,MORNING,WEEKDAY,21.2
EXPRESS,HIGH,156.9,33.6,5.9,120.0,7.3,2,2.9,2,46.4,45.5,1,EVENING,WEEKEND,16.0
LOCAL,MEDIUM,165.5,29.8,61.0,80.0,0.0,1,3.4,1,51.1,46.8,0,AFTERNOON,WEEKEND,4.7
EXPRESS,HIGH,113.2,14.6,86.9,110.0,1.1,1,3.6,1,51.2,54.4,0,MORNING,WEEKDAY,7.3
EXPRESS,HIGH,61.4,80.3,125.3,130.0,7.3,3,1.9,1,56.3,51.4,0,MORNING,WEEKDAY,12.1
FREIGHT,MEDIUM,162.7,40.1,9.7,75.0,1.9,1,2.9,2,28.5,27.1,1,MORNING,WEEKEND,13.4
PASSENGER,MEDIUM,162.0,34.1,47.6,110.0,7.3,0,0.0,1,80.1,61.9,3,EVENING,WEEKDAY,26.9
PASSENGER,MEDIUM,161.7,93.6,98.0,100.0,3.0,5,4.6,3,67.7,65.4,0,EVENING,WEEKDAY,21.5
LOCAL,MEDIUM,172.9,11.0,87.8,90.0,12.4,1,1.5,1,29.7,38.6,0,AFTERNOON,WEEKEND,15.5
EXPRESS,MEDIUM,55.5,24.4,107.9,140.0,3.5,1,4.0,3,54.1,48.9,0,EVENING,WEEKDAY,13.7
EXPRESS,HIGH,42.5,80.6,48.0,110.0,0.2,4,2.3,2,47.7,36.2,1,MORNING,WEEKDAY,11.8
LOCAL,LOW,95.0,11.9,68.7,80.0,2.8,0,0.0,1,24.1,25.7,0,NIGHT,WEEKDAY,4.9
EXPRESS,HIGH,37.9,19.7,35.4,130.0,1.4,0,0.0,4,97.1,88.5,3,EVENING,WEEKDAY,20.4
LOCAL,MEDIUM,167.7,87.1,60.8,80.0,0.0,3,2.9,1,21.9,17.8,0,NIGHT,WEEKEND,2.8
EXPRESS,HIGH,152.8,28.9,39.4,110.0,1.4,1,1.6,4,86.2,81.6,1,MORNING,WEEKDAY,15.6
PASSENGER,HIGH,42.6,66.0,88.7,110.0,1.5,2,2.1,1,72.3,72.3,0,NIGHT,WEEKDAY,5.3
EXPRESS,HIGH,106.8,13.9,12.1,120.0,0.0,0,0.0,2,53.8,52.1,1,AFTERNOON,WEEKDAY,6.3
EXPRESS,MEDIUM,151.7,80.6,35.2,120.0,0.2,3,2.6,3,53.3,50.6,1,MORNING,WEEKDAY,16.6
EXPRESS,HIGH,157.0,75.1,4.3,140.0,3.0,4,4.9,2,58.9,55.2,1,MORNING,WEEKDAY,25.0
FREIGHT,LOW,135.3,52.5,57.3,65.0,5.6,3,1.8,3,66.0,60.7,0,MORNING,WEEKDAY,18.0
PASSENGER,MEDIUM,44.5,12.8,42.7,110.0,0.0,0,0.0,2,97.3,90.5,1,MORNING,WEEKDAY,14.8
EXPRESS,HIGH,54.3,87.2,17.5,110.0,0.0,0,0.0,4,83.3,80.0,1,MORNING,WEEKDAY,17.1
LOCAL,MEDIUM,98.1,78.1,67.3,80.0,1.7,5,3.1,1,15.9,21.5,0,MORNING,WEEKEND,6.4
EXPRESS,HIGH,99.8,88.8,85.7,110.0,4.3,3,3.5,2,44.0,37.6,0,MORNING,WEEKEND,11.0
PASSENGER,MEDIUM,173.3,25.4,15.7,110.0,0.0,1,3.0,3,65.7,65.5,1,EVENING,WEEKDAY,14.6
PASSENGER,MEDIUM,167.3,60.4,104.3,110.0,0.2,2,3.1,1,60.2,59.0,0,NIGHT,WEEKEND,6.4
FREIGHT,LOW,104.6,67.3,22.4,75.0,6.3,0,0.0,2,43.4,39.2,1,AFTERNOON,WEEKDAY,19.6
EXPRESS,HIGH,58.7,68.2,13.4,110.0,0.2,0,0.0,3,98.0,89.7,1,MORNING,WEEKDAY,16.0
EXPRESS,MEDIUM,60.6,45.9,61.8,110.0,0.0,2,4.0,2,87.3,74.8,0,MORNING,WEEKDAY,12.9
LOCAL,HIGH,91.7,66.6,7.3,80.0,1.7,0,0.0,2,73.0,70.3,3,NIGHT,WEEKDAY,19.2
LOCAL,MEDIUM,60.3,41.6,15.1,80.0,0.9,0,0.0,1,87.2,80.9,2,EVENING,WEEKDAY,16.9
EXPRESS,HIGH,71.9,64.3,43.5,110.0,0.0,1,2.6,1,97.7,93.1,1,EVENING,WEEKDAY,12.4
LOCAL,MEDIUM,152.5,84.1,85.4,90.0,12.1,5,3.2,1,15.4,17.0,0,NIGHT,WEEKDAY,15.7
PASSENGER,MEDIUM,84.1,80.4,78.9,100.0,1.5,5,3.7,1,60.6,54.6,0,NIGHT,WEEKDAY,11.9
LOCAL,LOW,147.6,56.5,65.3,90.0,0.4,2,4.8,3,83.3,79.1,0,MORNING,WEEKEND,16.5
PASSENGER,HIGH,47.7,53.6,11.0,110.0,0.0,0,0.0,3,30.1,26.1,1,EVENING,WEEKDAY,13.1
LOCAL,MEDIUM,30.3,9.1,19.1,80.0,0.4,1,2.7,1,38.6,32.8,1,EVENING,WEEKEND,9.2
EXPRESS,HIGH,37.2,51.5,112.3,140.0,6.8,0,0.0,1,18.3,24.2,0,AFTERNOON,WEEKDAY,8.4
FREIGHT,LOW,35.4,84.3,62.5,65.0,0.0,4,2.5,1,46.4,41.9,0,EVENING,WEEKEND,5.3
PASSENGER,MEDIUM,133.0,75.9,86.2,100.0,0.0,5,3.9,1,64.1,75.5,0,MORNING,WEEKEND,11.4
PASSENGER,MEDIUM,40.4,88.3,33.4,110.0,5.4,0,0.0,2,13.3,9.2,1,AFTERNOON,WEEKDAY,16.7
LOCAL,MEDIUM,59.2,15.1,15.2,90.0,4.1,1,2.2,2,29.0,25.1,2,AFTERNOON,WEEKDAY,16.7
PASSENGER,MEDIUM,50.0,49.2,41.4,110.0,0.6,2,4.0,1,47.6,43.0,1,NIGHT,WEEKEND,12.8
PASSENGER,HIGH,30.4,26.5,93.5,100.0,0.0,1,3.8,1,35.2,34.7,0,MORNING,WEEKEND,3.4
EXPRESS,HIGH,117.4,25.5,30.8,140.0,6.9,1,3.1,2,93.0,90.0,1,EVENING,WEEKDAY,19.8
EXPRESS,HIGH,41.8,26.4,85.1,110.0,10.9,1,2.0,1,19.8,20.7,0,AFTERNOON,WEEKEND,11.9
PASSENGER,HIGH,58.8,78.4,98.2,110.0,0.0,0,0.0,1,25.0,28.0,0,AFTERNOON,WEEKEND,1.5
EXPRESS,HIGH,92.1,84.6,44.1,130.0,0.0,2,4.5,2,73.3,67.7,3,EVENING,WEEKDAY,20.9
EXPRESS,HIGH,46.7,64.5,41.2,140.0,0.0,0,0.0,2,71.4,73.7,1,NIGHT,WEEKDAY,9.8
FREIGHT,LOW,99.7,51.0,19.7,75.0,0.0,1,4.5,2,45.5,37.2,1,AFTERNOON,WEEKEND,15.0
LOCAL,MEDIUM,145.7,5.1,60.0,80.0,0.1,0,0.0,3,92.4,82.2,0,EVENING,WEEKDAY,10.8
LOCAL,LOW,129.9,36.6,8.3,90.0,1.9,2,1.6,3,52.2,38.4,2,EVENING,WEEKDAY,25.0
EXPRESS,MEDIUM,129.8,89.1,105.6,110.0,1.9,0,0.0,1,48.3,51.5,0,AFTERNOON,WEEKEND,6.1
EXPRESS,HIGH,106.4,86.3,5.0,110.0,1.9,0,0.0,3,36.9,37.6,1,EVENING,WEEKDAY,18.2
PASSENGER,MEDIUM,136.6,51.9,30.3,110.0,0.0,0,0.0,2,66.0,64.0,2,MORNING,WEEKDAY,18.2
EXPRESS,MEDIUM,164.8,29.6,90.4,110.0,0.3,0,0.0,1,54.3,54.1,0,MORNING,WEEKEND,5.1
EXPRESS,MEDIUM,101.2,27.6,56.5,140.0,1.5,1,1.6,2,28.5,26.3,2,MORNING,WEEKEND,13.3
FREIGHT,LOW,95.9,15.1,13.6,75.0,0.0,1,3.1,1,49.3,37.8,1,AFTERNOON,WEEKDAY,11.8
LOCAL,MEDIUM,142.4,81.5,78.5,80.0,3.8,3,4.9,1,28.5,24.1,0,AFTERNOON,WEEKEND,8.6
EXPRESS,HIGH,36.9,91.8,98.7,130.0,3.3,4,2.0,1,41.4,41.0,0,NIGHT,WEEKEND,6.6
PASSENGER,MEDIUM,142.7,75.1,24.7,110.0,0.0,5,2.7,2,10.0,9.4,2,NIGHT,WEEKDAY,13.7
EXPRESS,HIGH,118.4,23.9,138.8,140.0,0.0,1,2.5,1,42.1,37.8,0,EVENING,WEEKDAY,2.5
PASSENGER,MEDIUM,89.3,14.3,88.6,100.0,1.6,1,1.6,1,64.7,65.4,0,AFTERNOON,WEEKDAY,6.6
EXPRESS,HIGH,138.2,94.8,122.7,130.0,0.0,1,3.1,3,41.2,48.1,0,NIGHT,WEEKDAY,6.6
PASSENGER,MEDIUM,113.6,28.3,89.2,110.0,3.8,1,1.5,2,39.5,42.5,0,AFTERNOON,WEEKDAY,9.2
LOCAL,LOW,104.9,40.3,7.5,80.0,5.4,2,4.7,4,28.1,23.3,3,MORNING,WEEKDAY,35.8
PASSENGER,MEDIUM,78.9,10.3,90.6,100.0,2.1,1,4.1,2,21.4,19.1,0,EVENING,WEEKEND,5.5
PASSENGER,MEDIUM,41.9,62.5,7.1,110.0,14.6,0,0.0,3,61.8,55.3,2,EVENING,WEEKDAY,36.1
EXPRESS,HIGH,169.5,27.0,27.4,110.0,3.3,0,0.0,1,28.8,29.6,1,NIGHT,WEEKDAY,8.2
LOCAL,LOW,109.1,8.1,62.8,80.0,1.4,1,1.8,2,58.0,54.3,0,MORNING,WEEKEND,9.2
PASSENGER,MEDIUM,84.7,71.4,32.6,100.0,16.2,3,4.8,2,65.3,61.2,2,EVENING,WEEKDAY,40.3
LOCAL,LOW,102.7,21.5,73.5,90.0,0.0,1,2.8,1,10.0,2.3,0,AFTERNOON,WEEKDAY,1.7
PASSENGER,HIGH,57.8,5.5,39.1,110.0,1.9,1,3.8,3,83.7,79.3,1,MORNING,WEEKDAY,14.0
PASSENGER,HIGH,36.4,72.4,98.6,100.0,0.0,4,4.1,1,10.0,14.3,0,NIGHT,WEEKDAY,4.3
PASSENGER,MEDIUM,150.8,55.5,83.5,100.0,17.3,1,3.7,1,42.0,31.7,0,MORNING,WEEKDAY,23.6
EXPRESS,HIGH,175.0,40.4,92.5,120.0,0.0,0,0.0,2,25.2,26.7,0,NIGHT,WEEKDAY,3.8
EXPRESS,HIGH,146.3,16.5,17.3,140.0,0.0,1,2.1,3,10.0,16.1,3,MORNING,WEEKEND,11.2
LOCAL,MEDIUM,62.7,28.9,33.1,90.0,3.3,1,3.4,2,88.6,85.8,3,AFTERNOON,WEEKEND,24.5
LOCAL,MEDIUM,174.1,66.5,19.7,80.0,2.5,3,2.0,2,89.7,89.5,1,EVENING,WEEKDAY,19.8
FREIGHT,LOW,138.5,28.8,53.1,75.0,5.7,0,0.0,1,79.8,71.5,0,AFTERNOON,WEEKDAY,14.9
FREIGHT,LOW,134.1,69.0,52.9,65.0,0.0,3,4.1,1,65.2,65.0,0,EVENING,WEEKDAY,13.9
EXPRESS,HIGH,140.6,11.4,83.3,110.0,0.8,0,0.0,1,80.4,83.2,0,MORNING,WEEKEND,4.7
EXPRESS,HIGH,83.5,36.8,61.0,140.0,0.0,0,0.0,2,44.9,47.6,1,NIGHT,WEEKDAY,8.0
EXPRESS,HIGH,156.2,31.0,49.2,110.0,2.5,2,4.5,3,33.0,32.0,3,MORNING,WEEKEND,19.5
EXPRESS,MEDIUM,37.7,73.7,20.2,110.0,0.8,4,3.7,2,79.5,74.5,2,EVENING,WEEKDAY,24.6
EXPRESS,HIGH,86.7,53.5,97.4,120.0,0.0,0,0.0,1,51.9,50.4,0,EVENING,WEEKDAY,5.4
LOCAL,LOW,136.2,91.0,52.6,90.0,2.3,5,4.4,3,82.5,70.7,0,MORNING,WEEKDAY,25.9
EXPRESS,HIGH,93.4,34.3,11.1,130.0,0.0,2,3.6,2,56.1,56.4,3,EVENING,WEEKDAY,17.7
LOCAL,MEDIUM,56.3,8.1,32.3,90.0,0.0,0,0.0,2,32.4,34.1,1,AFTERNOON,WEEKDAY,8.2
PASSENGER,MEDIUM,92.8,31.1,84.2,110.0,2.1,1,2.7,1,42.5,43.6,0,AFTERNOON,WEEKDAY,5.9
LOCAL,MEDIUM,165.8,24.3,81.8,90.0,5.1,0,0.0,1,35.4,33.2,0,NIGHT,WEEKEND,8.5
EXPRESS,HIGH,84.4,33.5,118.8,140.0,0.3,2,2.6,1,51.0,49.0,0,NIGHT,WEEKDAY,2.9
PASSENGER,HIGH,102.1,37.2,36.8,110.0,0.0,2,4.4,3,74.3,63.1,2,MORNING,WEEKEND,17.1
EXPRESS,HIGH,79.2,17.5,101.4,130.0,0.0,0,0.0,2,15.0,13.4,0,NIGHT,WEEKEND,0.8
EXPRESS,HIGH,173.1,47.6,20.9,110.0,0.0,0,0.0,2,67.5,60.8,2,MORNING,WEEKDAY,14.2
FREIGHT,LOW,162.5,24.3,17.6,75.0,2.1,0,0.0,2,87.0,85.5,1,EVENING,WEEKDAY,21.4
FREIGHT,LOW,40.9,66.1,17.9,65.0,1.2,3,2.7,1,52.6,56.9,1,MORNING,WEEKEND,16.2
PASSENGER,MEDIUM,174.1,15.4,27.3,110.0,0.1,0,0.0,2,84.4,82.2,2,MORNING,WEEKDAY,18.9
PASSENGER,HIGH,81.0,34.9,35.9,100.0,0.0,2,1.7,2,39.7,31.0,1,EVENING,WEEKEND,7.1
PASSENGER,MEDIUM,144.5,43.1,44.6,100.0,0.0,0,0.0,2,90.6,91.7,1,MORNING,WEEKDAY,15.3
EXPRESS,HIGH,135.4,60.5,46.4,140.0,1.8,0,0.0,3,73.1,69.2,1,MORNING,WEEKDAY,15.1
PASSENGER,MEDIUM,51.6,85.4,72.5,100.0,0.7,0,0.0,4,91.7,81.6,0,EVENING,WEEKDAY,14.3
EXPRESS,HIGH,146.5,51.6,95.0,120.0,0.0,0,0.0,2,63.0,62.5,0,EVENING,WEEKDAY,6.2
EXPRESS,HIGH,116.0,32.3,18.9,140.0,0.4,1,3.1,1,75.6,74.7,1,EVENING,WEEKDAY,11.8
EXPRESS,HIGH,55.2,86.8,22.1,130.0,8.2,5,1.8,3,48.1,43.8,1,AFTERNOON,WEEKDAY,20.6
FREIGHT,LOW,149.9,91.2,7.4,65.0,9.8,2,4.7,1,83.5,77.4,1,NIGHT,WEEKDAY,33.3
PASSENGER,MEDIUM,148.1,5.5,33.1,100.0,10.0,0,0.0,2,75.8,69.3,1,EVENING,WEEKDAY,23.6
PASSENGER,MEDIUM,44.1,33.9,33.7,110.0,1.7,1,4.0,2,34.9,31.6,1,NIGHT,WEEKEND,12.7
EXPRESS,HIGH,51.3,47.1,39.4,110.0,1.1,3,2.5,3,98.0,96.7,1,EVENING,WEEKDAY,15.0
PASSENGER,HIGH,174.3,81.0,35.9,100.0,0.0,4,4.0,3,68.2,66.4,2,MORNING,WEEKDAY,21.8
EXPRESS,HIGH,106.5,26.0,42.5,120.0,0.0,1,3.9,2,42.3,43.7,2,NIGHT,WEEKDAY,11.2
EXPRESS,HIGH,128.9,73.6,39.8,140.0,0.0,0,0.0,4,52.3,50.3,1,EVENING,WEEKDAY,15.7
EXPRESS,MEDIUM,41.1,60.3,24.7,120.0,0.0,1,2.4,1,93.8,90.0,2,MORNING,WEEKDAY,19.8
EXPRESS,HIGH,145.7,47.8,52.1,120.0,3.2,3,3.0,3,81.5,78.1,1,MORNING,WEEKDAY,17.5
PASSENGER,MEDIUM,77.7,68.0,30.6,110.0,3.4,3,3.1,2,61.4,58.5,1,EVENING,WEEKDAY,21.2
PASSENGER,MEDIUM,169.6,35.3,99.6,100.0,0.0,2,4.7,2,58.1,48.7,0,EVENING,WEEKDAY,10.7
EXPRESS,HIGH,143.4,79.3,5.7,140.0,0.0,0,0.0,3,50.3,51.7,2,MORNING,WEEKEND,15.6
EXPRESS,HIGH,34.3,84.9,12.7,140.0,1.5,0,0.0,2,47.0,50.9,2,MORNING,WEEKDAY,17.1
EXPRESS,HIGH,155.6,65.9,47.9,140.0,0.0,1,3.6,3,62.1,61.2,2,EVENING,WEEKDAY,16.6
FREIGHT,LOW,89.0,73.2,1.8,65.0,0.0,0,0.0,2,34.1,33.7,1,MORNING,WEEKEND,16.6
FREIGHT,LOW,80.4,33.1,56.3,75.0,0.0,1,3.4,1,46.9,40.6,0,MORNING,WEEKEND,5.9
PASSENGER,HIGH,102.1,27.8,3.8,100.0,7.9,0,0.0,3,53.2,48.5,2,EVENING,WEEKDAY,22.5
PASSENGER,MEDIUM,154.3,65.5,17.5,110.0,14.9,3,3.6,3,57.2,44.9,1,EVENING,WEEKDAY,34.3
LOCAL,MEDIUM,106.7,44.0,78.8,80.0,1.3,1,4.2,1,60.9,56.0,0,MORNING,WEEKDAY,9.1
LOCAL,MEDIUM,161.2,41.3,19.7,80.0,0.0,2,2.5,4,65.4,63.5,2,MORNING,WEEKDAY,20.1
FREIGHT,LOW,35.5,74.9,56.1,65.0,0.0,0,0.0,2,33.6,30.3,0,MORNING,WEEKEND,5.1
LOCAL,LOW,91.1,70.8,16.0,80.0,0.0,4,1.8,1,96.2,90.0,2,EVENING,WEEKDAY,26.1
LOCAL,MEDIUM,116.1,58.1,66.8,80.0,6.2,1,1.8,2,15.6,11.8,0,NIGHT,WEEKDAY,9.7
EXPRESS,HIGH,31.5,5.6,21.9,140.0,4.5,1,2.3,2,61.8,58.7,1,NIGHT,WEEKEND,11.0
PASSENGER,MEDIUM,43.5,18.5,81.0,100.0,0.0,0,0.0,1,18.2,14.9,0,EVENING,WEEKEND,1.5
PASSENGER,MEDIUM,156.5,74.8,80.7,100.0,0.0,1,4.2,1,16.5,26.0,0,AFTERNOON,WEEKDAY,4.2
EXPRESS,HIGH,165.3,23.1,27.3,110.0,0.0,0,0.0,2,70.1,61.2,1,MORNING,WEEKDAY,9.6
EXPRESS,HIGH,77.1,78.7,104.7,110.0,2.4,1,3.5,1,53.4,61.1,0,NIGHT,WEEKEND,6.3
EXPRESS,HIGH,84.4,7.6,90.3,140.0,1.4,0,0.0,1,76.3,77.5,0,MORNING,WEEKDAY,6.5
EXPRESS,HIGH,151.1,10.7,16.0,120.0,1.1,1,2.2,2,38.4,33.8,3,AFTERNOON,WEEKDAY,12.2
LOCAL,HIGH,75.0,78.5,33.2,90.0,0.0,4,4.6,2,95.7,91.3,1,EVENING,WEEKDAY,22.4
EXPRESS,HIGH,155.7,30.4,4.8,130.0,0.0,2,2.5,2,76.8,69.1,2,MORNING,WEEKDAY,14.2
EXPRESS,MEDIUM,100.6,14.8,45.4,110.0,1.0,1,2.7,2,49.3,49.1,1,EVENING,WEEKDAY,12.9
EXPRESS,MEDIUM,125.2,58.9,31.9,120.0,5.4,0,0.0,2,98.0,93.5,1,MORNING,WEEKDAY,22.9
EXPRESS,HIGH,130.9,52.0,33.8,110.0,0.8,1,4.4,2,10.0,12.3,2,AFTERNOON,WEEKDAY,12.0
EXPRESS,HIGH,82.9,79.8,25.5,120.0,5.2,0,0.0,3,11.8,17.1,3,AFTERNOON,WEEKDAY,20.5
FREIGHT,LOW,110.6,81.7,32.8,75.0,0.0,5,1.7,2,51.1,39.7,2,EVENING,WEEKEND,20.3
PASSENGER,HIGH,143.6,9.3,80.5,100.0,0.8,1,1.9,2,50.8,48.6,0,EVENING,WEEKDAY,6.1
FREIGHT,LOW,133.1,42.4,1.9,65.0,13.6,2,4.5,3,21.7,16.9,2,AFTERNOON,WEEKDAY,34.7
FREIGHT,LOW,107.9,9.0,74.9,75.0,0.1,0,0.0,1,33.5,39.3,0,AFTERNOON,WEEKDAY,3.9
PASSENGER,MEDIUM,157.3,92.7,88.5,110.0,16.3,0,0.0,1,65.6,61.9,0,MORNING,WEEKDAY,24.2
PASSENGER,HIGH,34.8,51.8,15.0,110.0,1.2,2,4.5,1,47.7,40.7,1,MORNING,WEEKEND,12.8
PASSENGER,HIGH,88.4,81.1,3.4,110.0,28.1,5,3.0,2,96.3,94.0,2,MORNING,WEEKDAY,50.0
PASSENGER,HIGH,166.6,59.0,99.9,110.0,0.2,0,0.0,2,55.3,51.6,0,EVENING,WEEKDAY,6.9
EXPRESS,HIGH,105.9,10.5,123.0,130.0,0.0,0,0.0,1,20.9,18.2,0,AFTERNOON,WEEKEND,0.2
LOCAL,MEDIUM,55.4,42.6,21.9,80.0,0.0,0,0.0,1,15.5,20.5,1,EVENING,WEEKEND,7.2
FREIGHT,LOW,121.3,17.7,9.8,65.0,0.0,0,0.0,2,12.2,11.8,1,AFTERNOON,WEEKEND,9.6
FREIGHT,MEDIUM,67.8,7.4,57.4,65.0,0.0,0,0.0,1,33.3,27.1,0,EVENING,WEEKEND,1.7
FREIGHT,LOW,131.2,56.9,15.4,75.0,0.6,3,2.4,1,94.4,95.9,2,EVENING,WEEKDAY,27.4
LOCAL,LOW,164.8,45.3,3.4,80.0,1.4,0,0.0,2,52.5,40.9,2,MORNING,WEEKDAY,23.5
PASSENGER,MEDIUM,174.6,8.8,93.9,110.0,2.2,1,4.8,1,23.0,22.6,0,MORNING,WEEKEND,7.2
EXPRESS,MEDIUM,90.3,61.8,101.5,110.0,2.6,1,4.1,1,12.6,14.0,0,AFTERNOON,WEEKDAY,5.7
PASSENGER,MEDIUM,175.6,37.0,62.8,110.0,4.6,1,2.5,2,85.8,86.0,0,MORNING,WEEKDAY,14.9
LOCAL,MEDIUM,41.1,53.3,63.9,80.0,2.7,0,0.0,1,38.6,40.8,0,AFTERNOON,WEEKDAY,6.4
LOCAL,LOW,160.5,66.7,75.7,80.0,2.8,4,3.3,1,29.7,30.6,0,AFTERNOON,WEEKDAY,8.0
EXPRESS,HIGH,36.9,68.6,107.0,110.0,0.0,1,3.3,1,53.1,56.0,0,NIGHT,WEEKDAY,3.4
EXPRESS,MEDIUM,57.5,30.7,50.3,140.0,1.6,2,4.3,2,58.6,56.7,1,EVENING,WEEKEND,15.8
EXPRESS,HIGH,90.8,62.2,56.1,140.0,6.2,1,2.3,2,53.8,47.5,2,NIGHT,WEEKDAY,16.8
PASSENGER,MEDIUM,37.2,26.0,86.2,110.0,0.0,0,0.0,1,32.8,43.0,0,EVENING,WEEKEND,3.0
LOCAL,LOW,149.2,8.7,4.5,90.0,4.7,1,4.2,2,42.5,45.7,2,EVENING,WEEKEND,24.7
PASSENGER,MEDIUM,121.9,81.1,85.8,110.0,4.9,2,4.9,1,58.5,58.0,0,NIGHT,WEEKDAY,14.4
EXPRESS,HIGH,32.2,67.9,11.5,130.0,5.3,4,2.4,2,94.4,87.0,1,EVENING,WEEKDAY,20.4
EXPRESS,MEDIUM,164.9,82.5,97.6,110.0,0.6,0,0.0,1,27.5,30.8,0,AFTERNOON,WEEKDAY,3.3
PASSENGER,MEDIUM,100.8,29.8,7.0,110.0,0.0,0,0.0,2,67.5,65.8,1,EVENING,WEEKDAY,12.8
FREIGHT,MEDIUM,88.1,8.3,28.6,65.0,4.5,1,4.7,3,66.6,62.2,1,NIGHT,WEEKDAY,18.0
PASSENGER,MEDIUM,149.5,27.6,79.2,100.0,4.9,0,0.0,1,41.3,38.2,0,AFTERNOON,WEEKEND,8.6
PASSENGER,MEDIUM,42.9,20.3,96.0,100.0,0.6,1,1.6,1,36.5,31.2,0,MORNING,WEEKEND,3.8
LOCAL,MEDIUM,134.5,61.5,11.6,80.0,0.0,1,2.7,2,79.2,74.3,1,EVENING,WEEKDAY,17.6
EXPRESS,HIGH,95.0,62.3,84.7,130.0,0.0,1,3.1,2,94.8,86.1,0,EVENING,WEEKDAY,9.7
EXPRESS,HIGH,134.9,40.1,11.6,140.0,0.2,0,0.0,2,98.0,97.0,1,EVENING,WEEKDAY,12.8
FREIGHT,LOW,86.9,21.8,4.0,75.0,0.2,0,0.0,2,75.4,64.9,2,EVENING,WEEKDAY,24.0
PASSENGER,HIGH,138.4,92.0,36.0,100.0,1.6,5,3.5,2,42.0,41.2,2,AFTERNOON,WEEKDAY,18.3
LOCAL,HIGH,167.1,79.0,60.5,80.0,0.0,1,2.9,1,40.1,37.2,0,AFTERNOON,WEEKDAY,4.0
EXPRESS,HIGH,128.9,10.5,95.8,110.0,0.1,0,0.0,1,47.9,48.0,0,MORNING,WEEKDAY,4.4
PASSENGER,MEDIUM,102.3,92.8,47.6,110.0,0.0,5,3.9,2,58.3,52.9,2,MORNING,WEEKDAY,23.3
EXPRESS,HIGH,43.2,87.0,54.1,110.0,1.8,5,1.9,3,94.8,85.0,0,MORNING,WEEKDAY,13.6
EXPRESS,HIGH,126.0,75.3,128.1,140.0,3.9,4,2.8,1,50.2,40.4,0,MORNING,WEEKDAY,8.5
LOCAL,LOW,77.5,59.4,24.5,80.0,1.1,3,1.7,2,14.1,23.3,2,AFTERNOON,WEEKDAY,17.8
LOCAL,LOW,140.2,70.7,16.0,80.0,2.1,3,2.1,2,17.2,19.7,2,NIGHT,WEEKDAY,20.6
PASSENGER,MEDIUM,119.9,70.0,29.5,110.0,0.4,0,0.0,1,73.7,68.1,1,EVENING,WEEKDAY,14.8
EXPRESS,HIGH,34.8,15.3,85.3,120.0,1.1,1,4.4,2,71.0,68.5,0,MORNING,WEEKDAY,9.7
PASSENGER,MEDIUM,85.2,18.6,92.4,110.0,0.3,0,0.0,1,63.2,65.4,0,AFTERNOON,WEEKDAY,4.4
EXPRESS,HIGH,125.4,27.6,105.6,140.0,2.4,0,0.0,1,34.5,30.5,0,AFTERNOON,WEEKEND,4.2
EXPRESS,HIGH,100.1,35.5,93.2,140.0,0.0,1,4.6,1,73.5,69.3,0,AFTERNOON,WEEKDAY,6.8
LOCAL,LOW,178.3,35.2,88.4,90.0,1.2,0,0.0,1,56.3,51.9,0,EVENING,WEEKDAY,8.4
FREIGHT,MEDIUM,58.3,74.0,50.3,65.0,2.2,4,2.9,2,10.0,4.9,0,NIGHT,WEEKDAY,7.3
EXPRESS,HIGH,79.9,89.3,32.7,130.0,0.0,5,4.1,2,53.3,46.6,2,EVENING,WEEKDAY,22.4
EXPRESS,HIGH,166.4,6.3,4.8,130.0,0.0,1,3.2,2,96.1,93.2,1,EVENING,WEEKDAY,10.1
PASSENGER,MEDIUM,88.7,92.5,93.4,100.0,2.9,2,4.1,1,53.5,48.5,0,AFTERNOON,WEEKDAY,8.4
EXPRESS,HIGH,87.1,35.9,56.6,140.0,6.4,2,2.5,4,89.6,84.1,1,EVENING,WEEKDAY,20.6
LOCAL,MEDIUM,139.7,40.3,35.0,90.0,0.0,2,4.9,3,85.3,76.8,1,EVENING,WEEKDAY,19.9
LOCAL,MEDIUM,168.4,83.7,7.1,90.0,0.0,0,0.0,3,35.4,34.0,3,AFTERNOON,WEEKDAY,21.7
PASSENGER,MEDIUM,177.0,20.6,22.8,100.0,3.3,0,0.0,2,40.3,30.6,1,MORNING,WEEKDAY,14.0
EXPRESS,HIGH,43.3,66.7,121.7,130.0,12.5,2,3.1,1,60.6,60.9,0,AFTERNOON,WEEKEND,15.9
PASSENGER,MEDIUM,82.0,56.5,103.7,110.0,7.5,2,4.6,1,34.8,27.7,0,EVENING,WEEKEND,13.9
EXPRESS,HIGH,107.8,44.3,101.6,130.0,1.6,0,0.0,1,86.5,81.8,0,EVENING,WEEKDAY,7.9
PASSENGER,MEDIUM,110.7,91.8,45.9,110.0,1.5,4,2.8,2,80.6,75.0,2,EVENING,WEEKDAY,23.7
FREIGHT,LOW,64.3,54.0,57.1,75.0,5.6,3,1.5,2,42.7,32.7,0,MORNING,WEEKDAY,14.1
EXPRESS,HIGH,39.0,50.6,53.7,140.0,14.4,2,2.9,3,78.9,83.1,1,MORNING,WEEKDAY,28.8
EXPRESS,HIGH,46.7,59.8,21.1,140.0,2.7,2,4.8,2,12.1,9.5,1,AFTERNOON,WEEKDAY,15.1
PASSENGER,MEDIUM,79.0,12.9,42.5,100.0,0.7,1,1.7,2,51.8,50.1,2,AFTERNOON,WEEKEND,12.4
LOCAL,MEDIUM,66.3,78.2,31.6,80.0,1.6,0,0.0,3,66.9,65.9,2,NIGHT,WEEKDAY,20.9
EXPRESS,HIGH,33.4,5.6,18.9,130.0,0.0,0,0.0,2,11.4,11.9,2,EVENING,WEEKEND,7.9
FREIGHT,MEDIUM,74.7,71.1,46.9,65.0,0.0,4,2.7,2,71.7,62.5,0,EVENING,WEEKDAY,9.5
LOCAL,MEDIUM,99.8,50.5,30.6,90.0,0.0,1,3.7,1,33.5,24.5,1,AFTERNOON,WEEKDAY,9.2
PASSENGER,MEDIUM,160.9,25.7,93.5,100.0,1.6,1,4.7,2,68.2,65.0,0,MORNING,WEEKDAY,11.0
PASSENGER,MEDIUM,53.8,53.2,99.6,110.0,1.7,1,4.2,1,32.9,37.7,0,NIGHT,WEEKDAY,5.7
EXPRESS,HIGH,129.7,18.1,82.8,120.0,3.3,0,0.0,2,98.0,93.2,0,MORNING,WEEKDAY,10.6
PASSENGER,MEDIUM,166.3,71.3,79.8,100.0,0.0,0,0.0,2,64.9,60.4,0,EVENING,WEEKEND,6.5
LOCAL,LOW,52.2,37.7,48.0,80.0,0.0,1,4.2,3,73.3,71.9,0,MORNING,WEEKDAY,15.3
PASSENGER,MEDIUM,123.6,17.3,29.7,110.0,6.0,1,3.0,4,84.3,76.4,1,MORNING,WEEKDAY,22.4
FREIGHT,LOW,154.6,63.5,18.8,75.0,2.3,0,0.0,3,50.5,40.8,3,EVENING,WEEKDAY,32.1
FREIGHT,LOW,121.4,8.5,68.3,75.0,6.6,1,4.9,1,64.1,62.1,0,AFTERNOON,WEEKDAY,13.9
PASSENGER,MEDIUM,62.1,89.7,98.0,110.0,0.0,3,1.5,2,36.8,39.1,0,AFTERNOON,WEEKDAY,5.2
EXPRESS,MEDIUM,133.7,23.1,45.2,140.0,0.0,1,3.6,3,52.5,51.0,2,EVENING,WEEKEND,15.8
PASSENGER,HIGH,100.7,64.1,26.2,100.0,7.0,0,0.0,3,72.6,62.4,2,MORNING,WEEKEND,21.8
EXPRESS,HIGH,144.3,46.8,100.3,130.0,0.6,1,4.8,1,36.4,33.5,0,AFTERNOON,WEEKEND,5.4
PASSENGER,HIGH,95.6,72.7,80.3,100.0,0.0,1,4.2,1,16.4,19.2,0,EVENING,WEEKEND,2.9
EXPRESS,HIGH,88.1,16.5,118.5,120.0,8.2,0,0.0,1,44.8,48.9,0,NIGHT,WEEKDAY,11.2
PASSENGER,MEDIUM,66.0,53.8,2.8,100.0,1.6,1,1.7,2,44.5,46.5,2,MORNING,WEEKEND,18.6
EXPRESS,HIGH,56.5,38.4,109.5,130.0,2.1,2,4.8,2,77.9,73.1,0,MORNING,WEEKDAY,12.1
FREIGHT,MEDIUM,148.1,52.5,59.9,65.0,5.4,3,1.5,1,40.6,50.6,0,AFTERNOON,WEEKDAY,9.5
PASSENGER,MEDIUM,103.5,45.2,105.2,110.0,4.5,2,4.4,2,26.8,30.5,0,AFTERNOON,WEEKDAY,9.0
FREIGHT,LOW,172.6,52.5,25.0,75.0,4.1,1,3.3,1,28.2,33.5,1,NIGHT,WEEKEND,15.1
EXPRESS,HIGH,36.4,36.0,109.8,110.0,0.1,1,4.4,1,35.3,34.4,0,AFTERNOON,WEEKDAY,3.3
EXPRESS,HIGH,73.3,29.5,10.1,110.0,0.0,1,1.7,2,33.3,37.8,2,NIGHT,WEEKDAY,9.4
PASSENGER,HIGH,44.8,33.0,89.3,100.0,2.8,1,5.0,2,66.1,64.7,0,MORNING,WEEKDAY,10.7
EXPRESS,HIGH,39.3,54.2,41.7,120.0,0.0,3,2.0,2,47.2,43.5,1,EVENING,WEEKEND,8.0
EXPRESS,HIGH,174.5,77.6,46.7,110.0,10.9,4,1.9,3,98.0,94.2,1,EVENING,WEEKDAY,25.7
EXPRESS,HIGH,54.5,81.8,98.5,110.0,0.2,2,3.1,1,41.7,34.2,0,AFTERNOON,WEEKDAY,4.0
PASSENGER,MEDIUM,110.2,40.9,95.8,110.0,3.3,2,3.5,2,26.2,32.2,0,AFTERNOON,WEEKDAY,8.9
EXPRESS,HIGH,64.8,48.9,90.4,110.0,0.2,0,0.0,2,60.3,53.6,0,EVENING,WEEKDAY,7.0
PASSENGER,MEDIUM,112.2,43.9,94.7,100.0,0.0,2,4.2,1,48.0,47.2,0,AFTERNOON,WEEKDAY,6.2
FREIGHT,LOW,72.3,5.5,71.1,75.0,2.3,0,0.0,2,64.5,59.8,0,MORNING,WEEKDAY,11.9
EXPRESS,HIGH,62.5,81.5,52.5,120.0,3.0,4,2.8,3,98.0,96.3,1,MORNING,WEEKDAY,18.4
EXPRESS,HIGH,149.9,62.5,118.1,130.0,0.7,4,4.0,1,19.1,20.7,0,MORNING,WEEKEND,6.1
EXPRESS,HIGH,131.8,16.5,30.2,110.0,6.8,1,1.9,1,91.3,84.5,1,MORNING,WEEKDAY,15.3
FREIGHT,LOW,171.6,59.2,4.0,65.0,0.4,3,1.9,2,69.8,68.0,2,EVENING,WEEKEND,24.2
PASSENGER,HIGH,133.0,18.4,24.5,100.0,1.1,0,0.0,2,56.3,50.1,1,EVENING,WEEKDAY,9.9
EXPRESS,HIGH,58.6,91.9,28.2,130.0,0.0,3,2.2,4,73.5,75.4,3,MORNING,WEEKDAY,22.2
EXPRESS,HIGH,142.7,10.3,23.8,130.0,0.0,1,2.0,1,50.9,61.1,1,NIGHT,WEEKDAY,5.2
EXPRESS,HIGH,103.6,94.5,83.4,110.0,13.2,1,3.9,1,10.0,19.6,0,AFTERNOON,WEEKDAY,17.2
FREIGHT,LOW,104.6,74.3,12.3,65.0,1.5,3,3.6,2,51.0,55.8,1,AFTERNOON,WEEKDAY,19.7
EXPRESS,HIGH,49.1,84.9,104.4,120.0,1.4,3,4.1,1,26.0,31.4,0,AFTERNOON,WEEKDAY,6.7
LOCAL,MEDIUM,130.6,26.7,10.3,90.0,1.4,1,3.4,2,90.7,90.6,1,EVENING,WEEKDAY,17.1
PASSENGER,MEDIUM,55.9,78.7,21.2,100.0,0.6,4,4.8,2,10.0,6.2,1,AFTERNOON,WEEKDAY,19.6
EXPRESS,HIGH,121.9,45.9,109.1,120.0,2.9,0,0.0,1,10.0,3.2,0,AFTERNOON,WEEKDAY,4.0
PASSENGER,MEDIUM,126.6,82.0,95.5,100.0,5.2,3,4.6,2,56.8,55.4,0,AFTERNOON,WEEKDAY,15.7
LOCAL,HIGH,75.5,15.2,25.6,90.0,0.1,1,4.7,1,79.7,81.1,2,MORNING,WEEKDAY,12.7
PASSENGER,MEDIUM,171.8,7.6,28.9,110.0,5.6,0,0.0,2,47.5,49.6,1,EVENING,WEEKEND,15.1
PASSENGER,MEDIUM,67.4,50.8,1.9,100.0,0.0,1,2.4,3,98.0,93.6,1,EVENING,WEEKDAY,18.5
PASSENGER,HIGH,56.0,21.7,3.8,100.0,0.0,1,3.5,1,97.8,93.4,2,EVENING,WEEKDAY,12.7
EXPRESS,HIGH,102.4,85.1,7.6,140.0,0.0,0,0.0,3,54.5,44.1,2,EVENING,WEEKDAY,18.0
EXPRESS,HIGH,52.1,60.9,36.0,110.0,1.4,3,4.1,3,23.4,21.2,1,NIGHT,WEEKDAY,15.2
LOCAL,LOW,67.7,18.0,79.2,80.0,0.1,1,2.4,1,56.2,51.1,0,MORNING,WEEKEND,5.8
PASSENGER,MEDIUM,43.7,38.3,29.4,100.0,0.0,0,0.0,1,55.3,64.5,1,AFTERNOON,WEEKEND,10.0
PASSENGER,MEDIUM,106.8,68.5,2.7,100.0,1.2,4,4.2,3,89.3,88.2,1,MORNING,WEEKDAY,25.7
LOCAL,MEDIUM,57.4,37.3,81.9,90.0,2.9,2,3.3,1,12.3,16.0,0,MORNING,WEEKEND,5.6
EXPRESS,HIGH,140.4,6.2,42.9,130.0,6.0,1,2.3,2,57.7,50.3,1,MORNING,WEEKDAY,15.0
EXPRESS,HIGH,98.7,70.5,78.1,120.0,0.0,3,3.8,3,98.0,94.4,0,MORNING,WEEKDAY,14.3
LOCAL,LOW,176.8,5.2,1.1,80.0,0.0,1,4.4,2,16.0,12.9,1,AFTERNOON,WEEKDAY,10.8
PASSENGER,MEDIUM,69.6,17.2,19.9,100.0,0.0,1,2.6,2,98.0,85.0,1,EVENING,WEEKDAY,14.7
LOCAL,MEDIUM,69.8,29.7,19.4,80.0,2.4,1,4.2,2,29.4,30.3,1,AFTERNOON,WEEKDAY,12.8
LOCAL,MEDIUM,46.4,32.5,89.0,90.0,0.0,0,0.0,1,56.6,56.1,0,EVENING,WEEKEND,3.4
PASSENGER,MEDIUM,97.9,93.0,32.6,100.0,6.0,4,2.7,3,33.6,23.1,1,MORNING,WEEKDAY,21.9
EXPRESS,HIGH,175.8,23.3,82.8,120.0,11.0,0,0.0,3,85.6,77.5,0,MORNING,WEEKDAY,19.7
EXPRESS,MEDIUM,134.6,78.0,105.7,120.0,1.9,3,3.3,2,24.8,28.1,0,AFTERNOON,WEEKEND,8.2
PASSENGER,LOW,179.7,44.4,88.7,110.0,5.0,2,4.3,1,17.1,20.4,0,EVENING,WEEKEND,10.8
PASSENGER,MEDIUM,81.1,5.2,109.6,110.0,1.6,0,0.0,2,35.7,32.5,0,NIGHT,WEEKDAY,5.6
LOCAL,MEDIUM,164.2,46.2,1.5,80.0,0.0,1,4.2,1,97.1,90.0,2,MORNING,WEEKDAY,20.7
EXPRESS,HIGH,105.2,65.2,90.1,110.0,2.1,2,3.2,1,10.0,20.0,0,NIGHT,WEEKDAY,3.6
PASSENGER,MEDIUM,81.3,27.1,18.9,100.0,0.0,0,0.0,3,84.6,82.8,1,EVENING,WEEKDAY,16.5
PASSENGER,MEDIUM,175.5,62.4,92.3,100.0,3.2,0,0.0,1,10.0,15.5,0,AFTERNOON,WEEKDAY,3.6
EXPRESS,HIGH,45.2,86.7,100.1,110.0,1.1,4,1.9,2,43.7,36.0,0,EVENING,WEEKEND,5.1
PASSENGER,HIGH,132.4,67.4,76.3,100.0,0.0,3,3.8,1,25.3,30.0,0,EVENING,WEEKEND,5.6
PASSENGER,MEDIUM,46.9,36.3,87.7,100.0,0.4,0,0.0,1,29.1,34.9,0,MORNING,WEEKDAY,5.1
EXPRESS,MEDIUM,69.0,38.5,30.9,110.0,0.8,0,0.0,3,45.4,47.0,1,MORNING,WEEKDAY,14.0
EXPRESS,HIGH,38.3,71.3,109.0,120.0,4.6,0,0.0,1,19.0,9.7,0,AFTERNOON,WEEKEND,6.3
PASSENGER,MEDIUM,143.2,18.3,27.0,110.0,4.3,1,2.0,1,89.6,82.1,1,EVENING,WEEKDAY,17.9
PASSENGER,MEDIUM,131.6,64.5,24.0,110.0,1.5,0,0.0,1,89.8,88.3,1,MORNING,WEEKDAY,16.6
PASSENGER,MEDIUM,45.2,38.7,4.4,110.0,0.0,1,2.4,2,54.7,62.1,1,EVENING,WEEKEND,11.7
EXPRESS,MEDIUM,121.6,64.0,139.9,140.0,7.6,4,2.5,1,59.1,50.9,0,MORNING,WEEKDAY,13.0
EXPRESS,HIGH,97.6,69.9,42.1,120.0,0.0,3,4.4,4,98.0,92.3,1,MORNING,WEEKDAY,21.2
LOCAL,MEDIUM,119.9,17.0,74.0,90.0,2.0,0,0.0,1,46.9,51.3,0,AFTERNOON,WEEKEND,5.5
LOCAL,HIGH,171.0,11.2,70.3,80.0,7.3,0,0.0,1,45.7,41.5,0,AFTERNOON,WEEKDAY,8.2
PASSENGER,MEDIUM,104.5,86.3,85.9,110.0,0.0,3,1.8,1,59.2,55.1,0,AFTERNOON,WEEKEND,5.0
PASSENGER,MEDIUM,114.6,6.5,88.6,100.0,1.0,1,4.1,1,33.2,34.6,0,MORNING,WEEKEND,5.2
LOCAL,MEDIUM,160.2,59.5,76.7,80.0,1.0,1,2.8,1,51.0,49.1,0,AFTERNOON,WEEKDAY,5.4
EXPRESS,HIGH,98.8,23.7,107.9,130.0,0.0,0,0.0,4,38.7,31.1,0,MORNING,WEEKDAY,8.9
EXPRESS,MEDIUM,169.3,50.8,54.6,130.0,3.5,0,0.0,2,18.3,19.8,2,NIGHT,WEEKDAY,16.7
PASSENGER,MEDIUM,170.7,69.9,41.1,100.0,0.7,2,2.5,3,61.1,56.5,2,MORNING,WEEKDAY,19.7
PASSENGER,MEDIUM,149.0,79.8,20.3,100.0,0.3,2,4.1,1,83.0,76.7,1,EVENING,WEEKDAY,19.3
PASSENGER,MEDIUM,146.4,75.4,3.8,110.0,0.0,1,2.6,2,36.5,43.0,1,AFTERNOON,WEEKDAY,12.7
PASSENGER,LOW,125.1,29.7,42.0,100.0,6.5,0,0.0,2,55.2,62.6,1,EVENING,WEEKEND,20.0
PASSENGER,HIGH,73.8,64.3,24.9,110.0,10.0,4,3.6,2,77.3,65.1,1,MORNING,WEEKDAY,27.2
LOCAL,MEDIUM,108.7,56.8,75.9,90.0,6.1,2,3.9,1,39.1,33.5,0,AFTERNOON,WEEKEND,11.3
EXPRESS,HIGH,157.5,43.9,109.9,130.0,11.5,1,2.5,2,31.9,26.8,0,MORNING,WEEKEND,14.4
FREIGHT,LOW,146.7,87.2,17.8,65.0,0.6,2,3.2,3,69.5,68.1,1,MORNING,WEEKDAY,23.3
EXPRESS,HIGH,95.4,44.3,52.5,130.0,2.3,1,2.1,2,68.6,59.7,2,EVENING,WEEKDAY,15.1
EXPRESS,HIGH,105.9,7.0,23.9,140.0,0.8,1,3.2,3,90.1,90.0,1,MORNING,WEEKDAY,13.4
PASSENGER,MEDIUM,69.8,10.4,83.9,110.0,0.7,1,4.3,2,78.0,80.4,0,EVENING,WEEKDAY,11.2
EXPRESS,HIGH,160.5,16.7,59.6,140.0,4.2,1,2.6,2,57.4,52.8,3,EVENING,WEEKDAY,18.0
LOCAL,MEDIUM,97.9,72.8,10.5,90.0,0.0,3,2.6,2,65.9,56.4,1,AFTERNOON,WEEKDAY,15.1
EXPRESS,HIGH,50.6,7.2,119.2,120.0,0.9,1,2.1,3,47.7,39.1,0,AFTERNOON,WEEKDAY,4.9
PASSENGER,MEDIUM,111.3,49.5,25.0,100.0,0.0,2,4.5,2,38.6,44.6,1,EVENING,WEEKEND,13.4
LOCAL,LOW,49.3,50.3,87.0,90.0,0.1,0,0.0,2,22.6,26.9,0,EVENING,WEEKEND,2.2
LOCAL,MEDIUM,100.6,61.4,27.1,90.0,0.0,0,0.0,1,54.6,58.3,1,AFTERNOON,WEEKDAY,10.4
EXPRESS,HIGH,171.7,43.5,103.5,140.0,4.3,0,0.0,1,77.4,69.4,0,AFTERNOON,WEEKDAY,9.7
LOCAL,MEDIUM,74.2,83.5,70.1,90.0,0.1,1,2.7,1,17.6,20.8,0,AFTERNOON,WEEKDAY,2.7
EXPRESS,HIGH,98.9,45.3,85.2,110.0,1.2,3,2.1,1,37.3,43.3,0,AFTERNOON,WEEKDAY,2.9
EXPRESS,HIGH,153.2,79.8,116.2,120.0,0.0,0,0.0,1,53.6,55.8,0,MORNING,WEEKEND,2.2
PASSENGER,MEDIUM,179.6,7.2,14.9,100.0,0.7,0,0.0,2,91.9,86.7,1,MORNING,WEEKDAY,13.8
EXPRESS,HIGH,165.5,11.6,114.6,120.0,1.4,1,2.2,1,36.3,46.8,0,EVENING,WEEKEND,2.5
EXPRESS,HIGH,178.3,72.2,2.7,130.0,0.0,2,3.7,3,57.9,59.4,3,EVENING,WEEKDAY,20.5
LOCAL,MEDIUM,127.9,6.8,79.7,80.0,0.0,0,0.0,1,52.5,54.0,0,AFTERNOON,WEEKDAY,3.3
EXPRESS,HIGH,92.2,45.8,98.0,120.0,1.7,3,1.8,1,36.0,25.7,0,MORNING,WEEKDAY,5.6
LOCAL,LOW,115.7,79.9,4.4,80.0,0.2,0,0.0,1,76.6,67.9,1,EVENING,WEEKDAY,20.7
EXPRESS,HIGH,136.5,73.7,98.1,130.0,0.0,4,4.1,2,67.0,58.1,0,AFTERNOON,WEEKDAY,11.4
FREIGHT,LOW,118.1,87.4,10.3,65.0,0.0,1,2.1,2,43.0,36.6,1,AFTERNOON,WEEKEND,18.2
PASSENGER,MEDIUM,139.5,36.0,51.7,100.0,0.0,2,2.6,2,90.4,84.2,0,EVENING,WEEKDAY,10.6
FREIGHT,MEDIUM,156.0,16.8,1.8,75.0,0.1,0,0.0,3,61.1,57.0,1,MORNING,WEEKDAY,14.6
LOCAL,LOW,44.6,50.5,33.5,80.0,10.5,1,2.1,3,56.6,55.5,1,EVENING,WEEKDAY,27.9
EXPRESS,HIGH,140.0,18.7,28.2,110.0,1.3,1,3.3,3,98.0,93.1,3,EVENING,WEEKDAY,19.3
LOCAL,MEDIUM,36.1,37.8,71.6,90.0,0.0,1,1.5,1,41.5,44.1,0,EVENING,WEEKEND,4.9
EXPRESS,HIGH,148.0,93.8,109.9,130.0,3.2,0,0.0,1,49.0,49.1,0,AFTERNOON,WEEKDAY,6.7
LOCAL,LOW,159.7,32.4,27.5,90.0,0.0,2,2.8,3,93.3,84.0,1,EVENING,WEEKDAY,21.1
EXPRESS,HIGH,100.0,65.8,47.1,110.0,0.0,1,3.0,1,90.0,80.4,2,MORNING,WEEKEND,12.5
FREIGHT,LOW,34.7,83.9,30.6,75.0,0.0,3,4.8,2,66.1,72.2,1,MORNING,WEEKDAY,26.2
PASSENGER,MEDIUM,33.3,34.3,44.0,100.0,3.6,2,4.2,2,15.9,27.0,2,AFTERNOON,WEEKDAY,18.3
LOCAL,MEDIUM,63.9,68.3,33.8,90.0,0.6,2,2.6,2,65.6,71.1,2,MORNING,WEEKEND,18.0
EXPRESS,HIGH,178.4,8.5,113.2,140.0,0.0,0,0.0,1,12.2,15.5,0,AFTERNOON,WEEKEND,0.8
PASSENGER,MEDIUM,150.8,15.2,39.1,100.0,0.0,1,4.3,2,82.3,81.9,1,EVENING,WEEKDAY,15.1
FREIGHT,MEDIUM,156.7,27.8,53.0,65.0,4.6,0,0.0,2,73.3,76.9,0,AFTERNOON,WEEKEND,11.7
EXPRESS,HIGH,90.1,36.5,31.7,130.0,0.0,1,2.3,2,32.7,30.4,1,AFTERNOON,WEEKDAY,7.2
FREIGHT,MEDIUM,137.8,88.1,5.6,75.0,0.0,3,4.6,2,65.5,61.6,3,MORNING,WEEKDAY,29.2
EXPRESS,MEDIUM,81.4,89.2,89.4,130.0,4.2,4,2.6,1,74.5,71.6,0,EVENING,WEEKEND,11.1
LOCAL,LOW,70.2,39.1,26.8,90.0,0.0,1,1.8,4,67.7,65.8,1,MORNING,WEEKDAY,21.5
EXPRESS,HIGH,30.7,88.3,49.8,120.0,15.1,4,2.1,1,25.7,12.2,1,AFTERNOON,WEEKDAY,22.1
LOCAL,MEDIUM,145.5,83.7,1.5,90.0,0.8,2,2.7,2,33.6,27.4,1,NIGHT,WEEKEND,15.0
EXPRESS,MEDIUM,120.9,18.4,34.8,130.0,0.0,0,0.0,2,80.0,76.3,1,EVENING,WEEKDAY,12.4
FREIGHT,LOW,137.3,57.8,44.4,75.0,0.1,0,0.0,3,94.3,86.2,0,EVENING,WEEKDAY,15.7
PASSENGER,MEDIUM,78.2,73.9,79.1,100.0,0.0,2,2.7,1,20.1,11.6,0,NIGHT,WEEKDAY,1.9
EXPRESS,HIGH,141.3,63.0,120.1,130.0,1.6,2,4.1,1,57.6,55.5,0,MORNING,WEEKEND,7.2
EXPRESS,HIGH,150.3,28.7,100.1,120.0,12.6,0,0.0,1,10.0,6.1,0,MORNING,WEEKEND,13.7
LOCAL,LOW,81.0,71.4,70.7,80.0,2.8,0,0.0,1,25.1,36.9,0,AFTERNOON,WEEKDAY,6.7
FREIGHT,LOW,168.8,74.0,72.1,75.0,4.0,4,2.7,1,37.0,32.2,0,NIGHT,WEEKEND,8.1
LOCAL,LOW,143.0,74.0,69.8,80.0,1.0,1,4.6,1,15.3,22.7,0,AFTERNOON,WEEKDAY,5.3
PASSENGER,MEDIUM,52.7,5.8,87.2,100.0,0.0,1,2.8,2,45.1,40.5,0,EVENING,WEEKDAY,7.4
EXPRESS,MEDIUM,50.5,25.3,105.0,110.0,12.2,1,4.2,2,10.0,3.6,0,AFTERNOON,WEEKDAY,15.8
EXPRESS,HIGH,72.8,37.1,13.3,140.0,8.6,2,2.0,1,93.9,84.3,3,EVENING,WEEKDAY,24.7
PASSENGER,MEDIUM,106.6,61.3,38.3,100.0,0.5,2,3.2,1,62.0,58.4,1,MORNING,WEEKEND,12.4
EXPRESS,HIGH,114.0,6.8,128.9,130.0,1.8,0,0.0,2,18.4,14.7,0,MORNING,WEEKEND,3.3
PASSENGER,HIGH,88.8,93.9,24.0,100.0,2.1,2,4.1,2,59.9,64.1,2,NIGHT,WEEKDAY,19.7
EXPRESS,HIGH,103.8,81.5,16.6,130.0,0.7,4,3.6,1,42.3,50.4,1,MORNING,WEEKEND,15.3
PASSENGER,MEDIUM,121.6,16.8,97.2,100.0,0.8,0,0.0,1,33.7,27.3,0,AFTERNOON,WEEKDAY,2.9
LOCAL,MEDIUM,96.0,71.1,78.7,80.0,0.0,4,4.4,2,43.3,37.9,0,EVENING,WEEKDAY,12.0
EXPRESS,MEDIUM,93.1,27.7,35.2,130.0,12.9,1,4.2,2,62.0,53.9,3,EVENING,WEEKDAY,34.4
FREIGHT,LOW,49.7,89.4,5.0,65.0,1.8,5,1.9,2,91.7,80.9,3,MORNING,WEEKDAY,36.9
PASSENGER,MEDIUM,107.4,15.1,13.6,110.0,0.0,0,0.0,3,39.9,41.7,1,AFTERNOON,WEEKEND,10.8
PASSENGER,MEDIUM,79.5,29.2,91.2,110.0,5.2,1,2.2,1,73.9,66.0,0,NIGHT,WEEKEND,11.3
PASSENGER,MEDIUM,53.5,5.6,85.9,100.0,3.9,1,4.0,1,48.8,40.9,0,EVENING,WEEKEND,7.1
FREIGHT,LOW,56.2,77.6,55.0,65.0,4.1,4,4.7,1,27.0,26.4,0,NIGHT,WEEKEND,14.5
FREIGHT,LOW,65.4,91.5,60.1,75.0,0.9,5,2.6,1,15.7,17.6,0,MORNING,WEEKEND,4.6
PASSENGER,HIGH,95.1,44.7,15.3,110.0,1.5,1,3.7,2,20.5,21.8,1,MORNING,WEEKEND,10.4
LOCAL,MEDIUM,134.2,54.0,25.1,80.0,5.9,2,2.4,1,20.8,27.1,1,AFTERNOON,WEEKEND,14.7
EXPRESS,HIGH,100.2,82.2,127.8,130.0,0.0,2,2.9,1,30.6,26.6,0,MORNING,WEEKEND,0.0
PASSENGER,MEDIUM,178.0,41.3,84.6,100.0,0.4,0,0.0,1,66.4,64.3,0,EVENING,WEEKDAY,6.1
EXPRESS,HIGH,84.7,78.3,28.8,110.0,0.0,3,2.6,2,95.6,89.4,1,EVENING,WEEKDAY,14.7
EXPRESS,HIGH,89.4,51.7,93.0,110.0,3.5,3,3.8,1,25.6,20.2,0,NIGHT,WEEKDAY,7.5
EXPRESS,HIGH,90.0,68.4,102.4,110.0,10.0,0,0.0,1,26.1,15.9,0,AFTERNOON,WEEKDAY,11.2
EXPRESS,HIGH,43.5,74.3,103.6,130.0,0.0,4,4.1,1,61.9,61.2,0,EVENING,WEEKEND,8.6
PASSENGER,MEDIUM,155.6,80.5,86.4,110.0,10.7,4,2.0,1,66.1,63.9,0,MORNING,WEEKDAY,18.9
EXPRESS,HIGH,41.0,88.1,125.5,140.0,1.3,1,4.6,1,35.0,39.0,0,EVENING,WEEKEND,6.0
EXPRESS,HIGH,177.1,75.3,59.6,140.0,0.0,1,2.0,3,72.6,69.7,1,EVENING,WEEKDAY,15.0
PASSENGER,MEDIUM,72.7,32.7,101.5,110.0,3.1,0,0.0,1,43.6,39.2,0,EVENING,WEEKDAY,8.0
LOCAL,LOW,175.8,84.1,7.2,80.0,0.7,4,4.2,3,43.5,37.7,3,MORNING,WEEKDAY,36.5
LOCAL,LOW,42.2,38.1,61.5,80.0,0.0,2,2.0,1,71.6,58.5,0,MORNING,WEEKDAY,9.0
FREIGHT,LOW,122.2,55.6,57.9,75.0,1.7,1,1.5,3,52.3,48.4,0,MORNING,WEEKDAY,13.2
LOCAL,MEDIUM,104.8,55.4,34.3,90.0,1.9,3,2.3,4,69.7,61.8,1,MORNING,WEEKDAY,18.9
FREIGHT,LOW,85.2,29.2,23.1,65.0,3.0,1,2.9,2,53.0,54.3,2,MORNING,WEEKDAY,23.6
EXPRESS,HIGH,86.7,34.3,52.3,120.0,0.8,2,2.4,3,24.9,19.4,1,EVENING,WEEKDAY,10.1
EXPRESS,HIGH,41.7,90.1,19.1,110.0,1.5,4,3.0,1,48.9,43.5,1,AFTERNOON,WEEKEND,14.7
PASSENGER,MEDIUM,144.5,12.5,94.5,100.0,0.0,0,0.0,3,40.3,30.7,0,MORNING,WEEKDAY,7.3
EXPRESS,HIGH,54.7,10.3,93.1,120.0,8.3,0,0.0,2,49.2,41.9,0,MORNING,WEEKDAY,14.5
EXPRESS,HIGH,66.8,38.9,2.3,140.0,1.2,2,4.0,2,48.6,45.0,2,MORNING,WEEKDAY,16.3
PASSENGER,MEDIUM,67.4,90.9,15.1,100.0,0.0,0,0.0,2,74.4,78.1,1,AFTERNOON,WEEKEND,16.8
PASSENGER,MEDIUM,140.5,11.5,89.6,100.0,1.4,1,3.6,1,69.5,66.4,0,EVENING,WEEKDAY,9.0
PASSENGER,MEDIUM,94.3,51.8,28.0,110.0,6.7,1,4.2,3,93.5,90.9,1,MORNING,WEEKDAY,26.3
FREIGHT,LOW,167.6,31.7,67.4,75.0,6.0,0,0.0,2,10.0,6.2,0,EVENING,WEEKEND,8.7
EXPRESS,HIGH,149.8,65.2,82.9,120.0,1.2,1,4.7,3,98.0,93.8,0,EVENING,WEEKDAY,13.5
EXPRESS,HIGH,46.3,22.2,57.8,140.0,8.4,1,3.0,2,70.2,67.8,1,EVENING,WEEKDAY,19.0
EXPRESS,HIGH,146.5,70.5,32.5,110.0,0.0,2,1.8,1,78.8,74.0,1,MORNING,WEEKDAY,11.6
EXPRESS,HIGH,73.4,22.1,130.9,140.0,2.3,1,4.6,1,60.1,50.5,0,MORNING,WEEKDAY,7.6
LOCAL,MEDIUM,160.3,82.0,4.7,80.0,0.0,5,4.3,2,78.0,76.8,2,EVENING,WEEKDAY,30.2
FREIGHT,LOW,31.7,64.5,73.9,75.0,4.8,4,1.7,1,14.3,14.2,0,AFTERNOON,WEEKDAY,4.8
EXPRESS,HIGH,137.2,58.5,110.9,130.0,4.4,2,2.1,1,21.0,29.7,0,MORNING,WEEKEND,6.0
EXPRESS,HIGH,158.7,66.4,36.6,140.0,0.0,0,0.0,2,96.1,86.0,2,MORNING,WEEKDAY,16.9
EXPRESS,HIGH,75.3,67.3,16.9,110.0,0.3,4,4.7,2,40.9,44.0,1,AFTERNOON,WEEKDAY,17.7
EXPRESS,HIGH,37.8,41.3,33.9,140.0,0.0,0,0.0,4,43.3,40.7,2,EVENING,WEEKDAY,16.6
LOCAL,MEDIUM,154.4,34.1,88.7,90.0,0.0,0,0.0,1,60.0,55.5,0,EVENING,WEEKDAY,5.9
PASSENGER,MEDIUM,105.8,68.2,63.6,110.0,0.0,0,0.0,1,72.7,64.9,0,MORNING,WEEKDAY,9.6
EXPRESS,HIGH,84.7,25.9,2.2,140.0,0.0,1,4.3,3,73.4,66.0,2,MORNING,WEEKEND,14.2
PASSENGER,MEDIUM,67.7,58.9,31.4,100.0,0.8,3,2.9,2,64.0,58.5,1,EVENING,WEEKEND,15.8
EXPRESS,MEDIUM,131.1,67.0,108.7,130.0,1.2,4,4.2,2,18.3,11.9,0,NIGHT,WEEKDAY,10.9
EXPRESS,HIGH,127.2,32.4,33.3,120.0,11.3,0,0.0,1,69.7,62.7,1,MORNING,WEEKDAY,20.3
PASSENGER,MEDIUM,66.5,41.0,93.8,110.0,0.0,1,4.3,1,10.0,15.8,0,AFTERNOON,WEEKDAY,2.5
FREIGHT,LOW,93.2,56.8,8.1,75.0,0.0,2,1.6,2,80.0,69.9,2,EVENING,WEEKDAY,25.4
LOCAL,MEDIUM,131.8,25.2,80.0,90.0,1.7,1,2.7,2,48.7,55.7,0,AFTERNOON,WEEKDAY,7.1
PASSENGER,MEDIUM,92.7,39.6,13.1,110.0,4.0,1,2.0,2,19.2,18.8,1,AFTERNOON,WEEKDAY,13.9
EXPRESS,HIGH,35.3,13.2,39.3,140.0,0.0,0,0.0,3,32.7,30.4,1,EVENING,WEEKDAY,8.7
PASSENGER,LOW,96.8,92.2,15.3,110.0,0.3,1,2.5,3,71.4,60.8,1,MORNING,WEEKDAY,23.6
LOCAL,MEDIUM,177.7,62.2,46.6,90.0,0.0,3,3.1,2,98.0,89.4,0,MORNING,WEEKDAY,14.0
EXPRESS,HIGH,57.1,35.5,16.2,140.0,1.0,1,2.2,2,96.6,92.2,1,MORNING,WEEKDAY,12.9
PASSENGER,MEDIUM,72.6,61.7,103.2,110.0,2.7,3,4.4,3,48.5,42.9,0,MORNING,WEEKDAY,15.9
PASSENGER,MEDIUM,34.6,92.3,8.3,100.0,0.0,5,3.1,3,73.0,68.7,2,EVENING,WEEKDAY,26.8
PASSENGER,MEDIUM,141.0,89.5,17.2,110.0,0.6,5,3.7,2,98.0,96.6,1,MORNING,WEEKDAY,25.5
LOCAL,MEDIUM,159.2,75.6,74.7,90.0,4.3,2,3.7,1,21.6,17.7,0,NIGHT,WEEKDAY,8.4
PASSENGER,MEDIUM,113.3,36.0,26.1,110.0,0.0,2,2.5,2,10.4,2.4,1,EVENING,WEEKEND,7.8
PASSENGER,MEDIUM,38.4,93.0,98.1,100.0,1.1,0,0.0,1,32.6,28.3,0,EVENING,WEEKEND,1.3
PASSENGER,MEDIUM,168.3,40.1,86.3,100.0,2.2,2,3.7,3,57.6,47.7,0,MORNING,WEEKDAY,12.0
PASSENGER,MEDIUM,50.6,52.6,9.0,100.0,7.4,1,2.1,1,92.1,86.7,1,MORNING,WEEKDAY,23.1
EXPRESS,HIGH,72.9,75.2,66.0,110.0,0.9,4,3.4,2,98.0,97.1,0,EVENING,WEEKDAY,13.9
EXPRESS,HIGH,65.6,33.8,17.0,110.0,0.6,1,2.9,3,56.2,48.0,2,EVENING,WEEKDAY,13.7
FREIGHT,LOW,71.5,78.3,60.1,75.0,0.0,0,0.0,1,19.9,24.3,0,EVENING,WEEKEND,2.9
LOCAL,MEDIUM,52.3,84.7,78.3,80.0,4.2,5,2.8,1,40.1,34.3,0,NIGHT,WEEKDAY,7.9
PASSENGER,HIGH,153.7,79.7,23.9,100.0,0.0,5,2.1,2,92.1,73.9,1,MORNING,WEEKDAY,14.8
EXPRESS,HIGH,113.8,34.4,102.2,120.0,0.0,1,2.3,1,27.2,35.5,0,EVENING,WEEKEND,2.5
EXPRESS,HIGH,130.5,71.5,136.6,140.0,0.5,2,3.5,1,53.4,51.9,0,EVENING,WEEKEND,3.6
PASSENGER,MEDIUM,59.2,93.1,20.7,110.0,0.1,0,0.0,2,98.0,91.6,1,EVENING,WEEKDAY,20.3
EXPRESS,HIGH,62.1,87.1,14.9,130.0,5.0,2,3.5,2,56.1,55.1,1,AFTERNOON,WEEKDAY,19.2
PASSENGER,MEDIUM,68.3,47.5,38.4,110.0,0.0,2,4.1,2,79.8,73.9,2,EVENING,WEEKDAY,20.2
EXPRESS,HIGH,40.7,91.3,21.8,110.0,0.6,3,2.1,2,26.9,24.1,1,EVENING,WEEKEND,10.5
EXPRESS,HIGH,60.8,84.9,45.4,130.0,3.0,2,4.8,2,62.7,71.8,2,MORNING,WEEKEND,20.7
PASSENGER,MEDIUM,61.9,8.2,1.1,110.0,7.4,1,3.3,2,80.4,77.5,3,MORNING,WEEKDAY,29.0
FREIGHT,MEDIUM,41.0,33.3,62.8,75.0,1.2,0,0.0,1,49.7,49.4,0,NIGHT,WEEKDAY,5.1
PASSENGER,MEDIUM,82.8,32.2,10.3,110.0,0.0,2,1.7,3,95.9,92.2,1,MORNING,WEEKDAY,18.0
PASSENGER,HIGH,68.1,93.6,0.7,110.0,0.0,0,0.0,2,53.6,49.7,1,AFTERNOON,WEEKDAY,13.9
LOCAL,LOW,132.1,38.4,29.6,90.0,0.0,1,1.9,1,98.0,94.9,2,EVENING,WEEKDAY,23.8
PASSENGER,HIGH,41.5,57.7,94.3,110.0,0.0,2,1.5,1,10.6,6.5,0,NIGHT,WEEKEND,0.0
PASSENGER,MEDIUM,38.3,92.7,92.7,110.0,1.9,0,0.0,1,45.7,53.5,0,MORNING,WEEKEND,6.2
LOCAL,LOW,135.5,62.7,79.6,80.0,0.0,1,4.0,1,43.4,40.9,0,EVENING,WEEKEND,6.0
FREIGHT,LOW,67.1,84.9,23.5,75.0,2.7,2,2.0,2,34.9,27.9,1,EVENING,WEEKDAY,18.5
PASSENGER,MEDIUM,44.1,5.1,84.7,100.0,0.2,0,0.0,1,46.3,54.7,0,NIGHT,WEEKDAY,3.0
EXPRESS,HIGH,51.9,65.6,3.2,130.0,1.4,4,3.6,2,85.5,81.7,3,EVENING,WEEKDAY,24.3
PASSENGER,HIGH,150.8,60.5,29.3,110.0,0.0,3,2.1,2,30.2,34.6,1,NIGHT,WEEKDAY,8.7
LOCAL,LOW,81.8,80.9,12.5,90.0,5.3,1,1.8,1,77.4,75.0,3,EVENING,WEEKEND,35.8
EXPRESS,HIGH,77.5,20.3,110.0,130.0,0.0,0,0.0,2,31.6,23.7,0,MORNING,WEEKDAY,4.7
EXPRESS,MEDIUM,152.9,66.5,112.4,140.0,4.9,4,4.9,3,57.4,52.9,0,EVENING,WEEKDAY,23.4
PASSENGER,MEDIUM,128.1,72.1,38.8,110.0,0.1,1,2.0,4,92.6,87.6,2,EVENING,WEEKDAY,24.4
LOCAL,MEDIUM,67.5,88.2,17.7,80.0,2.1,2,1.9,1,87.5,82.5,1,NIGHT,WEEKDAY,18.0
EXPRESS,MEDIUM,156.6,45.7,8.8,130.0,2.0,0,0.0,4,61.5,61.1,2,MORNING,WEEKDAY,23.2
PASSENGER,MEDIUM,121.5,91.4,82.1,100.0,0.0,3,4.8,1,28.4,31.2,0,AFTERNOON,WEEKEND,7.5
PASSENGER,MEDIUM,47.0,11.6,4.9,100.0,9.4,0,0.0,1,20.5,24.0,1,MORNING,WEEKEND,16.4
EXPRESS,HIGH,58.5,36.0,18.4,140.0,4.0,1,2.3,2,10.6,8.9,2,EVENING,WEEKEND,13.6
PASSENGER,MEDIUM,50.7,47.1,21.4,110.0,0.0,0,0.0,1,39.3,37.1,1,EVENING,WEEKEND,8.4
PASSENGER,MEDIUM,42.9,34.1,20.7,100.0,0.9,1,4.8,2,66.6,69.3,1,AFTERNOON,WEEKDAY,15.6
FREIGHT,LOW,179.4,18.3,19.7,75.0,4.6,0,0.0,2,68.2,59.7,1,MORNING,WEEKDAY,21.3
PASSENGER,MEDIUM,70.0,40.5,85.0,100.0,0.0,1,3.3,1,17.3,10.5,0,EVENING,WEEKEND,2.3
LOCAL,HIGH,52.2,73.5,72.5,90.0,0.0,2,2.7,1,58.3,64.8,0,AFTERNOON,WEEKDAY,5.5
EXPRESS,HIGH,98.1,6.2,34.4,110.0,0.0,0,0.0,3,84.9,80.9,1,MORNING,WEEKDAY,12.1
EXPRESS,HIGH,91.4,87.7,88.4,120.0,2.0,5,2.7,2,89.9,94.7,0,MORNING,WEEKEND,10.1
EXPRESS,HIGH,74.6,89.8,101.5,110.0,0.8,1,3.4,2,53.4,56.5,0,EVENING,WEEKDAY,7.0
EXPRESS,HIGH,134.7,5.1,33.6,110.0,0.0,1,5.0,1,26.7,28.4,1,AFTERNOON,WEEKDAY,5.9
EXPRESS,MEDIUM,111.1,74.4,56.2,130.0,5.0,1,4.2,2,90.7,79.9,1,EVENING,WEEKDAY,22.4
LOCAL,HIGH,140.6,70.2,30.5,80.0,0.2,1,2.4,3,51.4,55.4,1,NIGHT,WEEKDAY,11.4
LOCAL,MEDIUM,167.9,92.2,73.2,80.0,0.0,5,4.5,3,43.5,37.2,0,EVENING,WEEKDAY,16.3
EXPRESS,MEDIUM,51.1,93.6,26.9,140.0,0.0,0,0.0,2,79.9,71.8,2,EVENING,WEEKDAY,21.9
PASSENGER,MEDIUM,71.3,57.1,105.6,110.0,0.2,0,0.0,1,26.2,14.2,0,AFTERNOON,WEEKDAY,0.2
EXPRESS,MEDIUM,130.1,26.3,6.6,140.0,0.0,0,0.0,3,58.6,53.3,1,MORNING,WEEKDAY,14.8
EXPRESS,MEDIUM,172.4,76.6,88.7,110.0,2.1,1,1.8,3,40.4,33.9,0,MORNING,WEEKDAY,10.8
LOCAL,LOW,118.8,34.7,22.6,80.0,8.0,1,2.1,2,46.1,41.0,1,NIGHT,WEEKEND,20.6
EXPRESS,HIGH,106.8,14.4,10.7,120.0,0.0,0,0.0,1,57.5,64.5,1,AFTERNOON,WEEKDAY,5.8
EXPRESS,MEDIUM,100.9,73.4,26.4,120.0,0.0,0,0.0,3,83.1,76.5,1,EVENING,WEEKDAY,18.1
EXPRESS,HIGH,97.7,64.8,95.3,110.0,0.9,1,2.9,1,36.0,46.7,0,AFTERNOON,WEEKDAY,3.6
LOCAL,MEDIUM,134.8,28.9,69.2,90.0,4.3,1,3.1,1,48.3,50.9,0,MORNING,WEEKEND,9.3
EXPRESS,HIGH,30.9,42.0,126.3,130.0,6.2,0,0.0,1,57.9,57.8,0,NIGHT,WEEKDAY,8.7
PASSENGER,HIGH,136.8,67.3,104.4,110.0,0.0,4,4.0,1,60.9,57.6,0,AFTERNOON,WEEKDAY,7.2
LOCAL,MEDIUM,129.1,67.7,34.8,80.0,0.0,2,3.9,2,43.8,34.9,1,MORNING,WEEKDAY,14.8
EXPRESS,HIGH,58.9,49.6,36.7,110.0,1.8,1,3.1,3,97.2,90.8,1,MORNING,WEEKDAY,16.3
PASSENGER,HIGH,107.4,26.6,10.9,100.0,0.0,0,0.0,2,37.9,36.8,1,MORNING,WEEKEND,8.0
LOCAL,MEDIUM,147.6,59.0,37.1,90.0,2.3,3,4.9,1,87.4,89.3,2,EVENING,WEEKDAY,26.3
PASSENGER,MEDIUM,156.3,40.8,89.1,100.0,4.9,2,3.0,2,11.3,10.5,0,EVENING,WEEKEND,7.4
FREIGHT,LOW,55.1,46.8,61.4,65.0,1.9,2,3.8,1,59.8,55.8,0,EVENING,WEEKEND,10.6
EXPRESS,HIGH,90.6,75.3,45.7,120.0,2.6,5,4.8,2,57.2,49.8,1,EVENING,WEEKDAY,24.4
EXPRESS,MEDIUM,41.8,11.7,1.0,110.0,2.4,0,0.0,2,56.4,55.2,1,MORNING,WEEKDAY,15.0
EXPRESS,HIGH,64.9,13.9,94.0,110.0,0.7,0,0.0,1,39.9,41.2,0,AFTERNOON,WEEKEND,3.3
EXPRESS,HIGH,73.0,91.7,100.9,110.0,9.9,1,3.9,1,65.0,69.2,0,AFTERNOON,WEEKDAY,14.2
EXPRESS,HIGH,172.8,68.5,38.2,140.0,7.9,3,1.7,3,84.4,74.9,2,EVENING,WEEKDAY,25.8
LOCAL,MEDIUM,54.7,80.9,69.7,80.0,4.2,5,2.5,1,10.0,11.5,0,AFTERNOON,WEEKDAY,4.9
EXPRESS,HIGH,143.3,48.5,112.5,120.0,0.0,2,2.3,1,60.2,67.6,0,AFTERNOON,WEEKDAY,2.7
LOCAL,LOW,114.6,91.1,86.7,90.0,0.0,2,4.9,2,68.7,66.6,0,MORNING,WEEKEND,12.0
LOCAL,MEDIUM,92.6,47.7,16.8,80.0,0.1,3,4.5,4,96.2,93.8,1,MORNING,WEEKDAY,24.3
EXPRESS,HIGH,64.7,20.2,15.0,120.0,0.0,1,4.7,2,65.3,63.9,1,AFTERNOON,WEEKDAY,9.3
PASSENGER,MEDIUM,137.6,13.5,92.5,110.0,1.3,1,1.8,3,24.2,34.8,0,NIGHT,WEEKDAY,5.5
PASSENGER,MEDIUM,161.0,86.5,108.2,110.0,0.3,4,1.7,3,62.3,54.5,0,EVENING,WEEKDAY,10.3
PASSENGER,HIGH,50.4,31.2,1.2,100.0,2.5,1,2.8,1,58.2,45.0,1,EVENING,WEEKEND,10.8
PASSENGER,MEDIUM,76.4,94.9,99.2,100.0,0.0,2,4.3,1,10.5,8.4,0,AFTERNOON,WEEKEND,1.0
FREIGHT,LOW,38.9,38.4,50.8,75.0,0.0,2,2.3,1,74.8,71.8,0,MORNING,WEEKDAY,10.9
EXPRESS,MEDIUM,132.3,78.5,121.1,130.0,1.6,2,3.0,1,23.7,30.2,0,AFTERNOON,WEEKDAY,5.2
EXPRESS,HIGH,84.1,27.1,55.0,120.0,12.5,1,3.7,1,92.3,87.7,0,MORNING,WEEKDAY,20.3
EXPRESS,HIGH,35.5,70.6,54.5,140.0,0.0,4,2.4,1,87.3,81.4,3,MORNING,WEEKDAY,16.6
FREIGHT,LOW,48.0,33.5,31.2,75.0,0.0,1,4.3,3,84.9,79.8,2,MORNING,WEEKDAY,26.4
PASSENGER,MEDIUM,93.5,41.0,84.4,110.0,1.3,2,4.2,1,48.1,49.7,0,EVENING,WEEKEND,7.8
EXPRESS,HIGH,49.9,56.5,28.0,140.0,1.2,1,2.0,3,72.3,68.8,2,EVENING,WEEKDAY,17.8
PASSENGER,MEDIUM,101.7,62.8,54.0,100.0,0.0,2,4.1,1,89.6,80.5,0,MORNING,WEEKDAY,13.0
EXPRESS,HIGH,131.6,16.5,58.2,120.0,3.0,1,3.2,2,76.3,69.5,0,MORNING,WEEKDAY,10.9
PASSENGER,MEDIUM,71.7,6.7,4.6,100.0,0.0,1,3.5,3,81.2,76.5,1,MORNING,WEEKDAY,15.3
PASSENGER,MEDIUM,80.2,13.9,29.4,110.0,0.0,0,0.0,3,94.9,86.3,1,MORNING,WEEKDAY,15.3
PASSENGER,MEDIUM,51.5,67.0,10.1,110.0,1.9,1,4.2,2,72.1,63.1,2,EVENING,WEEKDAY,23.6
EXPRESS,HIGH,120.4,50.4,32.2,130.0,1.2,1,2.0,2,88.2,78.1,1,EVENING,WEEKDAY,13.8
EXPRESS,MEDIUM,80.9,20.7,87.2,110.0,4.5,0,0.0,1,23.8,22.4,0,AFTERNOON,WEEKDAY,6.9
PASSENGER,MEDIUM,75.7,8.5,86.5,100.0,1.3,1,3.9,3,31.3,26.2,0,EVENING,WEEKDAY,8.6
EXPRESS,HIGH,121.6,59.7,41.3,120.0,0.0,0,0.0,2,74.6,73.2,1,AFTERNOON,WEEKDAY,11.2
FREIGHT,LOW,121.8,60.2,72.6,75.0,0.4,1,3.8,1,13.0,19.1,0,AFTERNOON,WEEKDAY,1.4
EXPRESS,HIGH,132.3,58.2,123.7,140.0,3.6,3,4.8,1,25.6,22.4,0,AFTERNOON,WEEKEND,11.0
EXPRESS,MEDIUM,155.2,11.3,41.2,140.0,5.8,0,0.0,3,73.8,71.0,1,EVENING,WEEKDAY,21.2
EXPRESS,HIGH,73.0,73.9,107.4,130.0,0.0,4,3.3,1,46.7,45.6,0,EVENING,WEEKEND,4.4
LOCAL,MEDIUM,99.3,42.7,20.2,80.0,0.0,0,0.0,2,73.6,73.2,2,MORNING,WEEKDAY,18.2
EXPRESS,MEDIUM,86.4,25.4,21.9,140.0,8.6,0,0.0,2,73.0,73.0,1,EVENING,WEEKDAY,23.3
EXPRESS,HIGH,157.3,28.4,62.5,140.0,0.0,0,0.0,2,30.8,36.2,1,MORNING,WEEKEND,6.6
PASSENGER,MEDIUM,70.6,7.8,22.7,110.0,0.4,1,2.3,4,29.4,26.4,2,EVENING,WEEKDAY,15.9
EXPRESS,HIGH,136.7,55.1,104.7,110.0,0.0,2,4.2,1,52.3,50.5,0,EVENING,WEEKDAY,7.0
LOCAL,MEDIUM,131.7,61.1,9.1,80.0,5.4,1,4.5,2,93.7,86.6,1,EVENING,WEEKDAY,25.0
EXPRESS,HIGH,170.8,42.3,19.2,120.0,5.8,2,3.8,2,95.6,88.5,1,EVENING,WEEKDAY,21.0
EXPRESS,HIGH,55.1,62.1,41.2,120.0,6.4,1,4.6,2,66.9,69.8,1,MORNING,WEEKEND,18.1
LOCAL,LOW,124.4,33.1,73.2,80.0,3.9,2,2.7,1,31.1,29.7,0,NIGHT,WEEKDAY,7.1
PASSENGER,MEDIUM,57.2,81.6,76.8,100.0,1.2,1,2.1,1,39.3,32.7,0,AFTERNOON,WEEKDAY,5.0
EXPRESS,HIGH,118.2,70.0,114.5,120.0,2.9,3,2.0,1,11.8,9.3,0,AFTERNOON,WEEKEND,1.2
FREIGHT,LOW,114.9,81.9,27.2,75.0,1.1,1,2.2,2,63.7,56.7,1,EVENING,WEEKDAY,20.1
EXPRESS,HIGH,161.6,78.4,107.7,140.0,2.1,4,1.5,1,69.4,66.8,0,MORNING,WEEKEND,7.3
FREIGHT,MEDIUM,32.4,79.2,6.5,75.0,0.6,2,2.2,2,34.6,28.9,2,MORNING,WEEKEND,18.1
PASSENGER,MEDIUM,50.9,24.3,101.7,110.0,2.8,1,4.8,4,58.1,55.6,0,MORNING,WEEKDAY,15.3
EXPRESS,HIGH,35.4,15.2,62.6,110.0,7.7,0,0.0,4,71.2,61.3,0,MORNING,WEEKDAY,18.4
LOCAL,MEDIUM,137.0,49.8,23.5,80.0,3.7,1,4.3,3,74.7,69.1,2,MORNING,WEEKDAY,24.8
EXPRESS,HIGH,106.2,44.9,44.9,130.0,0.0,2,2.4,2,26.9,32.9,1,AFTERNOON,WEEKEND,7.3
PASSENGER,MEDIUM,148.6,28.2,41.2,100.0,0.0,1,3.5,1,90.0,89.3,2,NIGHT,WEEKDAY,15.1
FREIGHT,LOW,176.9,66.7,34.2,65.0,0.0,3,3.0,3,80.0,72.2,0,MORNING,WEEKDAY,16.3
PASSENGER,MEDIUM,101.0,21.1,73.0,110.0,0.0,1,3.2,2,73.8,70.9,0,MORNING,WEEKDAY,8.6
PASSENGER,MEDIUM,115.9,81.7,87.6,110.0,0.0,1,2.6,3,96.6,84.7,0,MORNING,WEEKDAY,12.6
PASSENGER,MEDIUM,60.8,52.7,7.2,100.0,0.0,0,0.0,2,47.9,46.9,2,AFTERNOON,WEEKEND,15.0
LOCAL,MEDIUM,164.6,51.3,29.4,80.0,1.8,1,2.6,3,80.9,80.6,1,EVENING,WEEKDAY,20.3
EXPRESS,HIGH,36.6,24.3,94.9,120.0,0.0,1,2.7,1,55.8,56.7,0,AFTERNOON,WEEKDAY,2.2
PASSENGER,MEDIUM,128.2,80.5,89.9,110.0,0.0,4,3.5,2,75.8,74.5,0,EVENING,WEEKEND,11.6
PASSENGER,MEDIUM,56.1,65.3,98.0,110.0,6.1,0,0.0,1,29.4,32.6,0,AFTERNOON,WEEKDAY,8.2
EXPRESS,HIGH,151.9,90.1,113.9,140.0,4.2,2,3.5,1,86.6,82.1,0,EVENING,WEEKEND,10.5
PASSENGER,MEDIUM,128.1,46.7,89.5,110.0,0.0,0,0.0,1,10.0,4.2,0,MORNING,WEEKEND,1.3
EXPRESS,HIGH,118.7,67.8,114.0,120.0,0.0,0,0.0,1,25.3,14.5,0,AFTERNOON,WEEKDAY,0.1
LOCAL,LOW,57.0,5.1,63.7,80.0,2.1,0,0.0,1,29.8,30.5,0,AFTERNOON,WEEKDAY,4.9
EXPRESS,HIGH,151.8,78.7,117.7,130.0,3.6,1,3.3,1,62.6,70.5,0,EVENING,WEEKEND,6.6
LOCAL,MEDIUM,69.9,73.9,25.7,80.0,11.6,1,4.3,3,20.6,22.9,2,NIGHT,WEEKDAY,28.5
EXPRESS,HIGH,153.4,30.9,3.1,130.0,0.0,1,3.0,4,54.4,43.1,1,EVENING,WEEKDAY,13.7
LOCAL,LOW,132.5,72.1,7.3,90.0,2.2,3,4.0,2,73.0,66.2,1,EVENING,WEEKEND,24.7
EXPRESS,HIGH,73.8,46.2,129.5,130.0,0.0,0,0.0,1,32.9,22.5,0,EVENING,WEEKEND,0.0
PASSENGER,HIGH,51.6,51.9,94.4,110.0,5.0,2,1.7,4,55.4,48.4,0,MORNING,WEEKDAY,14.5
LOCAL,MEDIUM,64.9,80.2,88.9,90.0,0.0,3,3.3,4,66.5,67.8,0,EVENING,WEEKDAY,12.1
LOCAL,LOW,116.7,27.1,17.1,80.0,0.0,1,4.0,1,30.5,28.9,1,AFTERNOON,WEEKDAY,10.9
PASSENGER,HIGH,54.8,53.4,47.4,110.0,1.2,0,0.0,3,90.0,90.3,2,NIGHT,WEEKEND,15.3
EXPRESS,HIGH,40.5,36.6,130.2,140.0,0.0,2,1.8,1,64.0,55.6,0,AFTERNOON,WEEKEND,3.6
EXPRESS,HIGH,58.9,44.1,97.6,130.0,4.6,2,2.5,2,69.4,61.7,0,MORNING,WEEKDAY,12.1
PASSENGER,HIGH,173.8,9.4,76.5,100.0,0.0,1,4.7,1,52.4,51.1,0,NIGHT,WEEKDAY,3.1
EXPRESS,HIGH,150.3,89.3,54.0,130.0,2.1,5,2.2,2,52.0,49.3,2,EVENING,WEEKEND,14.8
LOCAL,MEDIUM,109.0,42.0,40.4,90.0,0.1,0,0.0,3,64.7,63.6,1,EVENING,WEEKDAY,14.1
EXPRESS,HIGH,136.1,61.6,119.9,130.0,0.0,1,4.0,3,30.5,20.8,0,EVENING,WEEKDAY,7.2
EXPRESS,HIGH,77.7,78.9,38.4,110.0,1.5,5,3.8,2,23.1,24.7,3,MORNING,WEEKEND,20.7
LOCAL,MEDIUM,113.3,58.6,89.4,90.0,0.8,2,2.7,1,28.6,31.2,0,MORNING,WEEKEND,1.9
PASSENGER,MEDIUM,173.4,9.2,106.5,110.0,4.7,0,0.0,1,48.9,48.1,0,EVENING,WEEKEND,8.8
EXPRESS,HIGH,139.7,55.5,35.8,110.0,2.8,2,4.9,2,22.2,27.7,2,AFTERNOON,WEEKDAY,17.1
EXPRESS,HIGH,86.4,16.8,116.9,140.0,0.0,1,3.3,3,16.1,12.1,0,AFTERNOON,WEEKDAY,4.0
EXPRESS,HIGH,134.6,58.1,62.0,140.0,3.4,1,2.8,3,89.8,82.1,1,MORNING,WEEKDAY,15.9
PASSENGER,MEDIUM,46.8,31.4,44.6,100.0,0.0,2,4.0,2,59.6,59.4,1,MORNING,WEEKDAY,14.4
EXPRESS,HIGH,79.0,68.7,105.7,130.0,0.0,3,1.8,1,37.3,34.2,0,AFTERNOON,WEEKDAY,1.8
LOCAL,LOW,41.3,58.5,79.6,90.0,3.5,0,0.0,4,40.9,37.4,0,EVENING,WEEKDAY,14.4
EXPRESS,HIGH,66.6,62.4,2.0,140.0,0.0,3,2.6,2,83.0,80.7,1,MORNING,WEEKDAY,15.1
EXPRESS,HIGH,114.3,73.2,15.3,120.0,1.8,4,4.0,1,10.0,7.6,1,AFTERNOON,WEEKEND,14.1
PASSENGER,MEDIUM,34.4,82.4,51.5,110.0,0.0,3,2.6,2,93.6,90.1,0,MORNING,WEEKDAY,14.6
EXPRESS,HIGH,63.0,21.0,33.9,110.0,0.0,0,0.0,3,10.0,9.2,2,AFTERNOON,WEEKDAY,9.2
EXPRESS,HIGH,150.2,54.1,49.2,130.0,2.4,2,3.9,1,29.9,34.3,1,AFTERNOON,WEEKDAY,10.8
EXPRESS,HIGH,164.6,59.6,103.6,110.0,1.6,3,2.8,1,53.5,54.6,0,NIGHT,WEEKEND,6.0
EXPRESS,HIGH,137.4,14.4,118.6,130.0,0.1,0,0.0,2,59.8,62.1,0,MORNING,WEEKEND,3.5
EXPRESS,HIGH,38.4,81.9,99.7,120.0,0.0,4,4.3,1,52.3,47.6,0,NIGHT,WEEKDAY,10.5
EXPRESS,HIGH,131.9,74.6,62.4,130.0,6.8,0,0.0,4,88.2,85.0,0,EVENING,WEEKDAY,19.2
FREIGHT,LOW,35.6,76.2,52.3,65.0,0.0,3,4.5,1,27.7,26.7,0,EVENING,WEEKEND,8.9
EXPRESS,HIGH,82.0,36.9,8.3,120.0,4.5,0,0.0,2,98.0,89.9,1,MORNING,WEEKDAY,18.1
PASSENGER,MEDIUM,72.1,62.2,17.3,100.0,0.0,1,1.5,2,25.6,22.5,1,AFTERNOON,WEEKEND,10.5
FREIGHT,LOW,73.6,44.1,67.0,75.0,0.0,2,3.8,2,48.0,46.3,0,AFTERNOON,WEEKDAY,9.0
EXPRESS,HIGH,135.8,19.0,95.8,110.0,0.5,0,0.0,1,49.2,41.6,0,MORNING,WEEKDAY,4.7
EXPRESS,HIGH,170.6,5.4,108.4,120.0,3.5,0,0.0,1,67.5,58.4,0,MORNING,WEEKDAY,8.3
FREIGHT,MEDIUM,134.8,93.2,58.5,75.0,0.0,4,4.0,1,41.1,49.4,0,MORNING,WEEKEND,10.2
EXPRESS,MEDIUM,71.7,18.8,18.0,140.0,0.4,0,0.0,2,84.7,81.0,1,EVENING,WEEKDAY,13.5
EXPRESS,HIGH,120.7,67.8,37.4,130.0,0.0,0,0.0,2,38.1,34.3,1,EVENING,WEEKDAY,12.0
PASSENGER,MEDIUM,143.7,20.8,89.5,100.0,6.2,1,2.7,1,48.9,54.6,0,AFTERNOON,WEEKDAY,9.8
PASSENGER,MEDIUM,127.8,51.1,31.8,110.0,3.1,2,3.9,3,73.4,70.2,2,EVENING,WEEKDAY,25.6
EXPRESS,HIGH,32.7,15.4,105.1,120.0,0.0,1,4.6,1,30.4,32.5,0,EVENING,WEEKEND,2.9
EXPRESS,HIGH,56.8,44.6,113.8,120.0,4.2,2,4.0,1,58.6,57.5,0,NIGHT,WEEKDAY,10.7
EXPRESS,HIGH,138.6,55.1,70.5,130.0,16.9,0,0.0,2,95.2,86.1,0,MORNING,WEEKDAY,26.8
EXPRESS,HIGH,112.3,47.6,53.2,140.0,1.5,3,2.8,3,39.8,36.3,3,EVENING,WEEKDAY,18.3
FREIGHT,LOW,54.3,83.9,20.0,65.0,0.0,3,2.9,1,41.9,41.0,1,NIGHT,WEEKDAY,15.4
PASSENGER,MEDIUM,110.9,47.2,0.2,100.0,1.3,0,0.0,2,45.6,49.4,3,EVENING,WEEKDAY,23.4
EXPRESS,MEDIUM,61.9,76.6,27.0,110.0,0.0,0,0.0,2,40.1,32.9,1,EVENING,WEEKDAY,15.6
PASSENGER,MEDIUM,136.2,60.8,42.1,110.0,0.0,0,0.0,2,59.8,52.9,3,EVENING,WEEKDAY,20.5
EXPRESS,HIGH,59.3,8.3,94.5,110.0,2.4,0,0.0,1,18.9,19.5,0,NIGHT,WEEKDAY,4.8
EXPRESS,HIGH,57.6,71.6,5.3,120.0,0.1,4,2.6,3,58.3,55.0,1,MORNING,WEEKDAY,15.2
FREIGHT,LOW,97.6,49.9,68.9,75.0,1.9,1,4.5,2,36.8,43.2,0,NIGHT,WEEKDAY,9.1
PASSENGER,MEDIUM,119.8,6.6,85.5,100.0,0.0,1,1.9,1,40.1,39.9,0,AFTERNOON,WEEKDAY,2.8
PASSENGER,MEDIUM,173.8,29.4,84.2,110.0,0.0,0,0.0,1,69.9,71.2,0,EVENING,WEEKEND,5.7
EXPRESS,MEDIUM,69.9,42.2,117.4,130.0,7.1,0,0.0,1,42.9,51.6,0,NIGHT,WEEKDAY,10.1
FREIGHT,LOW,72.2,85.4,56.5,65.0,0.0,5,3.6,1,29.5,30.7,0,NIGHT,WEEKEND,7.3
LOCAL,LOW,83.9,47.7,80.8,90.0,0.0,1,4.2,1,59.4,58.5,0,NIGHT,WEEKDAY,8.1
FREIGHT,LOW,83.6,63.1,49.7,65.0,0.0,2,4.2,1,30.5,31.1,0,NIGHT,WEEKDAY,6.9
LOCAL,MEDIUM,146.1,12.6,22.5,80.0,0.0,1,4.7,2,62.1,66.1,2,MORNING,WEEKEND,15.5
LOCAL,MEDIUM,137.6,29.8,31.7,80.0,4.0,1,4.2,2,57.9,57.1,1,MORNING,WEEKDAY,17.1
EXPRESS,HIGH,147.0,47.0,13.1,110.0,3.2,0,0.0,3,67.5,62.2,2,EVENING,WEEKDAY,19.1
PASSENGER,MEDIUM,161.2,21.9,24.0,100.0,0.7,1,2.1,2,88.1,80.4,1,EVENING,WEEKDAY,17.2
PASSENGER,MEDIUM,35.4,26.0,32.6,100.0,0.0,0,0.0,4,67.1,61.8,1,MORNING,WEEKDAY,15.8
PASSENGER,MEDIUM,37.8,82.2,15.4,100.0,3.2,3,3.8,2,46.9,37.3,2,EVENING,WEEKDAY,26.2
EXPRESS,HIGH,109.8,41.1,44.3,120.0,0.9,1,2.5,2,35.2,30.4,1,AFTERNOON,WEEKDAY,8.7
LOCAL,MEDIUM,155.7,67.4,17.5,80.0,0.1,3,2.1,2,62.2,61.1,2,EVENING,WEEKEND,17.7
PASSENGER,MEDIUM,89.8,77.8,95.8,110.0,5.2,5,4.4,1,55.8,55.5,0,EVENING,WEEKDAY,18.9
PASSENGER,MEDIUM,130.1,87.1,99.3,100.0,0.0,5,2.6,1,41.4,46.4,0,AFTERNOON,WEEKDAY,4.3
EXPRESS,HIGH,147.5,80.6,99.9,130.0,18.3,0,0.0,1,14.3,14.3,0,AFTERNOON,WEEKDAY,20.7
LOCAL,MEDIUM,172.0,7.3,86.1,90.0,0.0,1,3.3,1,29.8,31.1,0,MORNING,WEEKEND,1.5
EXPRESS,HIGH,142.8,88.0,125.5,130.0,2.5,2,2.0,1,35.9,34.5,0,AFTERNOON,WEEKEND,5.8
LOCAL,LOW,168.0,8.8,70.2,80.0,2.6,0,0.0,2,10.6,2.7,0,AFTERNOON,WEEKEND,4.1
PASSENGER,MEDIUM,91.3,75.4,18.2,100.0,6.4,2,3.1,1,94.9,86.5,2,MORNING,WEEKDAY,29.1
EXPRESS,HIGH,124.6,70.5,105.2,140.0,0.0,2,4.6,3,38.7,35.7,0,MORNING,WEEKDAY,11.3
EXPRESS,HIGH,67.9,25.4,23.5,110.0,0.1,1,4.4,2,46.2,36.5,2,AFTERNOON,WEEKDAY,10.7
PASSENGER,HIGH,142.3,18.1,31.4,100.0,0.0,0,0.0,1,44.7,46.7,1,AFTERNOON,WEEKDAY,5.9
EXPRESS,HIGH,164.3,10.2,32.8,120.0,0.2,1,2.6,2,58.1,46.7,1,MORNING,WEEKDAY,9.3
EXPRESS,HIGH,33.0,23.1,19.6,130.0,0.0,1,2.5,3,67.1,63.2,2,MORNING,WEEKDAY,14.5
EXPRESS,HIGH,52.3,74.6,14.3,110.0,11.1,4,3.1,2,54.4,54.1,1,MORNING,WEEKDAY,27.4
EXPRESS,HIGH,96.0,61.4,127.3,130.0,3.3,3,4.0,1,30.5,31.3,0,NIGHT,WEEKDAY,6.0
EXPRESS,HIGH,81.4,56.4,89.3,110.0,0.0,3,4.2,1,64.4,66.2,0,NIGHT,WEEKEND,8.8
EXPRESS,HIGH,154.6,40.6,114.0,120.0,0.8,0,0.0,1,28.5,41.7,0,AFTERNOON,WEEKDAY,0.8
EXPRESS,HIGH,35.8,50.7,112.5,120.0,3.9,0,0.0,1,10.0,11.0,0,EVENING,WEEKEND,4.4
PASSENGER,MEDIUM,68.3,37.4,88.1,100.0,0.0,1,4.2,1,16.2,30.0,0,AFTERNOON,WEEKEND,4.5
EXPRESS,HIGH,40.9,80.8,103.4,110.0,3.0,0,0.0,1,34.8,38.1,0,NIGHT,WEEKEND,5.4
EXPRESS,HIGH,67.0,14.6,14.3,130.0,9.7,0,0.0,3,48.6,42.5,1,EVENING,WEEKDAY,19.2
PASSENGER,MEDIUM,41.7,44.1,57.4,100.0,0.2,2,3.2,2,93.9,85.4,0,MORNING,WEEKDAY,12.3
PASSENGER,HIGH,113.6,87.6,35.3,100.0,3.4,1,1.8,2,17.0,32.1,1,EVENING,WEEKEND,12.9
FREIGHT,LOW,152.2,33.4,56.3,75.0,3.3,0,0.0,2,50.5,49.2,0,MORNING,WEEKDAY,11.7
PASSENGER,MEDIUM,102.1,14.0,4.2,100.0,13.4,0,0.0,2,22.2,17.8,1,NIGHT,WEEKEND,21.4
PASSENGER,MEDIUM,161.0,32.7,10.9,100.0,0.0,2,2.0,1,86.1,81.5,1,AFTERNOON,WEEKDAY,12.2
PASSENGER,HIGH,94.5,47.0,26.7,110.0,0.6,3,2.4,4,81.1,76.9,1,EVENING,WEEKDAY,14.8
FREIGHT,MEDIUM,134.8,75.1,61.0,75.0,0.5,2,4.2,2,74.8,70.1,0,MORNING,WEEKDAY,13.5
EXPRESS,HIGH,99.4,35.0,8.7,120.0,7.2,1,3.0,2,35.9,42.4,1,AFTERNOON,WEEKDAY,15.1
EXPRESS,HIGH,151.3,36.9,118.1,130.0,3.4,2,4.4,1,64.9,68.3,0,AFTERNOON,WEEKDAY,9.6
EXPRESS,MEDIUM,110.5,82.5,94.2,120.0,11.4,3,2.5,2,45.2,47.7,0,MORNING,WEEKDAY,19.0
FREIGHT,MEDIUM,37.7,10.8,14.7,65.0,0.1,1,2.3,1,73.8,68.0,1,AFTERNOON,WEEKDAY,8.3
PASSENGER,MEDIUM,97.7,86.5,73.7,100.0,2.5,4,2.5,1,80.7,81.0,0,AFTERNOON,WEEKDAY,9.6
EXPRESS,HIGH,153.0,40.7,125.1,130.0,0.0,2,1.7,1,11.9,15.0,0,AFTERNOON,WEEKDAY,0.0
EXPRESS,HIGH,118.9,67.4,23.6,120.0,0.0,3,1.9,2,10.0,1.1,1,EVENING,WEEKEND,8.4
PASSENGER,HIGH,144.9,36.2,94.6,100.0,5.6,2,3.4,1,10.0,1.1,0,AFTERNOON,WEEKEND,7.8
PASSENGER,MEDIUM,174.8,26.5,11.0,100.0,2.4,1,1.9,2,73.2,75.4,2,AFTERNOON,WEEKDAY,18.5
FREIGHT,LOW,153.1,23.4,11.7,65.0,0.1,1,2.5,2,77.4,73.6,1,EVENING,WEEKEND,16.2
FREIGHT,LOW,69.4,62.9,61.8,75.0,0.0,1,4.7,2,54.0,63.2,0,NIGHT,WEEKDAY,8.4
PASSENGER,MEDIUM,151.5,81.2,26.1,110.0,3.3,1,3.8,2,74.8,80.3,1,MORNING,WEEKEND,20.3
EXPRESS,HIGH,45.1,32.2,121.2,130.0,0.0,1,4.2,1,28.3,19.2,0,MORNING,WEEKDAY,4.0
PASSENGER,MEDIUM,96.0,57.6,87.9,100.0,1.3,0,0.0,1,63.1,70.2,0,NIGHT,WEEKDAY,6.4
EXPRESS,HIGH,168.3,26.0,25.8,140.0,5.2,1,1.7,2,60.4,61.9,2,AFTERNOON,WEEKDAY,15.9
PASSENGER,MEDIUM,177.8,48.6,87.8,100.0,0.0,1,1.7,1,24.1,21.3,0,MORNING,WEEKEND,1.7
EXPRESS,HIGH,166.9,92.9,106.2,140.0,0.0,3,4.3,1,37.8,35.6,0,EVENING,WEEKDAY,9.9
FREIGHT,LOW,150.8,25.3,53.5,65.0,0.0,0,0.0,3,63.8,58.0,0,MORNING,WEEKDAY,11.9
PASSENGER,HIGH,93.8,40.5,43.7,110.0,9.8,0,0.0,2,35.4,43.2,1,MORNING,WEEKEND,17.9
FREIGHT,LOW,30.6,61.5,2.3,65.0,2.2,3,4.3,2,31.6,35.8,3,AFTERNOON,WEEKDAY,32.2
EXPRESS,HIGH,90.7,15.1,29.3,110.0,1.2,1,4.8,2,36.1,45.5,1,MORNING,WEEKEND,10.1
EXPRESS,HIGH,59.2,53.7,36.7,110.0,1.5,2,5.0,3,77.1,73.5,3,EVENING,WEEKDAY,23.4
EXPRESS,HIGH,136.9,6.5,61.1,140.0,5.5,0,0.0,1,94.3,87.0,0,MORNING,WEEKDAY,10.8
PASSENGER,MEDIUM,39.7,5.3,83.7,100.0,0.2,1,3.5,2,24.0,24.2,0,AFTERNOON,WEEKDAY,3.8
PASSENGER,MEDIUM,164.5,84.7,22.8,110.0,22.1,0,0.0,2,42.3,37.4,2,AFTERNOON,WEEKDAY,40.2
LOCAL,MEDIUM,175.5,70.1,9.3,80.0,8.9,0,0.0,3,47.5,40.6,2,MORNING,WEEKDAY,28.6
EXPRESS,HIGH,120.6,61.2,37.9,140.0,2.3,4,2.5,2,34.1,23.1,3,MORNING,WEEKDAY,17.2
LOCAL,LOW,81.5,38.1,17.8,80.0,0.0,0,0.0,1,85.0,78.3,3,EVENING,WEEKDAY,27.9
EXPRESS,MEDIUM,137.7,87.1,50.9,140.0,3.1,1,2.0,4,65.9,66.2,2,EVENING,WEEKDAY,25.8
FREIGHT,MEDIUM,161.6,12.7,7.1,75.0,0.3,0,0.0,3,18.4,17.5,2,AFTERNOON,WEEKDAY,13.1
PASSENGER,MEDIUM,85.4,51.1,94.9,110.0,6.5,3,2.7,1,17.1,13.0,0,EVENING,WEEKEND,8.9
FREIGHT,LOW,68.6,64.3,16.8,75.0,0.8,0,0.0,4,52.5,46.2,1,MORNING,WEEKDAY,22.0
FREIGHT,LOW,111.2,30.3,66.7,75.0,16.7,1,3.1,1,66.9,66.3,0,MORNING,WEEKEND,23.7
LOCAL,LOW,93.0,65.1,34.4,80.0,12.5,3,2.7,2,98.0,95.3,1,EVENING,WEEKDAY,34.5
LOCAL,MEDIUM,178.9,18.3,38.3,90.0,0.0,1,4.4,2,50.1,46.0,2,AFTERNOON,WEEKDAY,14.0
PASSENGER,MEDIUM,134.2,53.8,61.6,110.0,0.0,3,4.5,1,88.9,87.0,0,EVENING,WEEKDAY,14.3
EXPRESS,HIGH,70.4,83.3,92.3,110.0,0.0,2,3.0,2,32.5,25.1,0,NIGHT,WEEKDAY,4.7
FREIGHT,LOW,67.8,75.0,20.6,65.0,1.4,0,0.0,4,79.3,76.0,2,MORNING,WEEKDAY,30.1
FREIGHT,LOW,53.1,78.6,18.9,75.0,3.2,1,3.0,2,98.0,95.7,1,MORNING,WEEKDAY,26.3
EXPRESS,HIGH,139.4,25.1,9.8,120.0,0.8,1,4.8,2,59.2,58.4,1,EVENING,WEEKDAY,13.6
PASSENGER,MEDIUM,61.0,91.2,46.7,110.0,0.0,3,1.6,3,98.0,95.3,0,EVENING,WEEKDAY,16.9
FREIGHT,LOW,70.7,68.9,12.1,65.0,0.0,4,2.8,2,30.7,28.9,1,NIGHT,WEEKDAY,15.7
EXPRESS,HIGH,67.6,22.0,45.7,120.0,1.4,0,0.0,1,62.1,64.8,1,AFTERNOON,WEEKDAY,7.7
EXPRESS,HIGH,89.9,38.3,132.3,140.0,0.0,0,0.0,1,36.5,35.0,0,AFTERNOON,WEEKDAY,1.3
PASSENGER,MEDIUM,114.5,77.5,85.3,100.0,5.8,4,4.8,2,50.3,36.1,0,EVENING,WEEKDAY,20.7
PASSENGER,MEDIUM,173.5,55.9,19.5,100.0,14.8,3,3.4,3,88.1,79.4,1,EVENING,WEEKDAY,33.8
PASSENGER,MEDIUM,82.2,18.9,21.5,100.0,2.1,1,1.9,2,69.1,65.9,1,NIGHT,WEEKDAY,12.5
FREIGHT,LOW,63.2,37.8,51.5,65.0,0.0,1,3.3,1,39.1,34.2,0,NIGHT,WEEKDAY,4.7
EXPRESS,HIGH,124.2,45.6,12.1,120.0,3.8,2,5.0,2,82.1,83.0,1,EVENING,WEEKEND,17.9
EXPRESS,HIGH,102.9,26.6,24.1,130.0,2.6,0,0.0,2,41.7,30.7,3,AFTERNOON,WEEKEND,13.4
EXPRESS,MEDIUM,159.5,69.1,6.8,130.0,2.1,1,2.3,2,54.2,55.5,1,MORNING,WEEKEND,15.8
EXPRESS,MEDIUM,44.4,46.9,68.5,140.0,1.7,2,2.9,2,84.7,80.6,0,EVENING,WEEKEND,11.2
EXPRESS,MEDIUM,136.9,58.4,43.2,130.0,0.0,2,2.0,3,89.7,90.1,2,EVENING,WEEKDAY,21.9
PASSENGER,MEDIUM,101.4,93.4,19.7,100.0,0.0,1,4.8,3,40.6,31.6,2,MORNING,WEEKDAY,24.1
PASSENGER,HIGH,117.5,59.6,6.5,110.0,0.0,2,3.2,2,29.4,29.6,1,NIGHT,WEEKDAY,11.7
LOCAL,MEDIUM,30.4,75.1,35.4,80.0,9.7,0,0.0,3,61.1,57.3,1,AFTERNOON,WEEKEND,23.0
LOCAL,MEDIUM,104.0,40.2,29.8,90.0,0.0,0,0.0,3,56.4,63.3,3,NIGHT,WEEKEND,19.5
PASSENGER,HIGH,147.3,60.8,79.5,100.0,0.0,3,4.3,1,10.0,6.8,0,NIGHT,WEEKDAY,5.4
PASSENGER,MEDIUM,64.0,76.5,94.8,110.0,11.7,5,4.8,1,31.8,30.4,0,NIGHT,WEEKDAY,23.4
PASSENGER,MEDIUM,112.9,94.6,98.7,110.0,0.0,2,2.5,1,10.0,7.0,0,NIGHT,WEEKDAY,0.8
EXPRESS,HIGH,76.3,31.4,47.9,120.0,0.8,1,2.7,3,74.6,68.3,1,MORNING,WEEKDAY,13.1
LOCAL,MEDIUM,90.7,26.3,73.4,80.0,0.7,1,2.9,1,59.1,62.8,0,NIGHT,WEEKDAY,5.6
EXPRESS,HIGH,97.5,45.8,108.7,140.0,20.1,3,3.3,1,55.4,50.8,0,AFTERNOON,WEEKDAY,25.3
PASSENGER,LOW,125.9,93.7,99.3,110.0,1.8,3,4.4,1,34.8,33.3,0,NIGHT,WEEKEND,10.4
LOCAL,MEDIUM,109.1,65.7,22.6,80.0,0.0,0,0.0,2,81.1,76.6,1,EVENING,WEEKDAY,16.6
EXPRESS,HIGH,60.5,91.9,22.3,110.0,1.9,1,4.3,3,80.2,74.8,1,EVENING,WEEKDAY,19.9
EXPRESS,HIGH,81.0,42.3,118.5,120.0,0.0,1,2.2,2,50.1,47.4,0,EVENING,WEEKDAY,4.9
PASSENGER,MEDIUM,151.9,53.4,8.4,110.0,0.0,3,1.5,2,98.0,91.2,3,EVENING,WEEKDAY,25.2
PASSENGER,MEDIUM,98.1,85.1,26.8,100.0,0.0,4,2.8,2,61.9,62.8,1,AFTERNOON,WEEKDAY,15.9
PASSENGER,MEDIUM,120.5,42.1,102.6,110.0,1.4,2,2.5,1,63.4,55.7,0,EVENING,WEEKEND,6.0
EXPRESS,HIGH,32.2,57.1,19.4,140.0,1.6,2,3.0,3,92.7,84.4,1,EVENING,WEEKDAY,18.0
EXPRESS,HIGH,40.2,85.5,31.8,140.0,0.0,3,4.1,4,59.3,55.7,2,MORNING,WEEKDAY,23.0
FREIGHT,LOW,126.6,23.1,74.2,75.0,0.6,0,0.0,1,12.3,17.1,0,NIGHT,WEEKDAY,1.3
EXPRESS,HIGH,51.6,64.7,91.3,110.0,1.6,2,2.7,3,46.8,50.5,0,EVENING,WEEKEND,6.2
PASSENGER,MEDIUM,93.3,86.9,10.8,100.0,0.0,1,1.6,3,62.4,56.8,1,AFTERNOON,WEEKEND,16.2
EXPRESS,HIGH,99.9,45.0,18.8,140.0,7.3,1,2.5,2,33.3,24.8,1,EVENING,WEEKDAY,17.8
EXPRESS,HIGH,62.6,14.5,84.4,110.0,0.3,0,0.0,1,21.6,26.0,0,AFTERNOON,WEEKDAY,1.6
EXPRESS,HIGH,72.0,28.8,4.9,120.0,2.0,1,1.8,2,77.6,79.6,2,EVENING,WEEKDAY,16.8
PASSENGER,MEDIUM,177.9,34.1,81.6,100.0,2.1,0,0.0,1,30.4,21.6,0,EVENING,WEEKEND,4.6
PASSENGER,MEDIUM,171.1,24.2,96.5,100.0,0.6,1,3.2,1,64.1,67.6,0,AFTERNOON,WEEKEND,6.0
FREIGHT,LOW,132.4,28.4,9.2,75.0,0.0,0,0.0,3,36.6,44.1,1,AFTERNOON,WEEKDAY,14.3
FREIGHT,LOW,80.3,57.0,21.2,65.0,0.2,3,4.5,3,74.5,67.0,3,EVENING,WEEKDAY,35.7
EXPRESS,HIGH,88.4,20.4,129.3,140.0,4.0,0,0.0,1,37.3,37.8,0,EVENING,WEEKEND,5.9
EXPRESS,MEDIUM,92.0,20.4,9.8,110.0,2.8,1,1.9,2,30.6,25.2,1,NIGHT,WEEKEND,11.9
LOCAL,LOW,71.4,22.2,6.9,80.0,0.8,0,0.0,2,46.3,42.3,1,MORNING,WEEKDAY,15.7
PASSENGER,MEDIUM,39.7,42.9,81.6,100.0,4.1,0,0.0,1,24.8,31.3,0,AFTERNOON,WEEKDAY,5.7
FREIGHT,LOW,87.6,76.1,10.7,65.0,0.0,3,3.6,2,14.8,14.7,1,AFTERNOON,WEEKEND,16.4
PASSENGER,MEDIUM,163.5,29.0,27.3,110.0,1.8,0,0.0,2,17.6,15.2,1,NIGHT,WEEKEND,9.7
EXPRESS,HIGH,157.3,78.2,66.8,120.0,0.0,4,4.6,3,98.0,92.8,0,MORNING,WEEKDAY,19.7
LOCAL,MEDIUM,127.9,53.3,29.5,90.0,0.3,1,2.3,2,90.2,81.1,1,EVENING,WEEKDAY,17.6
FREIGHT,LOW,159.5,68.8,24.2,65.0,0.0,4,2.1,2,14.2,16.4,1,MORNING,WEEKEND,12.8
PASSENGER,MEDIUM,124.3,18.6,6.4,100.0,0.9,0,0.0,1,28.2,30.9,1,NIGHT,WEEKEND,7.2
LOCAL,LOW,153.1,16.2,3.5,80.0,1.2,0,0.0,2,90.2,90.1,2,MORNING,WEEKDAY,24.5
LOCAL,MEDIUM,110.6,64.5,25.1,80.0,0.0,4,3.7,2,77.0,72.5,1,EVENING,WEEKDAY,19.3
FREIGHT,MEDIUM,162.7,27.4,6.1,75.0,0.0,1,1.6,2,98.0,98.1,2,MORNING,WEEKDAY,18.4
EXPRESS,HIGH,161.4,44.2,115.0,120.0,0.0,2,2.3,3,30.6,26.9,0,MORNING,WEEKEND,3.1
EXPRESS,HIGH,120.3,41.8,13.0,120.0,11.3,0,0.0,2,88.7,80.9,1,MORNING,WEEKDAY,23.6
LOCAL,MEDIUM,77.6,84.5,15.9,80.0,0.0,5,4.9,4,34.2,33.0,2,EVENING,WEEKDAY,32.1
LOCAL,LOW,97.5,70.1,8.0,80.0,0.0,3,2.1,2,40.6,39.2,1,AFTERNOON,WEEKDAY,16.8
EXPRESS,HIGH,91.7,77.3,121.8,140.0,3.2,5,5.0,2,44.9,39.2,0,NIGHT,WEEKDAY,17.2
FREIGHT,LOW,132.9,38.4,35.5,75.0,8.0,0,0.0,2,73.9,65.4,0,MORNING,WEEKDAY,19.8
FREIGHT,LOW,133.7,43.7,1.4,65.0,6.4,1,3.8,2,56.1,51.6,1,AFTERNOON,WEEKEND,23.6
EXPRESS,HIGH,152.1,66.2,39.3,110.0,0.0,1,4.4,4,72.3,75.0,2,MORNING,WEEKDAY,18.4
EXPRESS,HIGH,147.4,88.7,97.0,110.0,3.6,5,3.4,1,51.6,52.9,0,AFTERNOON,WEEKDAY,10.8
PASSENGER,MEDIUM,83.7,34.2,98.6,110.0,10.5,2,1.7,2,51.3,47.9,0,EVENING,WEEKDAY,16.7
EXPRESS,HIGH,30.9,46.1,16.5,120.0,2.2,1,4.8,2,17.1,17.0,1,AFTERNOON,WEEKDAY,11.7
EXPRESS,MEDIUM,40.5,27.8,4.5,130.0,2.8,0,0.0,2,30.2,23.5,1,MORNING,WEEKDAY,13.3
PASSENGER,HIGH,36.7,49.8,104.8,110.0,2.5,2,1.8,1,32.7,41.3,0,AFTERNOON,WEEKDAY,1.1
LOCAL,MEDIUM,140.7,54.5,25.3,80.0,6.8,3,3.0,2,39.5,41.3,1,AFTERNOON,WEEKDAY,19.0
FREIGHT,LOW,35.5,21.2,27.2,65.0,0.0,0,0.0,2,76.7,69.1,2,EVENING,WEEKDAY,22.0
EXPRESS,HIGH,80.5,52.9,49.2,110.0,0.0,1,2.7,3,50.0,45.9,1,MORNING,WEEKDAY,12.0
EXPRESS,HIGH,122.7,93.6,66.9,120.0,1.2,4,2.8,2,79.0,80.1,0,EVENING,WEEKDAY,12.9
FREIGHT,MEDIUM,68.4,67.0,8.3,65.0,0.9,4,2.7,1,72.0,70.2,1,AFTERNOON,WEEKDAY,15.2
EXPRESS,MEDIUM,148.5,18.8,109.0,140.0,4.8,1,3.5,2,82.0,79.1,0,EVENING,WEEKDAY,14.6
EXPRESS,MEDIUM,179.8,47.0,111.9,140.0,0.0,1,4.5,1,46.3,47.5,0,MORNING,WEEKEND,6.6
PASSENGER,MEDIUM,59.4,49.5,93.1,100.0,0.0,2,2.4,1,35.0,37.4,0,MORNING,WEEKEND,2.9
PASSENGER,MEDIUM,48.0,63.6,10.9,110.0,8.4,3,4.9,2,50.7,56.2,1,EVENING,WEEKEND,28.3
PASSENGER,MEDIUM,68.7,75.8,102.4,110.0,0.9,2,3.1,1,10.0,7.9,0,AFTERNOON,WEEKEND,3.5
LOCAL,MEDIUM,121.8,93.7,24.2,90.0,1.9,4,4.0,2,48.0,47.4,2,NIGHT,WEEKDAY,23.4
FREIGHT,LOW,167.0,85.3,28.8,75.0,2.2,3,2.5,2,89.1,85.1,2,EVENING,WEEKDAY,28.3
EXPRESS,HIGH,38.5,35.0,8.4,130.0,6.2,0,0.0,4,95.0,90.1,3,MORNING,WEEKDAY,26.6
LOCAL,MEDIUM,132.7,56.6,7.0,80.0,2.1,2,3.4,2,44.4,51.4,3,MORNING,WEEKEND,23.1
LOCAL,MEDIUM,169.2,29.8,6.3,80.0,0.2,0,0.0,1,90.8,84.6,1,MORNING,WEEKDAY,14.5
EXPRESS,HIGH,169.3,55.3,95.3,120.0,1.5,3,2.1,1,48.8,45.8,0,NIGHT,WEEKDAY,5.8
LOCAL,MEDIUM,166.2,22.7,37.9,90.0,0.0,1,2.3,2,84.5,76.3,2,MORNING,WEEKDAY,17.7
EXPRESS,HIGH,134.4,74.0,59.6,140.0,2.9,4,1.8,1,76.5,70.6,1,AFTERNOON,WEEKEND,11.8
EXPRESS,HIGH,39.4,33.8,114.4,140.0,6.4,0,0.0,2,79.8,73.3,0,EVENING,WEEKDAY,13.5
EXPRESS,HIGH,56.0,26.4,104.2,130.0,1.9,1,2.5,1,23.8,20.2,0,AFTERNOON,WEEKDAY,2.9
EXPRESS,MEDIUM,51.4,14.8,38.5,120.0,1.1,0,0.0,2,19.8,16.7,1,NIGHT,WEEKDAY,7.9
PASSENGER,LOW,101.1,14.6,80.8,100.0,9.6,0,0.0,1,31.4,33.7,0,NIGHT,WEEKEND,13.8
EXPRESS,HIGH,78.8,41.1,94.9,110.0,0.6,1,2.7,1,31.2,22.3,0,MORNING,WEEKDAY,3.9
EXPRESS,MEDIUM,116.1,55.3,87.4,110.0,0.0,2,4.3,1,10.2,13.2,0,MORNING,WEEKEND,4.2
PASSENGER,MEDIUM,155.1,32.4,107.4,110.0,1.6,1,4.1,2,58.9,58.5,0,MORNING,WEEKDAY,10.0
FREIGHT,LOW,118.4,11.1,10.6,75.0,0.8,0,0.0,1,84.8,73.3,3,EVENING,WEEKDAY,27.2
PASSENGER,MEDIUM,49.9,32.6,5.2,100.0,9.1,1,4.6,2,52.4,49.7,1,AFTERNOON,WEEKDAY,22.9
EXPRESS,HIGH,65.7,11.1,106.8,140.0,1.4,0,0.0,1,65.6,73.4,0,NIGHT,WEEKEND,4.6
LOCAL,MEDIUM,159.5,47.0,19.8,90.0,0.0,2,2.4,2,70.1,67.5,1,EVENING,WEEKEND,12.5
EXPRESS,HIGH,75.3,16.9,48.5,120.0,0.0,0,0.0,2,38.6,45.9,3,EVENING,WEEKDAY,13.0
EXPRESS,HIGH,85.3,88.2,38.8,130.0,2.7,0,0.0,2,85.3,75.2,1,EVENING,WEEKDAY,18.2
LOCAL,LOW,136.2,71.7,65.7,80.0,1.6,4,1.8,1,19.3,24.1,0,EVENING,WEEKEND,5.8
EXPRESS,HIGH,30.1,49.1,99.8,130.0,0.5,1,2.5,4,34.0,38.5,0,EVENING,WEEKDAY,8.7
PASSENGER,MEDIUM,108.4,65.4,33.0,110.0,2.0,0,0.0,1,40.0,42.5,1,NIGHT,WEEKDAY,12.4
PASSENGER,LOW,160.4,68.3,96.6,100.0,7.3,1,4.2,1,51.8,47.1,0,AFTERNOON,WEEKDAY,13.5
EXPRESS,HIGH,97.5,7.9,98.0,130.0,7.0,1,1.6,1,66.4,67.6,0,AFTERNOON,WEEKDAY,9.3
EXPRESS,MEDIUM,107.6,83.4,16.5,140.0,0.0,1,4.1,2,13.9,16.7,1,MORNING,WEEKEND,14.0
FREIGHT,LOW,104.2,65.0,5.4,65.0,0.0,2,3.1,2,62.9,57.3,1,AFTERNOON,WEEKEND,18.2
EXPRESS,HIGH,119.7,92.2,41.4,120.0,0.2,5,3.7,1,41.4,40.1,1,NIGHT,WEEKDAY,15.1
FREIGHT,MEDIUM,49.5,39.3,7.0,75.0,25.8,1,4.9,3,10.0,3.1,3,NIGHT,WEEKEND,45.9
EXPRESS,HIGH,145.9,90.1,116.7,130.0,2.7,2,3.4,1,20.2,15.9,0,MORNING,WEEKEND,5.2
FREIGHT,LOW,169.9,24.1,64.7,75.0,1.5,1,3.8,2,64.3,62.5,0,NIGHT,WEEKEND,10.9
PASSENGER,MEDIUM,153.9,51.4,98.3,110.0,1.2,2,2.5,1,56.6,53.2,0,EVENING,WEEKDAY,7.7
EXPRESS,MEDIUM,77.5,23.9,61.2,110.0,0.0,1,4.8,1,85.3,85.6,0,MORNING,WEEKEND,9.0
EXPRESS,HIGH,125.1,67.4,87.9,110.0,3.6,0,0.0,1,39.6,34.9,0,MORNING,WEEKDAY,9.6
LOCAL,LOW,140.7,56.4,73.1,80.0,0.0,0,0.0,2,41.8,38.6,0,EVENING,WEEKDAY,8.2
FREIGHT,LOW,34.6,80.6,61.6,75.0,9.3,4,4.2,1,68.5,69.8,0,EVENING,WEEKDAY,24.9
EXPRESS,HIGH,37.2,84.1,118.0,130.0,13.3,3,3.1,4,46.2,43.0,0,MORNING,WEEKDAY,23.1
FREIGHT,MEDIUM,109.2,71.5,11.5,75.0,0.0,3,3.4,2,97.9,94.9,1,EVENING,WEEKDAY,21.3
LOCAL,MEDIUM,104.0,7.9,19.1,80.0,1.2,0,0.0,1,45.3,45.4,1,AFTERNOON,WEEKDAY,8.8
EXPRESS,HIGH,41.4,50.4,86.7,110.0,0.9,1,4.3,1,10.0,7.0,0,NIGHT,WEEKDAY,3.8
LOCAL,MEDIUM,60.2,75.3,29.1,80.0,0.0,2,4.3,3,94.7,91.3,2,MORNING,WEEKDAY,26.6
EXPRESS,HIGH,99.6,52.5,3.7,130.0,6.8,1,4.0,2,95.8,87.6,2,MORNING,WEEKDAY,24.9
FREIGHT,LOW,67.3,73.8,60.8,65.0,0.0,2,4.5,2,28.4,27.8,0,AFTERNOON,WEEKDAY,8.7
FREIGHT,MEDIUM,157.3,46.9,17.8,75.0,2.1,3,5.0,2,89.0,79.1,1,EVENING,WEEKDAY,22.8
LOCAL,LOW,71.5,68.7,37.0,90.0,0.0,4,2.1,3,53.8,47.5,2,MORNING,WEEKDAY,25.7
EXPRESS,HIGH,57.9,23.6,27.4,130.0,0.6,0,0.0,2,73.8,65.9,1,EVENING,WEEKDAY,11.0
LOCAL,LOW,52.8,54.8,68.8,90.0,0.0,2,3.1,1,43.8,47.2,0,NIGHT,WEEKEND,8.1
PASSENGER,HIGH,85.5,56.5,104.2,110.0,8.1,0,0.0,1,13.9,14.6,0,MORNING,WEEKEND,8.2
PASSENGER,MEDIUM,41.7,18.5,91.2,100.0,0.0,0,0.0,1,10.0,3.7,0,NIGHT,WEEKDAY,0.5
EXPRESS,HIGH,134.1,35.2,100.2,130.0,1.3,2,4.7,1,40.3,46.5,0,NIGHT,WEEKEND,7.8
LOCAL,MEDIUM,82.3,53.6,29.4,80.0,1.3,0,0.0,2,64.7,62.2,1,EVENING,WEEKDAY,15.5
EXPRESS,MEDIUM,62.7,38.2,89.3,110.0,1.7,1,4.3,2,62.6,62.2,0,MORNING,WEEKDAY,10.8
EXPRESS,HIGH,62.6,34.6,11.8,110.0,1.7,1,3.9,2,36.6,34.3,1,AFTERNOON,WEEKEND,10.9
PASSENGER,MEDIUM,35.3,79.2,103.5,110.0,8.3,0,0.0,1,33.8,39.2,0,EVENING,WEEKEND,10.7
PASSENGER,LOW,103.9,87.8,35.4,100.0,0.0,5,2.1,2,62.2,64.8,3,MORNING,WEEKDAY,29.9
PASSENGER,MEDIUM,92.1,89.7,24.8,110.0,1.3,1,4.0,3,46.0,34.9,1,AFTERNOON,WEEKDAY,18.4
EXPRESS,MEDIUM,169.3,50.5,125.5,140.0,0.7,3,3.3,2,37.2,35.4,0,EVENING,WEEKEND,7.9
EXPRESS,HIGH,128.1,37.1,28.1,130.0,0.0,2,3.2,3,82.2,79.0,1,MORNING,WEEKDAY,13.9
PASSENGER,MEDIUM,126.4,53.3,108.3,110.0,2.6,3,4.5,1,15.6,17.8,0,AFTERNOON,WEEKDAY,7.3
EXPRESS,MEDIUM,146.2,84.2,2.8,110.0,0.0,4,1.5,2,92.1,90.2,2,EVENING,WEEKDAY,24.2
EXPRESS,HIGH,95.5,35.6,60.6,140.0,0.0,2,4.6,2,56.0,54.5,1,MORNING,WEEKDAY,12.6
FREIGHT,LOW,151.9,35.7,15.8,65.0,0.0,2,1.9,2,83.2,74.6,1,EVENING,WEEKDAY,19.6
EXPRESS,HIGH,143.5,51.5,103.6,130.0,10.2,2,2.2,1,73.5,68.2,0,AFTERNOON,WEEKEND,15.1
LOCAL,HIGH,179.7,84.8,67.2,80.0,6.2,1,3.8,1,14.5,16.9,0,NIGHT,WEEKDAY,9.3
EXPRESS,HIGH,159.3,61.1,98.3,120.0,0.5,0,0.0,1,79.1,83.1,0,AFTERNOON,WEEKEND,4.9
PASSENGER,LOW,81.5,29.6,26.9,100.0,5.7,1,5.0,1,97.1,96.4,1,EVENING,WEEKDAY,26.0
EXPRESS,HIGH,150.3,60.2,43.4,130.0,2.3,1,5.0,2,52.2,57.1,2,MORNING,WEEKEND,16.6
EXPRESS,HIGH,45.9,6.4,3.5,120.0,3.4,1,2.1,1,10.0,14.8,1,NIGHT,WEEKDAY,7.3
PASSENGER,LOW,72.1,25.9,24.7,100.0,0.9,1,1.8,3,78.8,70.0,1,EVENING,WEEKDAY,20.4
FREIGHT,LOW,89.0,9.5,13.7,65.0,1.2,1,2.9,2,76.5,70.6,2,MORNING,WEEKDAY,22.8
PASSENGER,MEDIUM,145.5,44.4,65.1,100.0,8.4,1,4.9,4,81.5,76.8,0,MORNING,WEEKDAY,22.8
PASSENGER,HIGH,136.2,83.7,13.2,110.0,3.4,2,2.2,2,51.0,45.4,1,MORNING,WEEKDAY,17.7
PASSENGER,HIGH,58.9,16.6,27.7,100.0,6.8,0,0.0,2,35.0,28.5,1,EVENING,WEEKEND,14.6
PASSENGER,MEDIUM,95.1,37.1,10.9,110.0,6.9,0,0.0,4,75.2,69.9,1,MORNING,WEEKDAY,24.6
EXPRESS,HIGH,134.2,26.5,102.4,130.0,0.0,1,3.3,1,26.8,36.0,0,MORNING,WEEKEND,2.7
PASSENGER,MEDIUM,51.1,66.6,23.4,110.0,0.1,3,3.3,3,19.6,26.7,2,NIGHT,WEEKDAY,17.4
PASSENGER,MEDIUM,55.2,50.4,97.5,110.0,0.6,1,2.5,1,33.5,36.4,0,NIGHT,WEEKDAY,3.3
PASSENGER,MEDIUM,35.6,36.1,18.1,110.0,4.0,0,0.0,2,33.9,38.8,1,AFTERNOON,WEEKDAY,13.9
FREIGHT,LOW,42.7,88.8,26.5,75.0,2.1,2,3.6,3,84.0,80.7,2,MORNING,WEEKDAY,31.9
EXPRESS,HIGH,80.3,49.5,83.2,110.0,2.9,1,2.8,1,50.9,52.5,0,NIGHT,WEEKDAY,6.1
PASSENGER,HIGH,115.2,36.3,84.4,110.0,0.0,1,2.8,1,73.7,73.2,0,EVENING,WEEKDAY,5.9
EXPRESS,HIGH,85.1,69.1,8.2,110.0,1.0,0,0.0,3,32.9,43.8,2,AFTERNOON,WEEKDAY,15.5
PASSENGER,HIGH,106.0,17.3,22.0,110.0,0.0,0,0.0,3,78.8,76.0,1,EVENING,WEEKDAY,11.7
EXPRESS,HIGH,36.7,19.9,57.7,110.0,1.9,1,2.7,2,89.9,84.5,0,EVENING,WEEKDAY,10.3
EXPRESS,HIGH,93.0,40.1,93.2,120.0,2.2,1,4.3,3,53.7,54.4,0,EVENING,WEEKDAY,11.3
PASSENGER,MEDIUM,97.7,41.3,99.9,110.0,4.5,1,4.7,1,37.8,46.8,0,NIGHT,WEEKDAY,9.0
PASSENGER,HIGH,48.9,40.8,19.5,100.0,0.0,2,3.8,4,98.0,97.9,1,EVENING,WEEKDAY,18.4
PASSENGER,MEDIUM,178.6,84.1,35.9,100.0,0.0,5,4.5,2,37.8,36.1,1,MORNING,WEEKDAY,22.0
EXPRESS,MEDIUM,45.4,6.0,99.1,120.0,0.0,0,0.0,1,19.2,24.5,0,AFTERNOON,WEEKEND,0.9
PASSENGER,MEDIUM,119.5,52.5,71.3,110.0,5.7,2,4.0,1,91.6,90.6,0,MORNING,WEEKDAY,17.8
EXPRESS,HIGH,90.5,40.3,120.6,130.0,2.7,1,1.7,1,42.2,44.4,0,AFTERNOON,WEEKEND,4.4
PASSENGER,MEDIUM,105.1,6.4,88.7,100.0,0.0,1,2.5,1,36.2,33.4,0,NIGHT,WEEKDAY,2.4
LOCAL,MEDIUM,37.9,24.4,38.9,90.0,0.0,1,2.6,2,73.5,71.1,2,MORNING,WEEKDAY,16.4
PASSENGER,HIGH,134.8,63.1,20.8,110.0,0.0,4,2.1,3,82.8,77.1,2,EVENING,WEEKDAY,18.4
EXPRESS,HIGH,111.6,38.8,28.7,140.0,7.7,2,3.8,2,69.3,71.2,1,AFTERNOON,WEEKDAY,20.0
EXPRESS,HIGH,106.0,85.5,10.7,140.0,0.0,1,4.1,2,10.0,14.0,1,NIGHT,WEEKDAY,11.5
PASSENGER,MEDIUM,143.7,83.3,79.2,100.0,7.6,0,0.0,1,89.1,81.8,0,MORNING,WEEKDAY,16.8
LOCAL,MEDIUM,122.2,15.6,17.4,90.0,1.4,0,0.0,2,13.0,11.5,1,AFTERNOON,WEEKDAY,8.8
PASSENGER,HIGH,79.2,29.9,8.9,110.0,0.0,1,3.3,3,10.0,8.6,1,EVENING,WEEKEND,8.4
EXPRESS,HIGH,118.9,8.2,135.3,140.0,0.2,1,2.0,1,24.3,25.4,0,AFTERNOON,WEEKDAY,0.9
LOCAL,LOW,55.0,6.8,66.8,80.0,3.1,1,2.9,1,46.2,46.4,0,MORNING,WEEKEND,9.7
EXPRESS,HIGH,105.5,73.4,107.5,110.0,2.7,4,2.5,1,22.8,26.7,0,NIGHT,WEEKDAY,0.9
EXPRESS,HIGH,44.0,51.0,49.2,130.0,0.0,0,0.0,2,27.6,30.4,1,EVENING,WEEKEND,7.6
EXPRESS,HIGH,169.3,76.5,33.7,120.0,0.0,3,4.5,3,87.3,73.8,1,MORNING,WEEKDAY,19.8
EXPRESS,HIGH,45.3,47.3,137.4,140.0,0.0,3,3.0,1,39.8,39.3,0,EVENING,WEEKDAY,5.9
EXPRESS,HIGH,71.5,77.8,38.9,130.0,5.1,2,1.7,3,25.1,31.3,1,MORNING,WEEKEND,16.7
EXPRESS,HIGH,87.0,33.2,44.4,140.0,2.6,0,0.0,2,87.9,82.3,1,EVENING,WEEKDAY,14.0
PASSENGER,MEDIUM,128.5,32.7,5.1,110.0,0.0,2,4.8,2,37.5,34.0,3,AFTERNOON,WEEKDAY,21.8
PASSENGER,HIGH,73.0,30.5,37.9,110.0,2.3,2,3.3,3,80.9,82.0,1,MORNING,WEEKDAY,17.6
PASSENGER,HIGH,61.4,23.5,12.5,100.0,0.2,1,2.1,2,93.6,88.1,1,MORNING,WEEKDAY,11.9
PASSENGER,HIGH,35.9,93.4,30.8,100.0,0.7,4,3.1,3,44.1,42.5,1,EVENING,WEEKDAY,17.0
PASSENGER,MEDIUM,48.7,68.8,90.5,100.0,6.3,2,1.6,1,13.7,12.2,0,AFTERNOON,WEEKDAY,6.8
PASSENGER,LOW,133.9,71.6,3.5,100.0,0.0,3,4.2,2,79.4,70.0,1,MORNING,WEEKDAY,26.2
LOCAL,HIGH,152.9,57.1,28.7,90.0,2.7,1,4.8,2,68.9,60.2,2,MORNING,WEEKDAY,19.1
FREIGHT,MEDIUM,175.9,85.5,12.8,65.0,4.0,2,4.4,3,41.2,36.3,1,EVENING,WEEKDAY,23.8
LOCAL,LOW,116.1,58.3,67.8,80.0,0.7,0,0.0,3,70.1,69.9,0,MORNING,WEEKDAY,13.4
EXPRESS,HIGH,70.5,25.8,43.5,110.0,12.4,0,0.0,4,40.4,34.4,2,EVENING,WEEKDAY,26.5
EXPRESS,HIGH,62.6,9.3,16.5,110.0,0.6,1,4.9,3,65.2,53.9,2,EVENING,WEEKDAY,15.5
EXPRESS,HIGH,121.0,8.0,36.5,120.0,0.0,0,0.0,2,76.5,81.5,1,MORNING,WEEKDAY,9.3
LOCAL,MEDIUM,112.5,43.1,2.7,80.0,3.0,1,4.0,2,35.6,19.1,1,MORNING,WEEKDAY,17.1
LOCAL,MEDIUM,40.8,62.7,22.7,80.0,0.3,4,1.7,2,68.8,66.7,1,MORNING,WEEKDAY,15.1
EXPRESS,HIGH,40.2,75.5,23.0,120.0,5.3,3,2.3,2,35.6,36.8,1,EVENING,WEEKDAY,18.0
PASSENGER,MEDIUM,63.1,8.5,91.5,110.0,0.0,1,1.7,1,39.5,34.6,0,AFTERNOON,WEEKEND,1.8
LOCAL,MEDIUM,162.7,23.0,14.2,80.0,0.0,1,3.4,2,30.5,38.3,2,NIGHT,WEEKDAY,13.9
FREIGHT,LOW,86.8,46.0,25.5,75.0,1.0,1,2.7,1,46.6,39.3,1,EVENING,WEEKDAY,16.5
PASSENGER,HIGH,176.7,12.0,26.9,100.0,0.0,0,0.0,2,43.9,48.7,1,AFTERNOON,WEEKDAY,7.7
EXPRESS,HIGH,123.6,54.5,101.1,120.0,10.2,0,0.0,2,21.7,36.9,0,NIGHT,WEEKDAY,13.0
EXPRESS,HIGH,73.2,20.1,126.5,130.0,0.7,0,0.0,1,22.9,22.2,0,AFTERNOON,WEEKDAY,1.5
LOCAL,LOW,172.7,24.9,65.0,80.0,3.6,0,0.0,1,57.5,57.7,0,MORNING,WEEKEND,11.1
PASSENGER,LOW,148.1,92.4,85.3,110.0,0.0,3,3.3,2,90.3,91.5,0,MORNING,WEEKDAY,16.5
EXPRESS,HIGH,98.1,22.6,40.8,120.0,0.0,1,4.4,2,72.1,67.6,2,MORNING,WEEKDAY,14.7
LOCAL,MEDIUM,94.4,48.1,35.5,90.0,5.6,0,0.0,4,69.8,66.6,3,MORNING,WEEKDAY,30.9
LOCAL,MEDIUM,93.7,56.9,80.1,90.0,1.2,0,0.0,2,36.4,37.6,0,NIGHT,WEEKEND,6.2
LOCAL,MEDIUM,67.9,23.9,22.4,90.0,1.6,1,4.3,2,70.5,64.1,1,MORNING,WEEKDAY,15.7
EXPRESS,MEDIUM,169.8,31.5,53.2,130.0,3.9,0,0.0,2,62.5,57.8,1,MORNING,WEEKDAY,16.7
EXPRESS,HIGH,51.3,85.9,49.9,130.0,1.5,3,3.5,3,72.1,64.8,1,EVENING,WEEKDAY,18.8
PASSENGER,MEDIUM,73.8,36.0,39.0,110.0,2.0,0,0.0,1,68.7,68.0,1,EVENING,WEEKEND,11.7
EXPRESS,HIGH,80.7,72.1,54.9,110.0,1.3,4,4.6,2,78.3,67.8,0,MORNING,WEEKDAY,17.7
EXPRESS,HIGH,147.8,39.6,125.3,140.0,0.0,2,3.3,1,65.5,57.7,0,AFTERNOON,WEEKEND,4.8
PASSENGER,MEDIUM,141.1,36.5,8.6,100.0,12.3,1,4.1,2,86.1,84.1,1,EVENING,WEEKDAY,29.8
FREIGHT,MEDIUM,45.0,13.2,3.2,65.0,0.0,0,0.0,2,34.8,34.1,1,EVENING,WEEKDAY,10.1
PASSENGER,MEDIUM,134.1,34.5,87.0,100.0,5.4,0,0.0,4,65.2,63.8,0,EVENING,WEEKDAY,16.6
PASSENGER,MEDIUM,76.8,46.6,9.1,110.0,4.4,2,3.9,1,61.1,52.2,1,EVENING,WEEKEND,18.1
EXPRESS,MEDIUM,84.3,79.2,108.3,110.0,6.2,0,0.0,1,68.5,68.3,0,MORNING,WEEKEND,11.0
EXPRESS,MEDIUM,58.1,72.5,17.9,110.0,0.0,2,2.3,3,84.3,75.3,3,MORNING,WEEKDAY,26.6
PASSENGER,MEDIUM,170.1,27.1,2.2,110.0,0.0,0,0.0,1,81.5,80.6,1,EVENING,WEEKEND,11.4
EXPRESS,MEDIUM,97.3,88.4,31.0,110.0,0.0,1,4.3,2,43.2,42.6,2,AFTERNOON,WEEKEND,18.0
EXPRESS,HIGH,76.1,49.2,92.8,110.0,8.6,1,4.6,1,66.7,63.7,0,EVENING,WEEKDAY,16.3
EXPRESS,HIGH,116.6,31.5,19.2,130.0,1.2,2,1.9,1,33.5,32.0,1,AFTERNOON,WEEKDAY,7.4
FREIGHT,LOW,164.6,91.3,13.1,75.0,0.0,4,3.0,2,31.0,34.0,1,NIGHT,WEEKDAY,17.7
EXPRESS,HIGH,151.0,57.1,32.0,120.0,0.0,0,0.0,4,98.0,91.5,2,EVENING,WEEKDAY,18.7
PASSENGER,MEDIUM,88.5,85.9,15.8,110.0,7.4,1,2.4,3,62.7,58.3,2,EVENING,WEEKDAY,30.3
PASSENGER,MEDIUM,103.9,39.1,40.9,100.0,0.0,0,0.0,3,74.7,67.2,1,EVENING,WEEKDAY,16.0
EXPRESS,HIGH,81.9,26.4,118.4,140.0,0.0,0,0.0,2,54.4,52.5,0,EVENING,WEEKDAY,6.3
EXPRESS,HIGH,49.4,7.1,3.1,140.0,0.1,1,1.9,2,38.0,33.6,3,EVENING,WEEKDAY,11.9
FREIGHT,LOW,158.9,17.2,15.8,65.0,3.6,0,0.0,1,20.8,22.8,1,EVENING,WEEKEND,12.3
PASSENGER,MEDIUM,38.2,81.6,83.9,110.0,0.0,2,2.2,2,59.6,56.2,0,MORNING,WEEKDAY,9.8
PASSENGER,MEDIUM,45.0,35.9,30.1,100.0,8.0,2,2.2,2,66.3,61.5,1,MORNING,WEEKDAY,21.2
EXPRESS,HIGH,150.7,50.6,26.4,120.0,1.4,3,3.2,2,81.1,74.6,1,AFTERNOON,WEEKDAY,13.6
EXPRESS,HIGH,81.9,14.5,97.1,110.0,4.1,1,1.5,1,10.3,12.3,0,NIGHT,WEEKDAY,3.8
PASSENGER,MEDIUM,170.5,58.2,98.8,100.0,0.0,0,0.0,2,10.0,5.3,0,AFTERNOON,WEEKEND,0.0
LOCAL,MEDIUM,139.1,47.4,35.1,90.0,1.6,0,0.0,2,11.0,14.9,1,EVENING,WEEKEND,8.9
EXPRESS,HIGH,64.6,60.8,133.7,140.0,1.7,1,2.1,1,34.2,28.4,0,MORNING,WEEKEND,2.0
EXPRESS,HIGH,57.3,38.9,85.5,110.0,4.8,1,4.5,1,16.1,20.6,0,NIGHT,WEEKDAY,7.3
EXPRESS,HIGH,74.3,81.9,102.5,110.0,1.3,2,2.3,1,40.8,38.7,0,AFTERNOON,WEEKEND,2.9
PASSENGER,MEDIUM,170.6,9.0,39.6,110.0,1.2,0,0.0,4,98.0,94.0,1,EVENING,WEEKDAY,18.9
EXPRESS,MEDIUM,73.9,93.2,90.0,110.0,0.1,4,4.6,2,65.6,69.5,0,MORNING,WEEKDAY,16.4
EXPRESS,HIGH,131.5,40.7,55.5,130.0,0.0,0,0.0,3,40.0,34.7,2,EVENING,WEEKDAY,12.8
EXPRESS,HIGH,31.6,68.1,34.4,140.0,0.0,1,4.7,2,53.8,50.3,1,AFTERNOON,WEEKDAY,12.0
LOCAL,LOW,101.5,81.2,18.1,80.0,0.0,4,2.4,3,62.4,51.2,2,EVENING,WEEKDAY,26.0
PASSENGER,MEDIUM,87.5,18.7,10.8,100.0,1.1,0,0.0,3,80.9,80.9,2,MORNING,WEEKDAY,19.4
EXPRESS,HIGH,32.0,11.4,138.5,140.0,1.9,1,2.0,1,15.5,20.3,0,AFTERNOON,WEEKDAY,3.7
EXPRESS,HIGH,114.2,90.5,92.1,110.0,0.0,0,0.0,1,69.4,60.1,0,MORNING,WEEKEND,4.5
LOCAL,LOW,145.4,57.2,36.3,90.0,0.0,1,1.9,2,77.8,73.5,0,EVENING,WEEKDAY,14.4
EXPRESS,MEDIUM,159.8,61.0,53.8,140.0,2.5,1,2.5,3,73.7,77.3,3,AFTERNOON,WEEKDAY,25.1
PASSENGER,MEDIUM,169.7,39.3,32.5,110.0,8.4,0,0.0,1,39.3,37.5,1,EVENING,WEEKEND,17.0
PASSENGER,MEDIUM,101.2,88.2,12.9,110.0,2.7,2,1.7,2,85.8,87.2,1,AFTERNOON,WEEKEND,20.9
EXPRESS,HIGH,151.7,19.7,6.8,110.0,0.0,1,4.1,2,59.1,55.7,1,MORNING,WEEKDAY,10.5
PASSENGER,HIGH,156.1,25.0,95.6,100.0,3.2,0,0.0,1,61.7,60.1,0,MORNING,WEEKDAY,7.8
LOCAL,MEDIUM,98.0,28.0,82.2,90.0,0.2,0,0.0,1,17.5,16.3,0,NIGHT,WEEKDAY,1.8
FREIGHT,LOW,58.9,17.9,19.4,65.0,0.0,0,0.0,1,26.9,24.8,1,NIGHT,WEEKDAY,8.8
PASSENGER,MEDIUM,105.5,59.0,7.7,100.0,5.5,0,0.0,2,90.0,91.9,3,MORNING,WEEKEND,29.7
FREIGHT,LOW,138.3,56.5,52.3,65.0,10.4,2,2.1,2,41.9,35.1,0,EVENING,WEEKDAY,18.7
LOCAL,MEDIUM,60.4,74.1,4.0,90.0,0.0,0,0.0,1,37.0,42.7,1,AFTERNOON,WEEKDAY,11.4
PASSENGER,MEDIUM,164.3,39.7,13.7,110.0,0.0,2,3.3,3,73.1,76.0,1,MORNING,WEEKDAY,18.3
PASSENGER,MEDIUM,155.8,39.3,49.4,110.0,17.5,0,0.0,2,79.3,82.0,2,AFTERNOON,WEEKDAY,33.6
EXPRESS,HIGH,139.6,63.5,20.0,130.0,0.0,2,3.9,1,80.2,75.3,1,EVENING,WEEKDAY,14.9
LOCAL,MEDIUM,136.1,70.9,77.9,80.0,0.0,2,3.2,1,22.2,23.7,0,MORNING,WEEKEND,0.5
FREIGHT,LOW,165.1,17.2,17.5,75.0,6.0,0,0.0,1,10.2,4.9,1,MORNING,WEEKEND,12.8
EXPRESS,MEDIUM,126.6,69.0,91.4,110.0,1.1,4,2.2,2,60.2,52.7,0,MORNING,WEEKDAY,8.6
EXPRESS,HIGH,68.2,92.4,28.7,120.0,2.3,1,2.3,1,85.0,75.0,3,EVENING,WEEKDAY,19.8
LOCAL,MEDIUM,80.5,45.3,70.2,90.0,0.0,0,0.0,1,10.0,12.2,0,EVENING,WEEKEND,1.2
EXPRESS,HIGH,140.2,84.1,21.8,110.0,0.0,0,0.0,2,46.4,50.1,1,NIGHT,WEEKDAY,10.8
PASSENGER,MEDIUM,128.6,59.9,31.1,110.0,4.5,3,3.4,3,79.4,73.5,1,MORNING,WEEKDAY,24.3
EXPRESS,HIGH,100.4,91.8,14.0,120.0,1.1,1,3.9,4,93.4,90.6,2,MORNING,WEEKDAY,24.4
FREIGHT,LOW,48.8,29.1,73.5,75.0,1.6,0,0.0,3,17.5,8.0,0,AFTERNOON,WEEKDAY,6.2
PASSENGER,HIGH,133.6,54.9,83.9,100.0,0.0,1,4.5,1,61.4,53.4,0,MORNING,WEEKDAY,7.5
LOCAL,MEDIUM,101.5,70.1,80.5,90.0,1.4,1,4.6,1,22.1,21.9,0,EVENING,WEEKEND,4.5
LOCAL,LOW,64.0,87.5,76.8,80.0,0.0,1,2.7,1,24.2,25.8,0,MORNING,WEEKEND,1.2
LOCAL,HIGH,59.7,60.1,20.4,90.0,2.5,0,0.0,3,57.4,55.5,3,EVENING,WEEKEND,18.7
LOCAL,LOW,140.3,21.9,70.8,80.0,1.5,1,3.9,1,27.8,29.8,0,NIGHT,WEEKDAY,6.1
FREIGHT,LOW,34.8,59.9,55.9,65.0,0.0,1,4.6,3,68.4,64.8,0,EVENING,WEEKDAY,14.1
PASSENGER,MEDIUM,135.5,64.9,87.6,110.0,0.0,3,2.2,1,62.2,59.5,0,AFTERNOON,WEEKEND,5.1
EXPRESS,HIGH,97.0,84.1,103.9,130.0,2.6,3,3.3,1,38.2,42.6,0,AFTERNOON,WEEKDAY,7.9
PASSENGER,MEDIUM,139.6,35.6,4.6,110.0,4.2,0,0.0,2,14.5,20.4,2,MORNING,WEEKEND,17.0
PASSENGER,MEDIUM,175.0,60.4,100.3,110.0,0.0,4,1.7,1,41.4,45.6,0,AFTERNOON,WEEKDAY,1.5
FREIGHT,LOW,79.1,16.0,5.3,75.0,0.0,1,3.8,2,69.6,65.3,1,MORNING,WEEKDAY,18.1
EXPRESS,HIGH,67.1,88.1,104.5,130.0,0.0,5,2.8,1,33.5,29.9,0,EVENING,WEEKEND,3.8
EXPRESS,HIGH,172.0,57.7,39.0,140.0,1.0,0,0.0,1,98.0,97.3,1,EVENING,WEEKDAY,14.1
EXPRESS,HIGH,117.1,33.9,52.8,140.0,5.5,1,3.3,2,91.3,87.8,3,MORNING,WEEKDAY,22.0
EXPRESS,MEDIUM,54.6,56.2,112.1,130.0,0.0,3,4.4,1,60.6,60.5,0,AFTERNOON,WEEKEND,10.1
FREIGHT,LOW,150.6,14.5,58.6,75.0,1.9,0,0.0,3,78.4,66.7,0,EVENING,WEEKDAY,13.2
EXPRESS,HIGH,145.2,80.8,26.7,120.0,0.0,5,3.4,3,76.6,73.5,2,EVENING,WEEKDAY,21.1
LOCAL,LOW,122.2,93.8,30.7,80.0,8.1,0,0.0,2,55.6,50.6,1,EVENING,WEEKDAY,27.6
EXPRESS,HIGH,118.6,61.8,22.7,120.0,3.5,1,4.7,2,78.1,74.8,1,EVENING,WEEKDAY,18.1
PASSENGER,MEDIUM,77.6,81.2,2.7,100.0,2.1,0,0.0,4,34.1,28.8,1,EVENING,WEEKDAY,20.2
EXPRESS,HIGH,124.8,20.8,43.7,120.0,0.0,0,0.0,1,78.5,73.0,1,MORNING,WEEKDAY,9.5
LOCAL,MEDIUM,83.3,71.7,13.5,90.0,0.0,2,4.2,2,46.6,43.5,1,EVENING,WEEKEND,16.0
PASSENGER,MEDIUM,158.2,80.3,94.9,110.0,0.6,1,2.5,2,42.6,37.2,0,EVENING,WEEKEND,5.6
EXPRESS,HIGH,148.4,12.3,102.1,110.0,0.5,0,0.0,1,47.1,42.1,0,MORNING,WEEKDAY,4.0
EXPRESS,MEDIUM,30.6,49.6,54.2,140.0,0.0,1,1.8,2,80.0,70.7,1,EVENING,WEEKDAY,14.8
PASSENGER,MEDIUM,167.5,74.8,22.0,100.0,3.0,3,2.0,2,51.0,42.1,1,AFTERNOON,WEEKDAY,16.4
EXPRESS,HIGH,100.1,81.9,39.1,120.0,5.1,3,2.4,3,70.9,66.0,1,EVENING,WEEKDAY,20.0
PASSENGER,HIGH,131.4,74.6,0.9,100.0,3.3,3,4.6,2,93.0,82.9,1,EVENING,WEEKDAY,23.6
PASSENGER,MEDIUM,75.1,17.1,83.9,100.0,9.3,1,4.2,1,19.2,14.1,0,MORNING,WEEKEND,11.5
EXPRESS,HIGH,71.3,73.2,137.3,140.0,6.2,3,1.9,1,48.7,52.4,0,MORNING,WEEKEND,8.6
LOCAL,MEDIUM,87.1,63.6,78.0,90.0,6.1,2,2.7,1,40.0,36.5,0,NIGHT,WEEKDAY,9.2
FREIGHT,LOW,161.4,36.1,14.9,65.0,3.3,0,0.0,2,78.0,66.2,2,MORNING,WEEKDAY,26.5
EXPRESS,HIGH,142.8,47.6,36.7,110.0,4.4,2,4.2,3,37.2,44.1,1,NIGHT,WEEKDAY,18.6
PASSENGER,MEDIUM,178.9,28.0,4.8,100.0,0.0,1,2.6,3,87.8,84.2,2,EVENING,WEEKDAY,21.1
EXPRESS,HIGH,174.4,21.3,17.7,140.0,5.8,1,3.7,3,74.2,71.7,1,MORNING,WEEKDAY,19.4
LOCAL,LOW,166.0,9.3,49.5,80.0,9.0,0,0.0,2,90.0,84.0,0,EVENING,WEEKDAY,20.8
PASSENGER,MEDIUM,49.6,60.3,66.6,100.0,0.0,0,0.0,3,77.6,73.4,0,MORNING,WEEKDAY,11.6
EXPRESS,HIGH,69.3,69.4,60.2,140.0,0.5,0,0.0,3,70.5,65.1,1,EVENING,WEEKDAY,13.6
LOCAL,MEDIUM,148.4,94.9,69.1,90.0,0.7,4,4.6,1,54.9,55.8,0,NIGHT,WEEKDAY,13.1
FREIGHT,LOW,95.9,61.1,57.3,65.0,1.7,4,4.5,1,57.4,54.7,0,MORNING,WEEKEND,13.1
PASSENGER,HIGH,31.8,43.9,14.3,110.0,0.0,2,4.9,2,51.4,47.1,1,EVENING,WEEKDAY,13.9
PASSENGER,HIGH,151.4,42.9,83.7,100.0,5.3,1,4.8,1,47.3,53.0,0,AFTERNOON,WEEKDAY,10.3
EXPRESS,HIGH,138.7,56.8,10.0,140.0,0.0,2,4.2,1,76.2,74.9,1,EVENING,WEEKDAY,15.3
PASSENGER,MEDIUM,88.3,50.6,93.3,110.0,0.3,3,3.1,1,35.9,32.8,0,EVENING,WEEKDAY,6.1
EXPRESS,HIGH,146.5,10.7,97.9,110.0,0.3,0,0.0,1,61.3,55.5,0,AFTERNOON,WEEKDAY,2.6
EXPRESS,HIGH,79.9,60.4,111.1,120.0,0.0,3,4.0,1,37.9,37.6,0,NIGHT,WEEKEND,5.9
LOCAL,MEDIUM,71.2,38.9,30.5,80.0,0.0,1,1.8,3,87.3,74.6,2,EVENING,WEEKDAY,20.5
LOCAL,MEDIUM,175.8,73.5,22.0,80.0,0.0,1,3.9,3,67.8,54.9,2,EVENING,WEEKDAY,21.0
EXPRESS,HIGH,127.1,56.5,50.9,130.0,0.0,2,4.9,2,81.4,77.6,2,EVENING,WEEKDAY,18.6
LOCAL,MEDIUM,70.8,73.7,64.3,80.0,0.0,2,2.8,1,71.5,68.6,0,EVENING,WEEKEND,7.7
EXPRESS,HIGH,69.6,86.1,88.1,110.0,1.7,3,2.1,1,27.6,28.1,0,EVENING,WEEKEND,5.0
LOCAL,LOW,114.7,64.7,33.0,80.0,0.0,4,1.8,2,27.7,26.7,3,AFTERNOON,WEEKEND,22.0
EXPRESS,HIGH,126.1,76.1,22.8,110.0,0.0,2,3.3,1,35.1,19.6,1,EVENING,WEEKDAY,12.1
LOCAL,MEDIUM,122.3,19.4,71.7,80.0,2.7,1,2.1,1,19.8,22.9,0,MORNING,WEEKEND,3.4
EXPRESS,HIGH,52.5,62.2,136.5,140.0,0.2,2,2.0,3,50.9,51.4,0,AFTERNOON,WEEKEND,5.9
EXPRESS,HIGH,134.8,16.1,35.1,140.0,0.5,0,0.0,2,22.2,29.6,2,AFTERNOON,WEEKDAY,9.6
LOCAL,MEDIUM,169.1,78.1,15.8,80.0,0.0,2,3.9,2,68.8,67.3,1,AFTERNOON,WEEKDAY,17.0
LOCAL,MEDIUM,76.7,55.2,60.9,80.0,3.1,1,2.3,3,65.0,60.1,0,MORNING,WEEKDAY,12.7
LOCAL,MEDIUM,179.3,89.7,38.1,90.0,0.8,0,0.0,4,66.0,63.5,2,MORNING,WEEKDAY,24.2
LOCAL,LOW,87.8,8.4,72.7,90.0,2.3,0,0.0,3,88.4,86.4,0,EVENING,WEEKDAY,16.2
EXPRESS,MEDIUM,137.5,69.1,38.3,110.0,0.0,4,4.0,3,80.1,71.8,2,MORNING,WEEKDAY,25.7
EXPRESS,HIGH,146.6,28.8,40.6,120.0,8.8,1,4.2,4,98.0,92.9,2,MORNING,WEEKDAY,25.6
EXPRESS,HIGH,55.8,75.1,23.6,130.0,0.4,1,1.9,2,41.7,45.4,1,AFTERNOON,WEEKDAY,11.6
FREIGHT,LOW,108.3,52.8,59.3,75.0,7.5,0,0.0,2,45.1,44.0,0,EVENING,WEEKDAY,15.7
EXPRESS,HIGH,106.6,89.3,98.6,130.0,13.7,0,0.0,1,19.5,24.1,0,MORNING,WEEKEND,18.0
LOCAL,MEDIUM,176.7,26.5,19.3,80.0,0.0,0,0.0,1,28.4,31.0,1,EVENING,WEEKEND,8.1
EXPRESS,HIGH,93.2,74.4,43.6,130.0,0.0,0,0.0,3,77.3,73.7,1,EVENING,WEEKDAY,14.5
PASSENGER,MEDIUM,121.8,66.4,0.8,100.0,6.4,3,4.8,2,78.4,69.6,2,MORNING,WEEKDAY,33.3
EXPRESS,HIGH,177.0,92.6,42.7,110.0,1.1,5,4.1,2,61.9,73.7,1,NIGHT,WEEKDAY,19.8
PASSENGER,MEDIUM,168.3,17.8,22.8,110.0,1.8,1,4.9,1,85.8,80.7,1,NIGHT,WEEKEND,14.4
EXPRESS,HIGH,98.9,26.6,39.4,110.0,2.9,1,4.4,3,49.6,57.1,2,AFTERNOON,WEEKDAY,16.2
LOCAL,LOW,66.6,8.6,79.9,80.0,0.0,0,0.0,2,46.1,39.1,0,EVENING,WEEKDAY,7.1
EXPRESS,HIGH,39.7,10.7,88.8,130.0,0.4,0,0.0,2,92.3,84.4,0,EVENING,WEEKDAY,8.1
EXPRESS,HIGH,104.0,24.7,107.1,110.0,0.0,0,0.0,1,22.5,24.9,0,MORNING,WEEKEND,1.0
PASSENGER,MEDIUM,85.7,13.0,42.1,100.0,5.5,1,4.4,2,85.6,84.9,1,MORNING,WEEKDAY,20.4
LOCAL,LOW,62.1,18.9,19.4,90.0,9.0,1,4.3,1,76.4,79.7,1,NIGHT,WEEKDAY,25.1
EXPRESS,HIGH,121.6,68.0,94.0,120.0,1.4,3,4.4,1,47.5,51.9,0,NIGHT,WEEKDAY,11.0
FREIGHT,LOW,98.4,85.6,31.8,65.0,0.6,3,2.1,2,87.6,80.0,0,MORNING,WEEKDAY,15.2
EXPRESS,HIGH,94.4,39.7,96.9,120.0,5.1,2,3.4,1,60.0,55.5,0,EVENING,WEEKEND,10.5
PASSENGER,HIGH,178.7,57.5,19.8,110.0,0.0,0,0.0,4,60.0,51.9,1,MORNING,WEEKDAY,15.4
PASSENGER,MEDIUM,71.3,54.1,91.7,100.0,0.0,1,2.8,1,50.4,57.8,0,AFTERNOON,WEEKDAY,3.8
PASSENGER,MEDIUM,83.7,71.7,96.7,100.0,0.0,3,2.7,1,39.7,51.2,0,EVENING,WEEKEND,4.7
PASSENGER,MEDIUM,43.5,40.4,84.2,110.0,0.0,0,0.0,1,24.0,25.2,0,NIGHT,WEEKDAY,2.8
PASSENGER,MEDIUM,66.1,23.8,80.4,110.0,11.3,0,0.0,3,98.0,89.8,0,EVENING,WEEKDAY,23.1
FREIGHT,LOW,159.0,52.0,62.8,65.0,1.0,2,3.5,2,58.3,53.5,0,EVENING,WEEKDAY,11.4
EXPRESS,HIGH,104.6,61.0,128.1,130.0,0.0,1,4.2,1,54.0,53.8,0,NIGHT,WEEKDAY,4.4
EXPRESS,HIGH,90.6,9.7,4.7,110.0,0.8,0,0.0,2,76.6,71.6,2,MORNING,WEEKDAY,12.6
PASSENGER,HIGH,60.2,81.3,41.7,100.0,0.0,3,4.3,2,61.0,59.2,1,EVENING,WEEKEND,15.5
FREIGHT,LOW,86.2,92.5,74.2,75.0,0.0,3,4.6,3,61.6,52.8,0,EVENING,WEEKDAY,15.7
EXPRESS,HIGH,166.8,79.7,51.1,120.0,1.8,1,3.2,3,73.4,78.4,0,AFTERNOON,WEEKDAY,13.6
LOCAL,LOW,178.5,84.5,79.6,80.0,0.0,3,4.6,1,48.1,46.3,0,EVENING,WEEKEND,9.4
PASSENGER,MEDIUM,110.1,11.6,42.4,110.0,1.8,0,0.0,2,98.0,96.5,1,MORNING,WEEKDAY,16.3
FREIGHT,LOW,112.8,46.1,19.7,65.0,0.0,1,5.0,2,78.2,70.4,1,EVENING,WEEKDAY,21.5
EXPRESS,HIGH,171.5,31.6,112.5,130.0,2.8,0,0.0,1,63.3,61.0,0,EVENING,WEEKDAY,8.4
LOCAL,MEDIUM,48.9,48.9,1.4,90.0,7.3,0,0.0,2,29.3,35.5,2,EVENING,WEEKEND,22.5
FREIGHT,LOW,109.9,78.2,55.4,65.0,1.1,4,2.0,3,55.3,51.8,0,EVENING,WEEKDAY,12.0
EXPRESS,HIGH,93.4,67.2,102.4,130.0,0.2,4,1.7,1,54.7,50.3,0,AFTERNOON,WEEKDAY,4.8
EXPRESS,HIGH,49.1,10.6,41.6,140.0,1.6,0,0.0,3,76.3,76.2,1,MORNING,WEEKDAY,11.0
LOCAL,MEDIUM,91.6,18.3,87.1,90.0,3.4,0,0.0,1,20.8,18.7,0,EVENING,WEEKEND,4.6
PASSENGER,MEDIUM,178.1,40.7,7.3,110.0,6.7,2,4.9,2,47.5,45.5,1,AFTERNOON,WEEKEND,22.9
EXPRESS,HIGH,86.9,60.2,91.0,120.0,0.0,3,3.7,1,37.4,30.0,0,AFTERNOON,WEEKDAY,6.2
LOCAL,MEDIUM,174.4,76.8,68.4,80.0,1.7,3,4.0,1,13.0,12.6,0,MORNING,WEEKEND,7.5
EXPRESS,HIGH,120.9,19.8,102.4,110.0,1.9,1,2.2,1,29.9,37.5,0,NIGHT,WEEKEND,3.6
LOCAL,LOW,94.0,36.3,19.0,80.0,9.6,2,1.8,2,31.5,29.0,2,AFTERNOON,WEEKDAY,26.9
LOCAL,LOW,91.5,81.7,18.6,80.0,0.6,0,0.0,3,85.5,79.2,1,MORNING,WEEKDAY,25.5
PASSENGER,MEDIUM,173.1,10.8,88.6,100.0,0.0,0,0.0,1,41.4,34.9,0,NIGHT,WEEKDAY,2.2
FREIGHT,LOW,117.9,13.4,64.8,75.0,6.1,1,3.4,1,19.0,17.4,0,AFTERNOON,WEEKDAY,9.1
FREIGHT,LOW,121.9,47.7,21.5,65.0,0.0,2,2.4,3,79.7,80.9,2,EVENING,WEEKDAY,25.9
EXPRESS,HIGH,86.3,21.1,6.4,110.0,1.2,1,1.8,2,90.7,89.3,1,MORNING,WEEKDAY,12.9
EXPRESS,HIGH,127.2,37.2,39.4,130.0,2.9,1,2.3,2,40.9,38.2,3,MORNING,WEEKEND,14.4
LOCAL,MEDIUM,48.9,39.2,8.5,90.0,0.0,0,0.0,2,88.3,83.8,1,MORNING,WEEKDAY,15.5
LOCAL,MEDIUM,155.3,12.3,73.0,90.0,0.0,0,0.0,1,54.2,49.1,0,AFTERNOON,WEEKDAY,5.1
EXPRESS,HIGH,161.2,27.2,4.4,130.0,0.0,0,0.0,3,49.4,47.1,1,EVENING,WEEKDAY,11.3
EXPRESS,MEDIUM,51.2,36.4,31.1,130.0,6.4,1,3.1,2,60.8,55.8,1,EVENING,WEEKDAY,21.0
EXPRESS,MEDIUM,128.2,79.7,111.8,130.0,0.0,4,2.3,1,10.0,8.2,0,NIGHT,WEEKEND,2.3
EXPRESS,MEDIUM,162.8,40.9,81.1,110.0,3.1,1,2.7,1,74.5,64.6,0,AFTERNOON,WEEKEND,9.5
EXPRESS,HIGH,147.0,14.2,21.0,110.0,0.0,0,0.0,2,33.9,34.9,1,EVENING,WEEKEND,6.0
EXPRESS,HIGH,170.7,39.5,15.5,120.0,5.1,0,0.0,3,92.7,93.9,1,MORNING,WEEKDAY,19.2
PASSENGER,MEDIUM,100.5,39.7,73.5,100.0,0.0,2,3.8,1,91.6,83.4,0,MORNING,WEEKDAY,10.5
PASSENGER,MEDIUM,159.3,73.8,89.7,110.0,10.4,3,3.6,1,66.1,66.9,0,NIGHT,WEEKDAY,18.9
EXPRESS,HIGH,150.0,47.2,3.6,110.0,0.0,0,0.0,1,28.4,34.1,1,AFTERNOON,WEEKDAY,7.5
EXPRESS,HIGH,143.1,12.4,42.8,140.0,0.9,0,0.0,3,65.9,64.7,1,EVENING,WEEKDAY,12.4
LOCAL,MEDIUM,164.4,90.1,64.3,80.0,8.8,1,2.9,2,61.4,61.3,0,MORNING,WEEKDAY,18.1
EXPRESS,HIGH,58.6,33.1,117.7,120.0,4.1,2,1.6,3,67.8,57.9,0,MORNING,WEEKDAY,11.8
EXPRESS,HIGH,66.2,37.5,87.1,110.0,0.0,0,0.0,3,47.8,43.9,0,EVENING,WEEKDAY,7.5
LOCAL,LOW,117.8,72.3,16.6,90.0,0.0,4,2.8,3,61.7,61.2,1,MORNING,WEEKDAY,23.2
FREIGHT,LOW,109.4,8.5,20.1,75.0,0.0,0,0.0,2,25.7,32.6,1,NIGHT,WEEKEND,10.5
PASSENGER,MEDIUM,103.7,64.7,28.3,100.0,5.8,3,4.5,1,35.6,26.9,1,MORNING,WEEKDAY,21.6
PASSENGER,MEDIUM,133.6,14.8,35.1,100.0,0.0,1,2.7,3,71.5,76.8,2,NIGHT,WEEKDAY,16.3
EXPRESS,HIGH,76.5,54.3,103.2,130.0,0.0,3,2.4,1,49.1,48.8,0,NIGHT,WEEKEND,2.0
PASSENGER,MEDIUM,34.6,62.4,79.6,110.0,0.0,4,2.7,1,87.9,88.7,0,NIGHT,WEEKDAY,7.3
LOCAL,MEDIUM,65.7,85.2,70.0,80.0,0.6,2,3.5,1,51.1,49.7,0,AFTERNOON,WEEKEND,6.7
PASSENGER,HIGH,49.2,75.8,93.9,100.0,0.0,5,3.7,2,66.9,68.9,0,MORNING,WEEKDAY,11.7
PASSENGER,MEDIUM,149.3,31.2,85.7,100.0,0.0,1,2.2,1,45.1,46.9,0,AFTERNOON,WEEKDAY,3.9
EXPRESS,HIGH,108.3,43.3,120.7,130.0,1.2,2,2.0,2,31.6,24.7,0,AFTERNOON,WEEKDAY,4.6
EXPRESS,MEDIUM,61.7,47.4,121.2,140.0,0.0,0,0.0,1,42.0,38.3,0,NIGHT,WEEKDAY,4.0
EXPRESS,MEDIUM,106.7,72.4,24.5,120.0,0.0,3,4.9,1,92.0,84.3,1,MORNING,WEEKDAY,22.6
FREIGHT,LOW,157.6,74.3,18.4,65.0,1.2,1,4.6,2,85.2,75.4,2,MORNING,WEEKDAY,29.7
PASSENGER,MEDIUM,43.9,24.4,81.0,110.0,0.1,0,0.0,2,82.7,77.1,0,EVENING,WEEKDAY,9.4
EXPRESS,HIGH,33.9,66.8,24.2,110.0,6.9,2,2.8,3,50.7,57.0,1,NIGHT,WEEKDAY,19.7
EXPRESS,HIGH,166.3,22.2,1.6,140.0,0.0,0,0.0,2,83.1,84.5,2,MORNING,WEEKEND,11.8
LOCAL,MEDIUM,127.2,13.6,3.1,90.0,0.0,0,0.0,2,54.3,49.1,2,EVENING,WEEKDAY,15.6
PASSENGER,MEDIUM,163.8,21.5,93.0,100.0,3.7,1,2.3,3,49.8,53.3,0,AFTERNOON,WEEKDAY,9.0
EXPRESS,HIGH,110.8,45.1,93.0,120.0,5.5,3,1.8,1,13.1,13.2,0,MORNING,WEEKEND,7.3
EXPRESS,HIGH,166.1,67.6,106.9,120.0,1.3,2,1.9,1,24.1,26.0,0,MORNING,WEEKEND,3.1
PASSENGER,MEDIUM,175.6,10.0,49.1,100.0,7.7,0,0.0,3,74.9,63.4,0,EVENING,WEEKDAY,18.0
PASSENGER,MEDIUM,53.6,94.7,24.8,100.0,3.7,1,2.2,2,58.9,50.9,1,MORNING,WEEKDAY,21.0
EXPRESS,HIGH,42.0,5.7,49.9,120.0,0.0,1,1.9,2,51.3,51.7,1,AFTERNOON,WEEKDAY,7.3
PASSENGER,MEDIUM,157.5,87.1,23.7,100.0,0.4,3,4.7,3,60.2,59.0,1,EVENING,WEEKDAY,24.4
PASSENGER,MEDIUM,159.7,11.9,52.5,110.0,0.6,0,0.0,3,90.1,82.8,0,EVENING,WEEKDAY,12.6
PASSENGER,MEDIUM,77.7,48.2,5.8,110.0,1.7,0,0.0,2,45.4,48.9,3,NIGHT,WEEKEND,20.7
FREIGHT,MEDIUM,99.6,94.2,21.0,75.0,0.0,4,3.4,1,75.9,73.3,1,EVENING,WEEKDAY,18.7
EXPRESS,HIGH,50.3,52.1,113.4,120.0,0.0,3,1.9,1,25.0,32.8,0,MORNING,WEEKEND,1.9
EXPRESS,HIGH,130.8,83.8,137.6,140.0,9.3,2,4.4,2,16.2,17.1,0,NIGHT,WEEKDAY,12.3
EXPRESS,HIGH,64.7,82.3,101.0,130.0,1.1,2,2.3,2,37.8,44.6,0,EVENING,WEEKEND,5.5
FREIGHT,LOW,45.4,42.9,11.8,65.0,1.5,1,2.0,2,21.5,18.0,1,MORNING,WEEKEND,13.9
EXPRESS,HIGH,166.0,80.6,55.9,120.0,0.0,1,3.8,2,75.5,73.4,0,MORNING,WEEKDAY,12.0
PASSENGER,HIGH,83.8,83.5,104.7,110.0,5.3,5,1.9,1,56.1,54.8,0,MORNING,WEEKEND,7.5
PASSENGER,MEDIUM,35.3,41.8,22.5,110.0,2.2,0,0.0,1,11.9,11.0,1,AFTERNOON,WEEKDAY,9.5
LOCAL,MEDIUM,108.1,20.6,12.7,80.0,0.0,1,4.9,2,20.0,14.5,1,MORNING,WEEKDAY,11.0
PASSENGER,MEDIUM,42.1,86.5,6.2,110.0,0.0,4,4.4,2,26.9,25.9,1,NIGHT,WEEKDAY,20.4
EXPRESS,HIGH,95.0,67.8,31.7,140.0,1.8,0,0.0,2,73.8,72.4,1,EVENING,WEEKDAY,15.4
LOCAL,LOW,56.2,23.9,33.5,90.0,0.1,1,2.0,2,98.0,82.3,2,MORNING,WEEKDAY,23.3
PASSENGER,MEDIUM,166.4,11.3,98.7,110.0,0.7,0,0.0,1,37.1,39.8,0,MORNING,WEEKEND,4.1
LOCAL,MEDIUM,79.1,28.1,6.7,80.0,2.8,0,0.0,2,72.7,70.8,1,EVENING,WEEKDAY,16.3
PASSENGER,HIGH,109.3,63.2,45.5,110.0,2.7,4,3.4,2,14.4,8.4,1,AFTERNOON,WEEKEND,12.6
LOCAL,LOW,161.2,73.4,71.1,80.0,2.5,1,1.9,1,43.3,41.9,0,AFTERNOON,WEEKDAY,8.6
EXPRESS,HIGH,105.0,86.3,4.8,130.0,2.1,0,0.0,2,77.8,70.5,1,EVENING,WEEKDAY,16.2
EXPRESS,HIGH,102.4,31.7,10.6,130.0,1.4,0,0.0,1,43.6,46.7,1,AFTERNOON,WEEKDAY,9.1
FREIGHT,MEDIUM,45.1,55.8,18.7,75.0,0.4,3,1.7,2,70.3,65.1,1,EVENING,WEEKDAY,16.0
FREIGHT,MEDIUM,118.3,59.3,4.4,65.0,0.0,1,4.5,4,88.4,84.5,1,EVENING,WEEKDAY,21.3
EXPRESS,MEDIUM,151.5,15.6,6.6,120.0,0.0,1,3.8,2,76.5,69.3,3,MORNING,WEEKDAY,21.7
LOCAL,MEDIUM,77.1,88.1,64.8,90.0,0.6,1,2.6,1,83.6,72.6,0,MORNING,WEEKDAY,9.8
EXPRESS,HIGH,65.1,18.1,1.8,110.0,0.0,1,2.4,2,54.0,55.7,2,EVENING,WEEKDAY,11.9
EXPRESS,MEDIUM,80.6,83.0,70.2,140.0,3.1,0,0.0,2,70.1,68.1,0,EVENING,WEEKEND,13.2
LOCAL,MEDIUM,146.1,24.0,34.6,80.0,0.0,0,0.0,2,65.4,54.0,1,MORNING,WEEKDAY,13.3
EXPRESS,HIGH,48.5,43.3,99.4,120.0,0.0,1,2.8,1,74.8,66.3,0,NIGHT,WEEKDAY,3.3
PASSENGER,MEDIUM,91.5,13.5,93.1,110.0,0.0,0,0.0,1,63.4,54.7,0,MORNING,WEEKDAY,6.7
EXPRESS,MEDIUM,63.7,90.5,138.1,140.0,0.0,5,4.4,1,24.0,24.2,0,AFTERNOON,WEEKDAY,7.6
LOCAL,MEDIUM,103.8,41.2,79.6,80.0,1.1,2,3.3,1,37.5,31.1,0,EVENING,WEEKEND,4.7
EXPRESS,HIGH,55.7,58.8,103.5,130.0,1.0,1,3.0,1,26.8,17.2,0,MORNING,WEEKEND,3.9
FREIGHT,LOW,168.6,93.9,25.5,75.0,1.4,5,2.5,2,73.8,70.9,3,EVENING,WEEKDAY,33.8
PASSENGER,MEDIUM,120.7,49.2,92.8,110.0,0.5,1,1.6,1,32.9,32.7,0,AFTERNOON,WEEKDAY,4.4
PASSENGER,HIGH,128.7,74.7,21.1,110.0,0.0,1,2.3,3,29.6,31.7,2,EVENING,WEEKEND,14.7
EXPRESS,HIGH,40.4,29.5,39.7,140.0,0.0,0,0.0,2,59.3,50.1,2,MORNING,WEEKDAY,12.3
PASSENGER,MEDIUM,113.2,20.8,61.9,100.0,0.0,1,2.6,2,88.5,88.0,0,EVENING,WEEKDAY,9.4
PASSENGER,MEDIUM,106.4,83.7,88.1,100.0,0.0,3,2.5,1,37.2,38.3,0,MORNING,WEEKEND,4.3
PASSENGER,MEDIUM,154.1,6.0,47.8,110.0,0.0,1,4.6,3,60.1,55.3,1,EVENING,WEEKDAY,14.1
FREIGHT,MEDIUM,132.7,55.6,2.1,65.0,0.0,1,4.6,2,48.4,46.5,1,EVENING,WEEKDAY,15.2
PASSENGER,HIGH,179.4,55.1,87.6,110.0,0.0,1,3.5,3,46.9,42.9,0,MORNING,WEEKDAY,7.8
PASSENGER,MEDIUM,50.9,13.5,65.3,100.0,10.3,0,0.0,4,97.8,96.5,0,EVENING,WEEKDAY,24.2
PASSENGER,HIGH,73.7,15.4,13.1,110.0,1.3,0,0.0,2,94.0,85.6,1,EVENING,WEEKDAY,11.8
PASSENGER,MEDIUM,154.7,79.3,32.6,100.0,4.3,5,4.3,2,12.0,15.2,2,NIGHT,WEEKDAY,26.0
PASSENGER,MEDIUM,143.1,28.6,15.4,100.0,0.0,0,0.0,2,92.3,85.9,2,EVENING,WEEKDAY,18.0
LOCAL,MEDIUM,67.8,17.9,0.2,80.0,0.1,0,0.0,2,35.0,36.6,2,AFTERNOON,WEEKDAY,13.1
EXPRESS,HIGH,123.3,80.9,103.0,110.0,0.0,4,3.9,1,39.3,30.1,0,EVENING,WEEKDAY,8.8
LOCAL,HIGH,136.4,31.1,31.2,80.0,2.9,2,4.1,2,48.8,36.2,2,MORNING,WEEKDAY,16.8
PASSENGER,MEDIUM,174.0,62.3,17.9,100.0,0.0,4,4.3,2,47.8,52.0,1,MORNING,WEEKDAY,21.7
PASSENGER,MEDIUM,60.9,90.8,90.0,100.0,0.0,4,2.1,1,26.3,21.4,0,MORNING,WEEKEND,2.3
PASSENGER,MEDIUM,86.5,72.8,96.1,110.0,6.5,1,3.1,1,68.9,61.3,0,NIGHT,WEEKDAY,11.8
LOCAL,MEDIUM,177.8,73.9,78.6,80.0,1.1,4,2.1,1,50.5,47.2,0,MORNING,WEEKEND,3.9
EXPRESS,HIGH,97.8,8.4,101.2,130.0,0.0,1,4.2,3,33.3,34.6,0,NIGHT,WEEKDAY,6.3
PASSENGER,MEDIUM,154.0,76.1,29.8,100.0,1.7,1,3.6,3,77.5,73.5,2,MORNING,WEEKDAY,24.1
FREIGHT,LOW,157.3,64.9,24.0,65.0,0.0,1,1.8,3,68.4,64.7,2,MORNING,WEEKDAY,25.6
EXPRESS,HIGH,61.5,35.1,55.5,110.0,0.0,0,0.0,2,78.6,71.7,0,EVENING,WEEKDAY,8.3
PASSENGER,MEDIUM,132.3,74.7,16.8,110.0,4.9,0,0.0,2,22.2,21.4,2,NIGHT,WEEKDAY,21.2
PASSENGER,HIGH,33.7,74.3,99.3,100.0,0.1,0,0.0,1,37.1,42.5,0,MORNING,WEEKEND,0.3
FREIGHT,MEDIUM,93.8,85.5,16.9,75.0,1.8,4,3.6,3,90.5,85.2,1,MORNING,WEEKDAY,25.4
PASSENGER,MEDIUM,119.4,93.9,89.0,110.0,0.3,2,3.5,1,11.7,9.6,0,AFTERNOON,WEEKEND,4.3
LOCAL,MEDIUM,164.9,74.8,34.3,80.0,0.5,1,1.9,2,64.8,61.4,1,EVENING,WEEKDAY,15.3
PASSENGER,MEDIUM,87.7,77.4,47.3,110.0,0.0,5,2.2,1,10.0,11.2,1,EVENING,WEEKEND,9.1
PASSENGER,MEDIUM,129.3,94.7,22.3,110.0,0.0,5,3.1,4,80.6,77.3,1,EVENING,WEEKDAY,24.3
LOCAL,LOW,150.6,22.9,16.1,80.0,1.5,0,0.0,2,64.7,60.5,1,EVENING,WEEKEND,16.1
EXPRESS,HIGH,136.1,68.9,41.1,140.0,0.0,4,3.3,4,98.0,91.0,1,MORNING,WEEKDAY,19.4
EXPRESS,HIGH,69.4,42.7,27.9,130.0,9.5,1,4.3,2,40.1,42.4,3,AFTERNOON,WEEKDAY,23.0
FREIGHT,LOW,115.0,65.1,60.7,65.0,3.3,4,3.3,1,51.1,41.8,0,NIGHT,WEEKEND,10.8
EXPRESS,HIGH,136.8,86.1,41.3,140.0,0.0,4,2.2,4,96.4,90.0,2,MORNING,WEEKDAY,19.3
EXPRESS,HIGH,161.9,31.9,107.6,130.0,10.0,0,0.0,2,63.3,62.9,0,EVENING,WEEKDAY,16.6
FREIGHT,LOW,66.1,50.5,32.9,65.0,5.8,3,3.6,1,88.6,94.3,0,NIGHT,WEEKDAY,18.7
PASSENGER,HIGH,76.2,58.8,103.4,110.0,0.0,1,2.8,1,32.6,31.9,0,AFTERNOON,WEEKDAY,0.6
EXPRESS,HIGH,171.4,29.5,23.6,140.0,3.6,0,0.0,1,18.2,28.2,1,AFTERNOON,WEEKDAY,9.3
EXPRESS,HIGH,38.3,23.5,119.1,120.0,0.0,0,0.0,1,30.2,26.7,0,AFTERNOON,WEEKDAY,1.9
EXPRESS,HIGH,34.2,41.1,109.3,120.0,0.4,1,4.3,3,43.7,47.5,0,AFTERNOON,WEEKDAY,6.3
FREIGHT,LOW,178.8,29.7,10.7,65.0,2.6,1,4.1,2,24.9,29.2,1,AFTERNOON,WEEKDAY,15.3
FREIGHT,LOW,175.5,68.5,20.3,65.0,1.0,1,2.1,2,40.0,35.0,2,MORNING,WEEKDAY,21.9
FREIGHT,MEDIUM,39.9,90.4,57.6,65.0,2.6,3,3.9,1,45.2,44.1,0,NIGHT,WEEKDAY,9.7
PASSENGER,HIGH,129.1,63.9,92.7,100.0,2.7,3,3.8,1,49.9,50.4,0,AFTERNOON,WEEKDAY,8.7
PASSENGER,LOW,125.7,12.9,95.5,100.0,0.0,1,4.1,1,53.1,46.6,0,MORNING,WEEKEND,6.4
LOCAL,HIGH,36.2,87.0,63.8,80.0,0.9,0,0.0,2,78.9,74.8,0,MORNING,WEEKDAY,9.7
LOCAL,LOW,156.0,35.0,74.7,90.0,3.3,1,2.1,2,55.0,45.9,0,MORNING,WEEKDAY,11.5
FREIGHT,LOW,51.8,46.3,16.0,65.0,0.0,3,4.6,2,70.9,71.4,1,MORNING,WEEKDAY,22.8
PASSENGER,HIGH,93.2,59.9,70.9,100.0,4.9,1,4.2,1,70.2,70.7,0,AFTERNOON,WEEKDAY,11.1
PASSENGER,HIGH,82.1,47.5,90.4,100.0,1.5,0,0.0,1,31.8,23.7,0,AFTERNOON,WEEKDAY,3.5
FREIGHT,LOW,166.6,63.6,54.0,65.0,0.0,3,4.2,3,33.5,28.1,0,MORNING,WEEKDAY,12.8
FREIGHT,LOW,149.0,93.9,2.3,65.0,0.0,1,3.2,2,70.2,58.9,2,MORNING,WEEKDAY,28.8
LOCAL,MEDIUM,55.2,73.2,0.4,90.0,0.0,3,2.5,4,50.5,46.2,1,MORNING,WEEKDAY,18.7
EXPRESS,MEDIUM,76.0,50.8,109.9,120.0,3.0,0,0.0,1,40.3,42.6,0,NIGHT,WEEKEND,6.6
EXPRESS,HIGH,126.7,89.9,19.2,140.0,0.2,5,4.4,2,98.0,94.3,2,MORNING,WEEKDAY,26.3
PASSENGER,MEDIUM,142.3,29.1,58.9,110.0,0.0,0,0.0,2,98.0,93.3,0,EVENING,WEEKDAY,11.9
LOCAL,MEDIUM,149.6,17.7,58.1,90.0,0.0,0,0.0,1,85.6,75.2,0,EVENING,WEEKDAY,7.4
EXPRESS,HIGH,171.0,46.8,121.3,130.0,1.4,2,4.2,1,60.0,57.6,0,MORNING,WEEKDAY,9.7
LOCAL,MEDIUM,53.1,52.1,37.8,90.0,0.0,3,3.5,3,44.5,37.3,1,MORNING,WEEKEND,14.1
EXPRESS,HIGH,179.8,33.6,16.1,110.0,9.3,2,2.0,2,80.3,74.5,1,EVENING,WEEKDAY,20.2
PASSENGER,HIGH,143.2,86.8,81.3,100.0,8.0,4,3.2,3,65.5,66.7,0,EVENING,WEEKDAY,20.3
EXPRESS,MEDIUM,42.6,65.2,107.0,140.0,2.0,3,4.8,1,38.8,39.5,0,AFTERNOON,WEEKDAY,11.0
PASSENGER,MEDIUM,89.0,74.1,3.2,110.0,4.9,1,3.3,3,84.4,79.4,2,MORNING,WEEKDAY,28.8
FREIGHT,LOW,101.3,70.7,20.8,65.0,0.4,3,1.8,2,69.4,64.8,1,AFTERNOON,WEEKDAY,17.9
LOCAL,MEDIUM,46.5,86.5,71.9,80.0,0.0,2,2.6,2,38.0,41.3,0,MORNING,WEEKEND,5.1
PASSENGER,MEDIUM,56.6,16.6,18.6,100.0,1.7,1,4.0,3,90.0,90.5,1,MORNING,WEEKDAY,19.6
EXPRESS,HIGH,177.5,58.1,120.6,130.0,2.3,1,2.9,3,62.2,51.4,0,MORNING,WEEKDAY,10.5
EXPRESS,HIGH,106.7,34.3,40.2,110.0,0.0,1,1.8,3,98.0,93.8,3,MORNING,WEEKDAY,18.1
EXPRESS,HIGH,70.2,20.5,11.5,120.0,7.9,1,2.7,4,80.5,68.7,2,EVENING,WEEKDAY,24.2
EXPRESS,HIGH,56.0,21.9,37.0,140.0,1.3,0,0.0,3,13.9,14.6,3,NIGHT,WEEKDAY,13.6
PASSENGER,MEDIUM,158.0,25.8,90.6,110.0,1.3,0,0.0,1,49.8,48.0,0,NIGHT,WEEKDAY,4.7
FREIGHT,LOW,65.1,25.2,49.1,65.0,0.0,1,4.3,1,21.6,21.8,0,AFTERNOON,WEEKDAY,3.7
EXPRESS,MEDIUM,123.1,6.8,43.6,110.0,0.0,1,3.3,1,82.4,75.2,2,MORNING,WEEKEND,13.2
FREIGHT,MEDIUM,173.8,16.2,64.3,65.0,1.6,0,0.0,3,32.4,31.9,0,AFTERNOON,WEEKEND,7.3
LOCAL,MEDIUM,112.1,88.1,9.4,90.0,0.0,3,4.4,2,23.3,19.8,1,MORNING,WEEKDAY,19.5
PASSENGER,MEDIUM,48.4,55.2,15.7,110.0,2.2,2,3.0,2,90.2,86.4,1,MORNING,WEEKDAY,20.0
FREIGHT,LOW,39.6,34.6,61.5,65.0,0.2,2,4.0,1,24.0,31.3,0,EVENING,WEEKEND,5.8
PASSENGER,LOW,138.7,73.3,39.9,110.0,2.1,0,0.0,3,53.2,47.7,1,MORNING,WEEKDAY,22.0
EXPRESS,HIGH,136.4,10.3,127.1,140.0,6.1,0,0.0,1,35.9,32.2,0,MORNING,WEEKEND,7.7
PASSENGER,MEDIUM,147.2,75.7,23.7,100.0,0.5,0,0.0,3,71.1,66.4,1,MORNING,WEEKDAY,18.6
EXPRESS,HIGH,131.1,60.4,56.1,130.0,0.8,3,2.7,2,86.3,78.1,1,MORNING,WEEKDAY,14.9
PASSENGER,MEDIUM,54.7,75.0,43.5,100.0,0.0,3,2.2,2,56.1,58.8,1,EVENING,WEEKDAY,13.6
EXPRESS,HIGH,153.9,61.7,70.4,110.0,4.9,0,0.0,1,78.0,74.2,0,MORNING,WEEKDAY,11.3
PASSENGER,MEDIUM,125.4,29.2,40.2,110.0,3.0,1,4.6,4,47.6,48.2,2,EVENING,WEEKDAY,23.3
LOCAL,MEDIUM,122.9,48.6,14.6,90.0,0.0,2,2.4,2,66.4,63.1,1,EVENING,WEEKDAY,14.5
EXPRESS,HIGH,112.2,50.6,97.1,120.0,0.0,1,4.7,1,66.5,74.0,0,MORNING,WEEKEND,6.3
FREIGHT,LOW,155.8,32.2,17.6,75.0,4.1,1,3.3,2,21.1,20.1,2,AFTERNOON,WEEKDAY,20.7
EXPRESS,HIGH,65.2,48.3,28.8,120.0,1.0,1,4.6,2,34.0,24.7,2,MORNING,WEEKDAY,15.4
EXPRESS,MEDIUM,48.1,25.7,2.0,110.0,1.9,0,0.0,1,58.1,51.5,1,EVENING,WEEKDAY,13.5
PASSENGER,MEDIUM,145.7,12.4,78.2,100.0,0.0,0,0.0,1,41.1,38.0,0,AFTERNOON,WEEKDAY,3.1
EXPRESS,HIGH,127.6,11.7,111.5,120.0,3.3,0,0.0,1,36.6,29.4,0,MORNING,WEEKEND,5.4
FREIGHT,LOW,156.5,55.9,6.2,65.0,7.3,2,3.8,2,90.4,84.8,1,MORNING,WEEKDAY,31.6
LOCAL,LOW,140.5,38.7,16.8,80.0,0.0,1,3.1,1,51.4,40.6,1,MORNING,WEEKDAY,13.4
PASSENGER,MEDIUM,140.5,66.7,83.0,100.0,0.0,4,4.5,3,28.2,29.5,0,AFTERNOON,WEEKDAY,12.7
EXPRESS,MEDIUM,113.9,16.9,36.4,130.0,8.8,1,3.1,2,17.6,22.3,1,AFTERNOON,WEEKDAY,15.8
EXPRESS,MEDIUM,79.2,61.7,114.7,140.0,0.0,2,2.4,1,56.7,64.0,0,AFTERNOON,WEEKDAY,5.6
EXPRESS,HIGH,68.9,50.3,48.2,110.0,2.0,2,1.6,3,97.9,92.6,1,EVENING,WEEKDAY,15.6
EXPRESS,HIGH,72.5,11.3,114.1,130.0,0.1,1,2.1,1,34.5,37.0,0,AFTERNOON,WEEKEND,1.3
FREIGHT,LOW,100.6,71.2,18.9,75.0,1.5,3,1.5,2,65.2,63.4,3,MORNING,WEEKDAY,31.3
LOCAL,MEDIUM,119.7,31.4,36.0,90.0,1.0,0,0.0,1,77.3,68.3,1,MORNING,WEEKDAY,13.5
LOCAL,MEDIUM,113.4,61.8,75.9,90.0,0.0,3,2.3,1,63.2,63.6,0,NIGHT,WEEKDAY,4.6
LOCAL,MEDIUM,155.5,58.0,7.0,90.0,1.0,2,2.4,2,82.5,76.0,1,EVENING,WEEKDAY,19.3
EXPRESS,HIGH,103.1,49.9,11.3,140.0,0.0,1,4.2,1,80.2,78.1,2,MORNING,WEEKDAY,14.8
EXPRESS,HIGH,164.5,82.4,106.5,120.0,5.2,0,0.0,2,63.0,62.1,0,EVENING,WEEKDAY,11.4
PASSENGER,MEDIUM,50.5,85.3,101.6,110.0,11.5,4,3.7,1,19.6,19.0,0,MORNING,WEEKEND,16.9
EXPRESS,HIGH,98.7,23.4,122.3,140.0,0.0,0,0.0,1,40.4,33.4,0,AFTERNOON,WEEKEND,2.2
EXPRESS,HIGH,61.1,71.7,2.4,130.0,2.6,3,4.1,2,61.2,66.0,1,EVENING,WEEKEND,19.0
FREIGHT,LOW,174.6,18.1,19.3,65.0,0.0,1,3.5,3,29.1,29.1,1,MORNING,WEEKEND,12.4
PASSENGER,MEDIUM,102.9,94.7,18.7,110.0,0.0,2,3.5,3,59.9,55.4,1,EVENING,WEEKDAY,20.9
PASSENGER,MEDIUM,157.7,77.7,104.6,110.0,0.0,0,0.0,1,13.1,16.2,0,MORNING,WEEKEND,0.0
EXPRESS,HIGH,159.3,92.5,41.1,120.0,0.0,4,4.9,2,73.1,73.4,1,MORNING,WEEKDAY,22.3
LOCAL,MEDIUM,58.6,26.0,16.8,80.0,3.8,1,5.0,2,84.2,78.8,2,AFTERNOON,WEEKDAY,21.3
EXPRESS,HIGH,76.2,78.9,54.9,140.0,0.8,1,2.9,3,58.6,64.2,2,AFTERNOON,WEEKEND,16.1
EXPRESS,MEDIUM,74.3,74.7,37.4,110.0,1.0,0,0.0,2,78.9,77.0,3,MORNING,WEEKDAY,24.8
LOCAL,LOW,30.5,80.3,2.6,90.0,0.0,4,3.3,2,62.6,56.9,1,AFTERNOON,WEEKEND,22.6
EXPRESS,HIGH,46.6,91.0,48.3,110.0,0.0,2,4.4,2,78.8,72.8,1,MORNING,WEEKDAY,16.7
PASSENGER,MEDIUM,151.5,89.1,11.0,110.0,0.8,5,2.2,2,18.0,13.3,2,NIGHT,WEEKDAY,17.1
LOCAL,MEDIUM,91.9,78.5,28.5,80.0,2.2,3,2.8,2,52.2,58.9,1,AFTERNOON,WEEKDAY,17.6
EXPRESS,HIGH,148.1,38.3,96.2,110.0,0.0,0,0.0,1,53.2,50.8,0,NIGHT,WEEKDAY,3.3
EXPRESS,HIGH,160.1,23.0,106.6,140.0,0.0,0,0.0,1,74.6,68.6,0,MORNING,WEEKDAY,5.2
LOCAL,MEDIUM,42.9,83.2,14.9,90.0,3.2,4,2.5,2,31.2,34.2,2,AFTERNOON,WEEKDAY,20.7
LOCAL,MEDIUM,61.0,81.4,20.5,80.0,0.9,5,3.9,2,10.0,12.9,1,AFTERNOON,WEEKDAY,17.8
EXPRESS,HIGH,170.4,67.7,26.0,140.0,15.2,3,3.9,2,72.4,65.9,1,EVENING,WEEKDAY,30.8
PASSENGER,HIGH,157.4,93.0,97.7,100.0,0.3,5,4.3,1,63.0,59.2,0,EVENING,WEEKEND,10.4
LOCAL,MEDIUM,156.8,68.3,22.7,80.0,3.2,1,2.6,1,35.6,43.9,1,NIGHT,WEEKDAY,13.9
LOCAL,MEDIUM,111.5,8.9,8.8,80.0,6.2,1,3.7,3,40.6,36.0,2,EVENING,WEEKDAY,22.4
PASSENGER,MEDIUM,134.1,18.0,32.7,100.0,7.8,1,3.4,2,85.3,82.0,2,EVENING,WEEKDAY,26.4
EXPRESS,HIGH,143.8,31.3,116.5,140.0,8.1,2,4.7,1,18.6,20.9,0,MORNING,WEEKEND,12.4
EXPRESS,HIGH,178.7,24.8,35.6,110.0,0.1,1,1.7,2,29.1,22.7,2,AFTERNOON,WEEKDAY,8.8
EXPRESS,MEDIUM,66.1,74.5,37.0,140.0,0.3,2,4.4,1,10.0,10.1,1,EVENING,WEEKEND,11.7
PASSENGER,MEDIUM,92.3,80.8,8.2,110.0,3.8,2,3.3,3,69.6,62.5,2,MORNING,WEEKDAY,27.9
PASSENGER,HIGH,105.4,57.4,3.4,100.0,2.7,2,3.8,4,75.3,69.0,1,EVENING,WEEKDAY,21.8
LOCAL,LOW,118.6,65.5,70.6,80.0,5.7,4,2.9,2,62.1,60.3,0,AFTERNOON,WEEKDAY,15.4
FREIGHT,LOW,107.3,53.4,59.1,65.0,0.0,3,4.3,1,10.0,2.3,0,AFTERNOON,WEEKDAY,6.6
FREIGHT,LOW,38.9,88.2,61.6,65.0,4.1,0,0.0,1,13.3,18.5,0,MORNING,WEEKEND,5.7
EXPRESS,HIGH,159.1,54.7,38.6,140.0,0.0,2,3.3,3,69.4,64.0,1,MORNING,WEEKDAY,15.2
FREIGHT,LOW,153.1,16.0,11.9,65.0,2.1,1,4.7,2,56.6,50.3,2,MORNING,WEEKDAY,24.2
PASSENGER,LOW,102.1,61.0,99.1,100.0,0.0,2,4.9,2,38.0,39.4,0,MORNING,WEEKEND,9.0
LOCAL,LOW,131.5,37.1,44.6,90.0,0.6,1,4.1,2,79.7,70.0,0,EVENING,WEEKDAY,13.9
PASSENGER,MEDIUM,47.1,74.5,35.6,110.0,2.6,1,4.6,4,51.9,52.5,1,MORNING,WEEKDAY,23.2
PASSENGER,MEDIUM,125.2,92.1,4.4,110.0,0.2,5,2.5,2,98.0,97.3,1,EVENING,WEEKDAY,20.4
PASSENGER,MEDIUM,76.7,64.7,0.7,110.0,0.0,2,4.5,3,81.0,71.3,1,EVENING,WEEKDAY,22.2
LOCAL,MEDIUM,61.9,29.8,81.2,90.0,3.3,0,0.0,1,51.7,53.5,0,NIGHT,WEEKDAY,6.6
PASSENGER,MEDIUM,41.3,37.7,84.3,110.0,7.3,2,3.4,1,49.0,48.3,0,EVENING,WEEKEND,13.2
PASSENGER,MEDIUM,103.2,6.3,61.0,110.0,0.5,1,3.7,1,88.1,85.6,0,NIGHT,WEEKDAY,7.5
EXPRESS,HIGH,75.9,80.1,5.1,140.0,4.2,1,2.2,1,56.3,57.8,1,MORNING,WEEKEND,15.5
PASSENGER,HIGH,33.4,24.5,54.7,100.0,6.0,1,5.0,3,76.7,75.5,0,EVENING,WEEKDAY,16.0
FREIGHT,LOW,135.3,90.5,12.0,65.0,1.0,3,4.8,3,84.3,76.7,3,EVENING,WEEKDAY,41.5
LOCAL,HIGH,130.3,94.0,50.4,90.0,0.0,2,2.8,2,98.0,96.5,0,EVENING,WEEKDAY,10.8
EXPRESS,HIGH,177.4,34.9,5.8,130.0,0.4,0,0.0,2,74.8,71.0,2,MORNING,WEEKDAY,14.0
EXPRESS,HIGH,109.8,49.8,22.6,110.0,0.4,3,2.9,3,85.4,83.2,2,MORNING,WEEKDAY,17.9
PASSENGER,MEDIUM,109.8,71.7,14.2,110.0,4.9,1,2.2,2,67.1,69.5,1,NIGHT,WEEKDAY,19.8
FREIGHT,LOW,170.9,90.6,4.9,75.0,10.4,3,3.7,3,77.8,76.1,2,EVENING,WEEKDAY,42.7
EXPRESS,MEDIUM,173.5,57.7,18.3,110.0,0.0,1,2.4,2,19.8,11.2,1,NIGHT,WEEKDAY,10.8
PASSENGER,MEDIUM,78.8,76.4,98.2,110.0,3.0,3,4.5,1,36.1,34.8,0,MORNING,WEEKEND,11.6
LOCAL,MEDIUM,116.8,26.0,34.7,80.0,0.1,1,3.7,2,57.4,53.3,2,EVENING,WEEKDAY,17.3
EXPRESS,HIGH,54.2,47.2,39.2,130.0,0.0,0,0.0,2,32.1,31.7,3,EVENING,WEEKEND,12.8
LOCAL,MEDIUM,139.0,27.7,5.6,80.0,13.1,1,1.9,2,24.3,24.0,1,EVENING,WEEKEND,22.6
PASSENGER,HIGH,76.8,26.7,30.5,100.0,0.0,1,2.1,2,70.1,67.7,1,EVENING,WEEKDAY,9.4
EXPRESS,HIGH,61.8,54.0,103.1,110.0,0.7,1,2.1,1,65.3,67.5,0,AFTERNOON,WEEKDAY,2.0
PASSENGER,MEDIUM,171.3,14.4,88.7,100.0,1.6,0,0.0,2,10.0,8.1,0,EVENING,WEEKEND,3.3
EXPRESS,HIGH,87.4,30.0,109.0,120.0,0.0,0,0.0,1,50.4,48.4,0,EVENING,WEEKEND,2.0
EXPRESS,HIGH,171.6,53.3,72.6,130.0,0.0,2,2.6,1,98.0,89.5,0,MORNING,WEEKDAY,8.0
EXPRESS,HIGH,39.4,38.4,40.2,110.0,0.7,1,2.2,2,53.6,53.4,1,EVENING,WEEKDAY,11.7
LOCAL,MEDIUM,142.5,19.9,26.6,80.0,0.0,0,0.0,1,64.0,66.0,1,AFTERNOON,WEEKDAY,9.0
FREIGHT,LOW,118.3,20.1,33.2,75.0,0.0,0,0.0,2,34.9,38.7,1,AFTERNOON,WEEKDAY,11.9
PASSENGER,MEDIUM,72.8,48.3,7.3,100.0,1.5,0,0.0,2,41.0,45.5,1,EVENING,WEEKEND,13.1
PASSENGER,HIGH,122.9,62.3,94.2,110.0,1.8,2,3.1,1,42.3,51.2,0,NIGHT,WEEKDAY,6.4
LOCAL,LOW,68.7,19.9,31.9,90.0,6.2,1,4.4,2,68.7,71.6,3,AFTERNOON,WEEKDAY,33.6
PASSENGER,MEDIUM,45.1,54.2,76.3,100.0,2.0,3,3.4,2,73.4,69.5,0,AFTERNOON,WEEKEND,11.8
PASSENGER,MEDIUM,111.8,29.9,95.9,100.0,0.0,0,0.0,2,67.7,64.8,0,MORNING,WEEKDAY,9.4
FREIGHT,MEDIUM,138.2,14.9,62.8,75.0,0.0,1,3.6,3,36.6,34.0,0,AFTERNOON,WEEKDAY,7.1
EXPRESS,HIGH,116.9,17.0,100.5,130.0,1.8,1,4.1,1,29.5,27.9,0,NIGHT,WEEKDAY,4.1
LOCAL,LOW,112.2,69.0,79.0,90.0,3.2,0,0.0,1,10.0,3.6,0,NIGHT,WEEKEND,4.3
FREIGHT,LOW,128.5,15.6,10.5,75.0,2.7,0,0.0,2,87.4,83.2,1,EVENING,WEEKDAY,20.7
LOCAL,MEDIUM,101.5,41.2,34.6,90.0,0.0,0,0.0,2,61.0,56.8,2,MORNING,WEEKDAY,16.7
LOCAL,MEDIUM,95.2,7.7,74.2,90.0,0.0,0,0.0,1,10.0,5.7,0,EVENING,WEEKEND,0.0
FREIGHT,LOW,173.9,60.7,27.8,65.0,2.7,2,2.3,3,77.5,73.8,1,EVENING,WEEKDAY,23.0
FREIGHT,MEDIUM,144.3,47.3,55.2,65.0,0.0,2,2.1,1,57.0,55.5,0,EVENING,WEEKEND,4.5
LOCAL,MEDIUM,62.3,88.9,88.6,90.0,5.0,3,2.3,2,39.3,32.9,0,AFTERNOON,WEEKDAY,9.4
LOCAL,MEDIUM,111.0,19.6,84.7,90.0,0.0,1,2.5,2,24.9,16.6,0,EVENING,WEEKDAY,5.1
FREIGHT,LOW,130.8,62.8,59.5,75.0,0.8,0,0.0,1,35.3,22.1,0,EVENING,WEEKEND,6.5
FREIGHT,MEDIUM,147.1,63.9,14.4,75.0,0.0,3,3.6,2,43.4,33.4,1,EVENING,WEEKDAY,16.7
LOCAL,LOW,142.7,13.9,39.6,90.0,0.0,1,2.0,2,10.0,7.7,1,AFTERNOON,WEEKDAY,8.9
EXPRESS,HIGH,159.9,46.7,98.1,110.0,0.4,3,1.8,1,60.5,57.7,0,AFTERNOON,WEEKDAY,3.2
PASSENGER,MEDIUM,89.3,82.7,14.0,110.0,1.3,0,0.0,2,72.9,59.2,2,AFTERNOON,WEEKDAY,22.2
EXPRESS,HIGH,56.0,78.9,116.4,140.0,0.9,1,1.7,1,62.9,58.3,0,MORNING,WEEKDAY,5.8
FREIGHT,LOW,40.1,51.6,22.9,65.0,4.6,2,2.2,2,85.3,82.3,2,MORNING,WEEKDAY,28.7
PASSENGER,HIGH,127.2,18.3,2.0,110.0,0.6,1,2.2,2,71.8,62.1,1,MORNING,WEEKDAY,11.7
PASSENGER,HIGH,134.0,84.6,17.2,110.0,0.0,4,2.9,2,55.8,50.0,3,AFTERNOON,WEEKDAY,18.5
FREIGHT,LOW,133.6,31.5,49.1,65.0,3.9,0,0.0,2,10.0,8.2,0,AFTERNOON,WEEKEND,6.5
LOCAL,MEDIUM,176.8,52.0,77.1,90.0,4.3,2,3.8,1,41.0,40.9,0,AFTERNOON,WEEKEND,9.3
PASSENGER,MEDIUM,92.1,14.2,78.2,100.0,0.0,0,0.0,1,54.1,48.3,0,EVENING,WEEKEND,3.5
PASSENGER,HIGH,170.7,40.4,13.6,110.0,2.2,2,2.0,2,19.3,24.2,1,NIGHT,WEEKDAY,10.5
PASSENGER,MEDIUM,160.1,78.2,79.0,100.0,0.1,3,2.5,2,44.2,41.3,0,EVENING,WEEKDAY,8.1
FREIGHT,MEDIUM,77.7,39.6,14.6,75.0,1.0,1,1.8,2,45.0,40.4,1,EVENING,WEEKDAY,13.5
PASSENGER,MEDIUM,45.5,74.7,34.3,100.0,2.0,2,2.3,3,93.2,81.8,1,MORNING,WEEKDAY,19.7
EXPRESS,HIGH,174.7,82.3,102.4,110.0,0.3,2,3.9,1,53.5,49.7,0,AFTERNOON,WEEKDAY,6.0
EXPRESS,HIGH,33.2,23.5,44.9,110.0,0.0,0,0.0,3,26.1,25.2,1,EVENING,WEEKDAY,8.7
EXPRESS,HIGH,63.9,13.2,13.6,130.0,3.3,1,4.0,2,41.5,42.4,2,NIGHT,WEEKDAY,13.7
PASSENGER,MEDIUM,123.0,14.5,84.0,100.0,0.0,0,0.0,2,16.3,17.1,0,MORNING,WEEKEND,2.5
EXPRESS,HIGH,69.7,87.4,90.1,110.0,2.3,3,2.0,1,62.1,55.1,0,AFTERNOON,WEEKEND,5.7
EXPRESS,HIGH,52.0,28.5,69.8,110.0,0.4,0,0.0,3,82.4,75.1,0,MORNING,WEEKDAY,9.9
LOCAL,LOW,83.6,48.5,39.6,90.0,0.4,0,0.0,1,80.9,87.7,0,NIGHT,WEEKEND,11.2
EXPRESS,HIGH,64.2,50.4,107.7,120.0,0.0,3,4.2,1,64.7,63.0,0,EVENING,WEEKDAY,8.9
PASSENGER,MEDIUM,108.1,92.1,92.4,110.0,0.4,0,0.0,1,13.4,9.1,0,EVENING,WEEKEND,2.8
FREIGHT,LOW,151.1,64.4,64.6,65.0,3.6,0,0.0,1,66.5,59.6,0,EVENING,WEEKDAY,12.4
PASSENGER,MEDIUM,44.9,31.9,92.6,100.0,1.6,2,1.7,1,20.8,17.6,0,NIGHT,WEEKDAY,4.1
LOCAL,MEDIUM,135.2,55.8,24.4,90.0,0.0,1,2.2,4,55.3,46.7,1,MORNING,WEEKDAY,16.8
EXPRESS,HIGH,120.6,9.7,121.8,130.0,7.3,1,3.6,2,26.6,27.7,0,AFTERNOON,WEEKDAY,11.0
FREIGHT,LOW,145.1,43.8,24.9,65.0,25.1,0,0.0,3,57.5,53.0,1,EVENING,WEEKDAY,43.1
FREIGHT,LOW,161.5,32.0,58.4,65.0,1.1,0,0.0,1,25.1,19.7,0,EVENING,WEEKEND,3.7
FREIGHT,LOW,40.9,68.3,4.9,75.0,1.3,1,2.4,1,98.0,86.4,1,EVENING,WEEKDAY,22.0
EXPRESS,HIGH,65.0,23.9,14.3,140.0,1.5,1,3.3,3,43.7,34.5,1,MORNING,WEEKDAY,12.6
LOCAL,LOW,63.1,53.9,35.6,80.0,0.0,3,1.6,2,21.9,13.0,1,EVENING,WEEKEND,11.2
EXPRESS,HIGH,82.8,48.7,6.3,120.0,0.0,2,3.8,3,42.2,39.6,1,AFTERNOON,WEEKDAY,13.0
EXPRESS,HIGH,47.1,24.7,43.5,110.0,0.0,1,3.3,1,81.0,76.0,1,EVENING,WEEKEND,8.3
EXPRESS,HIGH,129.9,66.4,68.3,140.0,0.6,3,1.6,1,73.6,72.7,0,AFTERNOON,WEEKEND,7.7
EXPRESS,HIGH,94.0,58.5,126.4,130.0,0.0,1,2.4,4,44.2,41.3,0,EVENING,WEEKDAY,8.3
EXPRESS,MEDIUM,45.0,27.3,103.8,110.0,4.2,0,0.0,3,63.1,59.5,0,AFTERNOON,WEEKDAY,11.5
EXPRESS,HIGH,46.7,23.4,40.4,140.0,1.7,0,0.0,2,33.9,29.1,1,NIGHT,WEEKDAY,8.5
EXPRESS,HIGH,80.6,69.9,8.1,140.0,0.0,0,0.0,1,95.5,90.8,1,EVENING,WEEKDAY,14.9
PASSENGER,MEDIUM,127.9,36.9,89.0,100.0,0.0,0,0.0,2,32.4,28.3,0,MORNING,WEEKDAY,5.1
PASSENGER,MEDIUM,154.3,50.5,79.6,100.0,12.5,3,4.0,2,36.8,37.3,0,MORNING,WEEKEND,21.0
LOCAL,LOW,170.2,34.3,16.9,80.0,1.9,1,1.5,3,51.9,53.7,1,NIGHT,WEEKDAY,18.4
EXPRESS,HIGH,158.6,66.6,102.7,110.0,4.1,3,3.7,1,64.8,63.6,0,AFTERNOON,WEEKDAY,10.1
LOCAL,MEDIUM,141.4,10.0,33.6,90.0,12.7,0,0.0,3,25.9,14.3,1,MORNING,WEEKDAY,23.5
FREIGHT,LOW,50.6,67.1,62.1,65.0,0.1,0,0.0,1,51.8,45.8,0,EVENING,WEEKDAY,7.4
PASSENGER,HIGH,61.7,91.9,88.8,110.0,0.0,1,1.7,1,48.7,40.7,0,MORNING,WEEKEND,3.3
EXPRESS,HIGH,137.3,59.4,114.8,120.0,0.0,1,1.5,1,61.0,57.7,0,AFTERNOON,WEEKDAY,2.3
EXPRESS,MEDIUM,91.7,49.8,8.8,110.0,0.0,2,2.5,4,37.7,28.1,1,MORNING,WEEKDAY,15.0
EXPRESS,MEDIUM,69.2,80.7,108.0,130.0,26.1,2,4.5,1,48.9,55.5,0,MORNING,WEEKEND,35.5
LOCAL,MEDIUM,87.1,52.3,28.6,90.0,2.9,0,0.0,2,80.8,78.6,2,MORNING,WEEKDAY,22.7
FREIGHT,LOW,104.3,36.9,18.8,65.0,0.0,1,1.7,1,81.9,73.8,2,EVENING,WEEKEND,20.1
LOCAL,MEDIUM,132.9,20.3,60.5,90.0,0.0,0,0.0,2,90.3,86.8,0,MORNING,WEEKDAY,9.7
PASSENGER,MEDIUM,100.6,80.8,32.3,110.0,0.6,3,4.0,3,80.8,81.9,1,EVENING,WEEKDAY,23.4
FREIGHT,MEDIUM,148.3,41.6,63.1,75.0,0.5,2,3.6,1,58.1,54.8,0,EVENING,WEEKDAY,7.7
EXPRESS,HIGH,123.7,78.6,38.9,120.0,12.1,4,4.0,2,52.2,48.4,1,AFTERNOON,WEEKDAY,27.1
EXPRESS,HIGH,48.4,75.4,13.9,110.0,8.1,4,3.6,1,38.7,32.7,1,MORNING,WEEKEND,22.2
EXPRESS,HIGH,178.6,42.2,49.3,110.0,0.0,0,0.0,2,35.1,32.2,1,EVENING,WEEKEND,7.8
PASSENGER,MEDIUM,99.0,86.4,16.3,110.0,2.4,3,4.0,4,65.0,59.2,1,EVENING,WEEKDAY,26.8
EXPRESS,HIGH,81.5,37.3,93.2,110.0,0.0,1,1.7,1,80.0,77.8,0,MORNING,WEEKDAY,4.9
PASSENGER,MEDIUM,162.7,20.5,24.5,100.0,16.5,1,2.9,2,60.0,54.3,3,EVENING,WEEKDAY,36.0
FREIGHT,LOW,124.9,47.9,32.5,75.0,0.0,2,2.1,1,79.3,76.9,1,EVENING,WEEKEND,17.4
PASSENGER,MEDIUM,93.5,27.8,39.2,110.0,10.1,0,0.0,2,82.6,80.4,2,EVENING,WEEKDAY,26.8
EXPRESS,HIGH,160.4,32.4,27.7,140.0,4.4,2,4.7,2,84.6,74.7,1,MORNING,WEEKDAY,19.6
EXPRESS,HIGH,123.3,78.8,93.5,110.0,3.8,0,0.0,1,16.3,15.5,0,AFTERNOON,WEEKDAY,4.4
PASSENGER,MEDIUM,102.8,69.3,49.2,110.0,4.3,3,3.6,2,29.3,28.4,1,EVENING,WEEKDAY,17.9
LOCAL,LOW,100.7,82.2,7.1,90.0,10.5,1,4.7,2,60.0,56.4,1,EVENING,WEEKEND,31.4
PASSENGER,HIGH,126.2,94.2,39.2,100.0,1.4,0,0.0,1,24.1,28.0,1,AFTERNOON,WEEKEND,9.1
PASSENGER,MEDIUM,38.2,25.8,17.9,100.0,0.0,0,0.0,3,27.1,24.2,2,EVENING,WEEKEND,12.8
PASSENGER,MEDIUM,93.1,20.4,98.3,110.0,0.0,0,0.0,1,44.7,42.4,0,MORNING,WEEKDAY,5.3
PASSENGER,HIGH,30.3,34.2,7.1,100.0,0.1,0,0.0,2,53.7,49.3,1,EVENING,WEEKDAY,10.6
EXPRESS,HIGH,78.8,14.5,21.5,110.0,0.0,1,4.3,1,77.2,70.5,1,AFTERNOON,WEEKDAY,7.8
EXPRESS,MEDIUM,158.5,81.8,8.2,140.0,3.9,4,3.8,2,90.2,89.4,1,EVENING,WEEKDAY,27.7
PASSENGER,MEDIUM,159.6,38.9,82.4,100.0,0.0,1,2.6,1,74.9,68.2,0,EVENING,WEEKDAY,7.8
FREIGHT,LOW,144.4,25.3,15.8,65.0,1.2,0,0.0,2,41.5,36.7,1,NIGHT,WEEKDAY,13.3
LOCAL,MEDIUM,74.1,33.2,79.2,80.0,6.8,0,0.0,1,35.1,37.5,0,MORNING,WEEKEND,8.7
PASSENGER,MEDIUM,107.9,15.5,31.4,110.0,1.6,1,2.3,3,74.2,60.2,3,EVENING,WEEKDAY,22.8
EXPRESS,HIGH,143.2,13.3,139.4,140.0,2.2,1,1.9,1,59.9,66.8,0,AFTERNOON,WEEKDAY,6.2
EXPRESS,HIGH,103.2,76.8,55.5,140.0,0.8,4,4.8,1,85.4,78.0,1,EVENING,WEEKDAY,20.4
EXPRESS,HIGH,72.4,59.3,97.7,120.0,0.0,2,1.6,1,61.9,58.1,0,MORNING,WEEKEND,3.9
PASSENGER,MEDIUM,133.4,71.0,16.4,110.0,5.0,3,1.7,1,14.5,22.4,1,MORNING,WEEKEND,15.8
LOCAL,MEDIUM,111.6,25.7,82.4,90.0,2.5,0,0.0,1,38.0,38.3,0,EVENING,WEEKEND,4.2
EXPRESS,HIGH,74.9,41.4,6.6,110.0,0.6,0,0.0,3,64.6,56.4,1,EVENING,WEEKDAY,13.8
EXPRESS,HIGH,31.2,6.2,110.2,130.0,1.2,1,4.7,2,23.0,24.9,0,AFTERNOON,WEEKDAY,6.8
FREIGHT,LOW,135.6,69.1,12.9,75.0,3.7,0,0.0,3,75.9,73.2,1,MORNING,WEEKDAY,26.5
FREIGHT,LOW,102.2,59.1,23.3,75.0,5.9,0,0.0,2,46.5,49.4,1,MORNING,WEEKDAY,22.0
LOCAL,MEDIUM,113.5,52.1,66.8,80.0,0.0,2,2.0,1,59.4,49.2,0,AFTERNOON,WEEKDAY,4.1
EXPRESS,HIGH,50.7,62.0,98.1,140.0,2.5,4,1.9,2,70.4,66.0,0,MORNING,WEEKDAY,9.3
LOCAL,LOW,149.0,10.8,11.0,90.0,1.1,0,0.0,1,86.9,79.4,1,MORNING,WEEKDAY,17.5
FREIGHT,MEDIUM,54.3,6.6,2.0,75.0,1.4,1,4.9,3,43.8,37.3,2,MORNING,WEEKEND,17.4
PASSENGER,MEDIUM,90.2,8.8,75.4,100.0,6.1,0,0.0,1,44.4,47.3,0,AFTERNOON,WEEKDAY,10.7
EXPRESS,HIGH,147.1,19.1,24.9,120.0,2.5,1,2.4,1,78.5,72.2,2,NIGHT,WEEKEND,11.7
LOCAL,LOW,63.1,74.3,30.5,90.0,0.0,3,4.0,2,75.8,68.4,3,MORNING,WEEKDAY,34.6
LOCAL,MEDIUM,128.8,61.8,79.5,80.0,6.1,1,2.0,1,43.9,44.9,0,AFTERNOON,WEEKDAY,8.8
FREIGHT,MEDIUM,50.7,10.8,61.3,65.0,0.0,1,1.7,2,35.1,30.5,0,AFTERNOON,WEEKDAY,4.8
EXPRESS,HIGH,89.5,79.2,108.9,110.0,0.3,3,4.8,1,61.4,61.5,0,EVENING,WEEKEND,7.1
LOCAL,MEDIUM,165.8,28.8,71.6,90.0,0.2,0,0.0,1,42.1,38.7,0,MORNING,WEEKEND,3.1
EXPRESS,HIGH,139.8,12.4,23.2,110.0,0.1,0,0.0,3,78.1,70.5,3,EVENING,WEEKDAY,15.7
PASSENGER,MEDIUM,43.1,74.8,83.6,100.0,0.0,4,2.1,1,15.3,4.3,0,NIGHT,WEEKEND,0.8
LOCAL,MEDIUM,119.9,12.3,5.2,90.0,0.0,1,3.5,2,49.7,41.0,2,AFTERNOON,WEEKDAY,14.2
LOCAL,MEDIUM,102.3,72.4,8.6,80.0,5.3,2,2.6,2,16.1,19.3,1,EVENING,WEEKEND,16.4
FREIGHT,LOW,111.4,26.2,14.4,75.0,0.0,1,1.9,3,71.8,68.1,1,MORNING,WEEKDAY,19.1
PASSENGER,MEDIUM,99.3,36.1,40.4,100.0,0.0,1,3.8,2,89.5,86.3,1,EVENING,WEEKDAY,15.1
LOCAL,HIGH,57.0,43.8,72.8,80.0,0.0,1,2.9,1,68.4,61.1,0,EVENING,WEEKEND,4.1
PASSENGER,MEDIUM,108.6,46.5,91.5,110.0,6.8,3,2.5,1,63.5,66.4,0,AFTERNOON,WEEKDAY,12.4
PASSENGER,MEDIUM,35.0,64.5,63.5,100.0,0.0,1,3.5,2,79.9,72.3,0,MORNING,WEEKDAY,11.4
EXPRESS,HIGH,110.8,11.6,9.3,120.0,0.0,0,0.0,2,53.9,47.2,1,MORNING,WEEKDAY,9.2
LOCAL,LOW,61.6,86.8,61.6,80.0,0.0,1,4.7,1,67.4,70.7,0,EVENING,WEEKEND,11.3
PASSENGER,MEDIUM,46.4,31.9,93.5,110.0,0.3,2,4.0,2,54.7,52.6,0,EVENING,WEEKDAY,9.6
EXPRESS,HIGH,153.5,90.0,0.9,120.0,0.0,3,2.9,3,97.4,97.1,1,MORNING,WEEKDAY,19.3
PASSENGER,LOW,102.7,10.4,17.2,100.0,2.9,1,2.6,2,76.7,76.3,2,EVENING,WEEKDAY,24.5
LOCAL,MEDIUM,41.8,94.9,36.7,90.0,3.7,3,2.9,2,52.8,53.0,1,EVENING,WEEKDAY,20.5
FREIGHT,MEDIUM,129.0,64.0,11.0,75.0,0.0,3,3.1,2,59.8,55.3,2,EVENING,WEEKDAY,19.9
LOCAL,MEDIUM,34.2,41.8,10.7,80.0,2.9,2,3.8,1,77.0,64.9,1,EVENING,WEEKDAY,19.1
EXPRESS,HIGH,33.3,60.3,38.8,120.0,5.0,4,4.4,3,71.0,68.9,2,EVENING,WEEKDAY,26.7
PASSENGER,MEDIUM,102.3,82.9,14.4,100.0,6.9,2,3.1,2,95.2,84.8,1,EVENING,WEEKDAY,28.4
EXPRESS,HIGH,79.1,61.3,93.6,110.0,7.9,4,4.1,1,56.2,54.2,0,MORNING,WEEKEND,14.9
PASSENGER,MEDIUM,80.7,29.4,10.3,110.0,0.0,1,4.0,3,65.9,60.1,3,EVENING,WEEKDAY,23.6
PASSENGER,HIGH,120.6,66.9,75.4,100.0,3.4,4,2.1,1,51.8,60.3,0,NIGHT,WEEKDAY,8.2
EXPRESS,HIGH,73.3,50.6,114.1,120.0,0.0,3,4.4,1,67.0,64.4,0,AFTERNOON,WEEKDAY,8.7
FREIGHT,LOW,168.0,10.5,8.2,65.0,0.0,1,4.2,2,80.1,73.7,1,MORNING,WEEKDAY,18.1
PASSENGER,MEDIUM,162.4,94.2,25.6,100.0,0.3,1,4.7,2,72.8,69.1,2,MORNING,WEEKDAY,23.2
FREIGHT,LOW,80.7,65.1,20.0,65.0,0.0,4,4.7,2,16.7,19.7,1,NIGHT,WEEKDAY,19.2
PASSENGER,MEDIUM,124.7,84.8,9.9,100.0,0.0,4,1.5,2,93.0,89.1,1,MORNING,WEEKDAY,19.3
FREIGHT,LOW,103.0,7.4,54.3,75.0,2.7,1,1.7,2,91.4,80.8,0,MORNING,WEEKDAY,15.9
PASSENGER,MEDIUM,85.8,70.5,41.9,110.0,0.0,0,0.0,2,10.0,13.1,3,AFTERNOON,WEEKEND,16.6
FREIGHT,LOW,68.1,46.4,27.1,75.0,0.0,0,0.0,2,45.7,54.2,1,EVENING,WEEKEND,13.8
EXPRESS,HIGH,179.5,69.2,111.8,140.0,9.1,1,4.0,1,36.6,44.2,0,EVENING,WEEKEND,13.3
EXPRESS,HIGH,171.8,80.9,0.4,110.0,0.0,4,3.7,2,41.1,48.7,2,EVENING,WEEKEND,19.2
EXPRESS,HIGH,108.8,54.0,90.4,110.0,4.3,3,2.7,1,36.5,24.6,0,MORNING,WEEKEND,6.4
PASSENGER,LOW,125.1,93.9,27.3,110.0,0.0,0,0.0,4,81.3,72.3,1,MORNING,WEEKDAY,26.3
FREIGHT,LOW,42.7,38.6,60.7,75.0,3.1,1,2.3,1,33.3,34.8,0,AFTERNOON,WEEKDAY,7.5
FREIGHT,LOW,92.4,19.5,62.6,75.0,3.7,0,0.0,3,56.5,51.2,0,AFTERNOON,WEEKEND,12.3
LOCAL,MEDIUM,101.5,81.0,12.4,80.0,0.6,1,3.0,3,84.2,83.1,1,MORNING,WEEKDAY,20.9
FREIGHT,LOW,105.0,74.5,61.1,75.0,1.0,3,2.9,4,49.8,45.1,0,EVENING,WEEKDAY,13.9
EXPRESS,HIGH,38.7,94.6,127.9,140.0,0.0,0,0.0,1,20.1,22.2,0,AFTERNOON,WEEKDAY,1.8
EXPRESS,MEDIUM,173.4,28.9,7.0,120.0,4.5,1,4.4,2,18.4,20.0,1,AFTERNOON,WEEKDAY,14.8
EXPRESS,HIGH,59.6,60.0,37.9,110.0,3.5,4,2.1,3,73.8,66.6,1,MORNING,WEEKDAY,17.5
LOCAL,MEDIUM,95.7,59.8,34.9,80.0,0.0,0,0.0,2,66.4,61.0,1,MORNING,WEEKDAY,14.8
EXPRESS,HIGH,75.2,15.3,116.9,130.0,0.0,1,2.1,1,65.2,60.3,0,NIGHT,WEEKDAY,2.8
EXPRESS,HIGH,67.9,94.2,4.0,110.0,3.5,4,2.8,2,35.0,40.4,2,MORNING,WEEKEND,20.3
PASSENGER,MEDIUM,162.4,16.4,13.6,100.0,1.5,1,3.1,3,52.2,46.3,1,EVENING,WEEKDAY,14.6
EXPRESS,HIGH,113.8,73.6,58.6,140.0,0.0,4,4.2,2,48.2,47.6,1,AFTERNOON,WEEKDAY,14.9
PASSENGER,HIGH,68.8,11.9,18.4,100.0,0.0,1,1.9,2,46.4,44.8,3,EVENING,WEEKEND,11.3
EXPRESS,HIGH,142.7,79.6,1.6,110.0,1.5,2,3.3,2,63.6,58.3,1,EVENING,WEEKDAY,17.0
LOCAL,MEDIUM,108.2,40.0,34.6,80.0,0.5,2,2.8,1,84.2,84.3,1,NIGHT,WEEKDAY,11.8
EXPRESS,HIGH,101.9,45.6,79.8,110.0,0.0,1,4.4,2,94.1,84.7,0,EVENING,WEEKDAY,10.3
EXPRESS,HIGH,138.3,29.1,115.5,120.0,1.3,1,1.6,4,68.1,63.8,0,EVENING,WEEKDAY,11.1
LOCAL,MEDIUM,77.0,45.1,65.2,80.0,2.2,2,1.8,1,27.2,28.5,0,AFTERNOON,WEEKDAY,5.5
LOCAL,LOW,43.3,86.1,77.5,80.0,0.0,4,2.4,4,70.0,66.2,0,MORNING,WEEKDAY,12.9
EXPRESS,HIGH,116.7,84.0,106.7,130.0,0.0,2,4.6,3,71.1,68.5,0,EVENING,WEEKDAY,12.7
PASSENGER,MEDIUM,84.3,27.5,15.8,110.0,5.6,0,0.0,1,66.7,66.4,1,NIGHT,WEEKEND,16.6
PASSENGER,MEDIUM,74.0,17.1,83.8,100.0,0.0,0,0.0,1,39.7,26.9,0,MORNING,WEEKEND,3.4
LOCAL,MEDIUM,103.8,62.5,9.9,80.0,0.9,2,1.6,2,72.0,67.8,1,EVENING,WEEKDAY,16.9
EXPRESS,MEDIUM,171.4,54.2,81.1,120.0,0.0,0,0.0,1,73.4,72.1,0,AFTERNOON,WEEKEND,6.9
EXPRESS,HIGH,168.6,18.9,31.1,140.0,6.1,1,4.6,3,87.9,83.7,1,EVENING,WEEKDAY,20.6
PASSENGER,MEDIUM,133.1,9.6,8.2,110.0,4.9,1,1.8,2,71.6,66.8,1,EVENING,WEEKDAY,17.4
LOCAL,LOW,116.3,55.9,18.9,90.0,0.0,1,3.9,2,10.0,13.2,1,AFTERNOON,WEEKDAY,12.7
LOCAL,LOW,169.1,9.7,76.8,80.0,1.9,1,3.4,2,19.0,21.7,0,NIGHT,WEEKDAY,6.1
FREIGHT,LOW,122.9,75.0,30.3,75.0,0.2,3,3.0,4,86.5,80.5,0,MORNING,WEEKDAY,19.6
FREIGHT,LOW,40.2,45.4,15.7,75.0,1.0,0,0.0,2,75.7,71.2,2,EVENING,WEEKDAY,25.0
EXPRESS,HIGH,92.9,11.8,109.1,140.0,6.7,0,0.0,1,69.4,73.6,0,MORNING,WEEKEND,10.5
LOCAL,MEDIUM,151.7,7.3,68.2,80.0,0.0,1,3.5,1,23.6,22.0,0,EVENING,WEEKEND,3.4
FREIGHT,LOW,69.8,52.5,62.6,65.0,2.1,3,1.7,2,37.6,33.8,0,EVENING,WEEKDAY,8.2
EXPRESS,HIGH,164.2,27.2,90.7,120.0,3.5,1,5.0,2,64.7,60.8,0,AFTERNOON,WEEKDAY,10.2
PASSENGER,MEDIUM,93.2,17.1,100.7,110.0,0.0,0,0.0,1,59.9,59.9,0,NIGHT,WEEKDAY,4.0
FREIGHT,LOW,139.4,44.1,38.9,75.0,4.1,0,0.0,3,98.0,91.0,0,MORNING,WEEKDAY,20.0
EXPRESS,HIGH,47.4,31.4,110.4,140.0,7.6,0,0.0,1,10.0,7.9,0,AFTERNOON,WEEKEND,9.4
FREIGHT,MEDIUM,60.0,55.0,55.6,65.0,2.3,3,4.0,1,20.7,13.0,0,AFTERNOON,WEEKDAY,7.6
EXPRESS,HIGH,127.8,30.6,30.0,140.0,0.0,1,2.8,2,54.1,51.3,1,MORNING,WEEKDAY,9.4
LOCAL,LOW,42.0,40.8,79.2,80.0,12.5,0,0.0,3,61.5,57.2,0,MORNING,WEEKDAY,23.7
FREIGHT,LOW,168.6,69.1,4.5,75.0,0.0,4,1.6,3,62.8,58.4,2,MORNING,WEEKDAY,26.9
FREIGHT,LOW,165.6,18.9,62.1,65.0,0.4,0,0.0,1,50.3,37.8,0,EVENING,WEEKEND,3.9
FREIGHT,LOW,42.9,28.2,64.4,65.0,0.0,1,4.0,1,15.6,19.6,0,AFTERNOON,WEEKDAY,2.4
EXPRESS,MEDIUM,131.5,71.0,36.6,140.0,0.0,0,0.0,3,84.6,80.0,2,EVENING,WEEKDAY,21.5
PASSENGER,MEDIUM,140.3,5.3,3.0,110.0,0.0,1,1.7,2,62.7,61.6,1,AFTERNOON,WEEKDAY,9.6
LOCAL,MEDIUM,113.8,48.6,1.1,80.0,4.4,3,1.7,1,39.3,30.3,1,AFTERNOON,WEEKDAY,14.6
EXPRESS,MEDIUM,83.5,30.9,44.8,110.0,0.0,1,3.5,2,98.0,95.2,1,EVENING,WEEKDAY,16.2
FREIGHT,MEDIUM,120.6,28.1,21.6,75.0,4.4,1,4.2,2,67.2,60.1,1,EVENING,WEEKDAY,18.5
EXPRESS,HIGH,38.6,33.0,44.6,110.0,3.1,0,0.0,2,51.4,48.6,3,MORNING,WEEKDAY,17.0
EXPRESS,HIGH,160.3,56.8,90.5,110.0,0.0,3,2.2,1,54.5,50.2,0,EVENING,WEEKEND,3.7
EXPRESS,HIGH,54.3,80.8,51.0,120.0,1.9,5,4.1,1,90.0,78.8,2,MORNING,WEEKEND,19.5
PASSENGER,MEDIUM,118.6,53.4,6.9,100.0,3.0,3,3.4,2,80.8,74.1,2,MORNING,WEEKDAY,25.5
EXPRESS,HIGH,170.8,78.5,47.5,110.0,0.1,2,3.1,1,90.6,85.9,2,EVENING,WEEKDAY,15.3
LOCAL,MEDIUM,152.4,89.3,64.6,90.0,7.9,0,0.0,1,71.9,70.5,0,AFTERNOON,WEEKDAY,14.6
EXPRESS,HIGH,130.1,27.0,1.0,130.0,0.0,0,0.0,2,75.2,65.8,1,EVENING,WEEKDAY,9.5
EXPRESS,MEDIUM,69.1,50.3,12.1,110.0,1.1,1,4.3,2,29.8,31.7,2,AFTERNOON,WEEKDAY,16.7
PASSENGER,LOW,77.8,73.8,0.7,100.0,0.0,3,3.2,2,63.1,60.7,1,EVENING,WEEKDAY,22.2
PASSENGER,HIGH,122.2,40.0,80.8,110.0,0.0,2,2.3,1,83.1,83.8,0,NIGHT,WEEKDAY,4.0
LOCAL,MEDIUM,46.5,52.4,19.2,80.0,4.5,0,0.0,3,78.5,70.1,2,EVENING,WEEKDAY,26.3
EXPRESS,HIGH,82.5,78.9,53.3,140.0,0.0,5,4.6,2,56.1,51.2,1,MORNING,WEEKDAY,19.6
LOCAL,MEDIUM,131.9,56.2,23.9,80.0,2.1,2,3.9,1,27.2,18.1,1,EVENING,WEEKEND,13.0
EXPRESS,HIGH,92.7,34.9,105.3,130.0,3.0,2,1.6,1,70.5,67.7,0,NIGHT,WEEKDAY,6.3
LOCAL,LOW,111.3,87.5,30.0,90.0,4.0,2,4.9,2,68.3,65.2,1,EVENING,WEEKDAY,28.7
PASSENGER,HIGH,45.7,14.8,92.5,110.0,0.8,0,0.0,1,61.8,62.8,0,AFTERNOON,WEEKEND,4.0
PASSENGER,MEDIUM,156.4,20.5,98.4,110.0,0.0,0,0.0,1,35.9,30.9,0,MORNING,WEEKEND,2.4
PASSENGER,MEDIUM,107.7,19.4,49.0,110.0,0.0,0,0.0,3,94.4,94.8,1,MORNING,WEEKDAY,16.2
EXPRESS,HIGH,153.2,32.8,32.1,120.0,10.7,2,4.5,3,25.6,20.5,1,MORNING,WEEKDAY,23.9
EXPRESS,HIGH,126.2,21.4,133.4,140.0,2.8,0,0.0,1,38.7,35.8,0,EVENING,WEEKEND,4.2
PASSENGER,MEDIUM,114.4,21.8,43.0,100.0,0.0,1,2.9,3,61.5,61.7,1,NIGHT,WEEKDAY,12.2
EXPRESS,HIGH,46.7,69.0,6.7,140.0,12.8,1,5.0,2,64.0,53.6,2,EVENING,WEEKDAY,30.6
EXPRESS,HIGH,179.9,22.1,103.6,130.0,2.4,0,0.0,2,42.5,43.2,0,EVENING,WEEKEND,6.6
FREIGHT,LOW,130.4,72.3,71.3,75.0,1.7,0,0.0,1,33.2,32.0,0,AFTERNOON,WEEKEND,3.2
EXPRESS,HIGH,132.4,9.5,48.0,130.0,0.2,1,4.9,2,42.8,49.6,1,AFTERNOON,WEEKDAY,8.6
EXPRESS,HIGH,92.8,78.2,93.5,120.0,0.0,2,1.7,1,79.5,68.8,0,MORNING,WEEKDAY,6.4
FREIGHT,LOW,40.0,45.6,11.8,75.0,0.0,0,0.0,4,64.9,59.5,1,MORNING,WEEKDAY,20.3
PASSENGER,MEDIUM,89.6,88.7,23.1,110.0,3.7,3,3.2,4,84.2,75.4,2,MORNING,WEEKDAY,30.9
EXPRESS,HIGH,125.2,53.6,25.3,110.0,1.0,1,2.1,3,41.4,40.0,2,MORNING,WEEKEND,14.6
EXPRESS,HIGH,76.6,18.5,11.3,140.0,2.4,0,0.0,2,57.1,48.3,1,MORNING,WEEKDAY,12.4
PASSENGER,LOW,87.9,68.6,67.3,100.0,1.6,3,2.1,1,70.4,68.7,0,AFTERNOON,WEEKEND,11.0
EXPRESS,MEDIUM,71.5,76.8,106.0,130.0,0.0,0,0.0,1,10.0,5.4,0,NIGHT,WEEKDAY,0.7
EXPRESS,MEDIUM,95.8,11.5,93.0,110.0,1.2,0,0.0,2,62.2,57.5,0,NIGHT,WEEKDAY,6.1
LOCAL,LOW,79.6,75.7,77.4,90.0,1.6,1,2.8,1,65.6,62.4,0,MORNING,WEEKEND,9.5
EXPRESS,HIGH,83.6,43.6,36.0,140.0,0.0,2,2.5,4,60.6,59.2,1,EVENING,WEEKDAY,14.1
PASSENGER,MEDIUM,79.2,56.7,44.6,100.0,2.8,1,3.2,2,49.6,48.0,1,MORNING,WEEKDAY,15.7
PASSENGER,MEDIUM,78.5,8.8,32.5,110.0,9.2,1,1.6,2,69.6,64.5,1,EVENING,WEEKDAY,21.9
PASSENGER,MEDIUM,147.5,77.4,34.9,100.0,4.2,2,1.7,3,64.6,56.4,2,MORNING,WEEKEND,23.6
EXPRESS,HIGH,147.3,45.1,20.8,140.0,1.2,0,0.0,4,89.4,84.6,1,EVENING,WEEKDAY,17.7
FREIGHT,MEDIUM,151.5,56.0,73.8,75.0,1.9,0,0.0,3,63.9,56.6,0,MORNING,WEEKDAY,10.9
EXPRESS,MEDIUM,103.0,51.9,87.0,110.0,8.4,1,2.8,1,58.6,56.2,0,MORNING,WEEKEND,12.7
PASSENGER,MEDIUM,133.8,91.3,90.5,110.0,1.8,3,3.4,1,51.2,49.0,0,NIGHT,WEEKDAY,8.4
PASSENGER,MEDIUM,30.9,81.0,17.1,100.0,0.0,1,3.6,3,47.0,42.4,1,EVENING,WEEKDAY,18.2
LOCAL,LOW,123.1,60.0,79.8,90.0,0.0,1,4.0,1,20.5,31.6,0,AFTERNOON,WEEKDAY,4.5
FREIGHT,LOW,132.2,87.0,0.6,65.0,7.5,2,2.3,2,26.6,33.4,1,AFTERNOON,WEEKDAY,24.9
PASSENGER,HIGH,80.2,49.0,46.0,100.0,2.9,3,4.1,2,81.1,70.9,0,MORNING,WEEKDAY,16.2
EXPRESS,MEDIUM,98.9,71.2,11.5,140.0,0.9,4,4.5,2,76.8,74.5,2,AFTERNOON,WEEKDAY,26.6
EXPRESS,HIGH,38.5,30.3,108.8,110.0,20.1,0,0.0,1,47.4,45.9,0,MORNING,WEEKEND,22.0
EXPRESS,HIGH,118.3,20.1,22.3,140.0,3.3,0,0.0,1,35.6,28.5,1,EVENING,WEEKDAY,10.9
EXPRESS,HIGH,125.9,78.5,20.7,120.0,10.2,2,4.4,2,27.2,34.8,2,MORNING,WEEKEND,25.0
EXPRESS,HIGH,38.3,7.1,35.9,110.0,0.0,1,4.5,2,57.8,53.5,1,EVENING,WEEKDAY,10.5
EXPRESS,HIGH,98.9,72.0,95.8,120.0,1.9,4,3.3,1,48.4,53.7,0,AFTERNOON,WEEKDAY,7.6
LOCAL,MEDIUM,151.1,21.4,75.1,90.0,0.0,0,0.0,1,14.8,4.8,0,NIGHT,WEEKDAY,1.7
EXPRESS,MEDIUM,122.5,73.4,46.8,140.0,0.9,2,3.3,2,41.5,42.3,3,EVENING,WEEKEND,21.0
EXPRESS,MEDIUM,138.5,16.7,90.6,120.0,0.0,1,4.9,1,37.6,34.0,0,AFTERNOON,WEEKDAY,3.6
EXPRESS,MEDIUM,150.2,61.4,14.4,140.0,0.0,0,0.0,2,51.3,47.1,1,EVENING,WEEKDAY,15.7
PASSENGER,MEDIUM,94.2,39.6,35.4,100.0,0.4,2,3.6,3,98.0,89.8,1,EVENING,WEEKDAY,19.5
PASSENGER,HIGH,85.5,49.5,98.6,100.0,1.7,3,2.2,1,43.4,53.0,0,NIGHT,WEEKDAY,3.3
EXPRESS,HIGH,103.4,72.1,34.6,110.0,2.7,2,4.5,2,10.0,5.8,2,EVENING,WEEKEND,17.6
EXPRESS,HIGH,172.2,92.3,111.5,120.0,19.9,1,3.1,1,55.7,53.5,0,AFTERNOON,WEEKEND,22.7
PASSENGER,HIGH,168.6,48.6,76.2,100.0,0.0,1,4.0,1,41.4,42.7,0,AFTERNOON,WEEKDAY,4.6
EXPRESS,HIGH,86.9,45.9,90.5,120.0,0.0,0,0.0,2,83.4,76.4,0,EVENING,WEEKDAY,8.3
EXPRESS,MEDIUM,84.7,38.8,107.5,130.0,0.0,1,1.8,1,27.8,26.1,0,AFTERNOON,WEEKDAY,2.5
EXPRESS,HIGH,147.5,31.7,40.7,110.0,0.0,2,3.2,3,76.6,70.5,1,EVENING,WEEKDAY,13.2
EXPRESS,HIGH,144.7,12.0,36.4,110.0,5.0,1,3.6,2,80.6,71.6,3,EVENING,WEEKDAY,19.5
PASSENGER,MEDIUM,120.3,5.7,0.1,110.0,0.0,1,1.9,2,52.8,49.9,2,EVENING,WEEKDAY,15.5
LOCAL,LOW,169.7,9.2,61.4,90.0,0.0,0,0.0,3,87.1,79.9,0,MORNING,WEEKDAY,13.6
PASSENGER,MEDIUM,32.2,39.6,15.7,110.0,5.9,0,0.0,3,81.5,77.2,1,MORNING,WEEKDAY,22.5
LOCAL,MEDIUM,145.6,70.2,12.3,80.0,3.7,0,0.0,1,77.4,64.6,1,MORNING,WEEKDAY,19.8
PASSENGER,MEDIUM,54.9,9.7,15.6,100.0,0.0,1,3.1,2,82.1,76.3,1,EVENING,WEEKDAY,13.6
EXPRESS,HIGH,69.0,5.3,101.1,130.0,4.0,0,0.0,1,17.5,16.1,0,AFTERNOON,WEEKDAY,4.4
EXPRESS,MEDIUM,75.6,34.9,72.0,110.0,10.8,0,0.0,2,75.0,68.7,0,MORNING,WEEKDAY,20.2
EXPRESS,HIGH,90.2,31.7,120.6,130.0,0.0,0,0.0,1,32.3,34.1,0,MORNING,WEEKEND,1.9
PASSENGER,MEDIUM,93.0,13.4,101.7,110.0,0.0,1,3.6,1,15.6,14.2,0,EVENING,WEEKEND,2.4
FREIGHT,LOW,105.3,24.4,60.0,65.0,2.2,1,3.6,1,18.1,16.6,0,AFTERNOON,WEEKDAY,4.5
PASSENGER,HIGH,153.3,16.3,62.2,100.0,0.0,0,0.0,3,79.2,80.2,0,MORNING,WEEKDAY,9.1
LOCAL,MEDIUM,112.6,25.2,28.6,80.0,0.0,1,2.0,1,61.6,59.8,1,AFTERNOON,WEEKDAY,10.3
EXPRESS,HIGH,103.2,61.9,114.3,140.0,3.4,3,3.0,1,57.8,59.8,0,AFTERNOON,WEEKEND,7.4
PASSENGER,HIGH,64.1,93.1,4.0,100.0,0.0,3,4.6,1,71.9,82.5,1,MORNING,WEEKEND,18.1
EXPRESS,HIGH,42.0,43.8,46.5,120.0,3.7,1,1.9,2,71.9,68.4,1,EVENING,WEEKEND,12.7
LOCAL,LOW,66.8,77.0,83.5,90.0,0.0,2,3.8,1,29.9,31.2,0,NIGHT,WEEKEND,6.1
EXPRESS,HIGH,155.6,22.7,48.7,110.0,2.1,1,2.6,4,87.4,82.8,1,EVENING,WEEKDAY,15.9
PASSENGER,MEDIUM,136.3,71.3,97.8,100.0,1.3,0,0.0,2,37.4,38.8,0,AFTERNOON,WEEKDAY,5.8
EXPRESS,HIGH,136.4,75.6,50.1,120.0,2.5,5,3.7,3,38.0,32.7,1,EVENING,WEEKDAY,18.7
FREIGHT,LOW,175.6,26.1,61.8,75.0,0.0,0,0.0,1,68.0,65.8,0,EVENING,WEEKDAY,8.6
EXPRESS,HIGH,147.2,51.7,84.6,110.0,3.3,1,1.9,1,57.7,52.1,0,EVENING,WEEKEND,6.6
EXPRESS,HIGH,172.8,83.4,101.7,130.0,7.5,4,2.1,1,62.1,57.9,0,AFTERNOON,WEEKDAY,11.7
PASSENGER,MEDIUM,149.1,55.8,19.8,100.0,2.1,1,2.7,1,51.1,50.7,1,NIGHT,WEEKDAY,14.0
EXPRESS,HIGH,85.4,27.0,48.6,110.0,3.2,1,1.7,3,61.5,55.2,1,MORNING,WEEKDAY,13.9
LOCAL,MEDIUM,169.3,83.2,9.5,80.0,8.5,5,2.0,2,66.3,60.9,1,AFTERNOON,WEEKDAY,24.7
EXPRESS,MEDIUM,50.2,25.8,1.1,120.0,0.4,0,0.0,2,60.7,54.9,1,EVENING,WEEKDAY,14.7
PASSENGER,HIGH,43.7,73.8,103.7,110.0,2.0,2,1.7,2,69.1,63.6,0,EVENING,WEEKDAY,8.6
PASSENGER,HIGH,36.3,9.3,94.1,100.0,0.0,1,4.1,2,23.4,22.8,0,MORNING,WEEKDAY,6.6
EXPRESS,MEDIUM,96.1,54.9,19.1,130.0,4.5,2,2.4,3,62.2,57.6,1,EVENING,WEEKDAY,20.3
PASSENGER,MEDIUM,136.3,65.2,96.5,110.0,0.3,3,2.6,1,64.4,61.0,0,EVENING,WEEKEND,5.0
LOCAL,MEDIUM,65.3,16.8,27.8,90.0,4.1,0,0.0,3,98.0,93.4,1,MORNING,WEEKDAY,20.1
PASSENGER,HIGH,138.5,88.1,25.3,100.0,0.7,5,2.0,2,67.7,70.4,2,MORNING,WEEKDAY,17.2
PASSENGER,HIGH,129.4,90.5,84.6,100.0,1.3,4,2.2,1,28.9,26.5,0,NIGHT,WEEKDAY,5.0
EXPRESS,HIGH,71.0,34.1,4.3,140.0,0.0,2,4.3,1,90.0,86.0,1,AFTERNOON,WEEKEND,11.0
PASSENGER,MEDIUM,96.1,47.4,89.5,110.0,0.0,1,2.9,4,75.8,75.9,0,MORNING,WEEKDAY,12.1
EXPRESS,HIGH,67.4,16.2,113.3,130.0,0.0,0,0.0,1,60.0,58.2,0,MORNING,WEEKEND,2.2
EXPRESS,MEDIUM,66.9,35.8,122.2,130.0,0.0,1,4.7,2,59.3,57.3,0,EVENING,WEEKEND,7.6
EXPRESS,MEDIUM,123.2,26.4,105.4,120.0,0.4,0,0.0,1,30.5,22.1,0,AFTERNOON,WEEKDAY,2.7
EXPRESS,HIGH,170.2,5.3,120.9,140.0,0.0,0,0.0,1,65.4,63.5,0,NIGHT,WEEKEND,2.5
LOCAL,MEDIUM,140.0,86.7,35.2,90.0,0.0,5,4.5,2,33.9,31.3,1,EVENING,WEEKEND,19.9
PASSENGER,MEDIUM,179.0,29.3,32.2,100.0,8.1,0,0.0,3,75.7,66.9,1,EVENING,WEEKDAY,23.5
PASSENGER,MEDIUM,173.3,8.3,47.3,110.0,0.4,0,0.0,4,69.4,63.2,1,MORNING,WEEKDAY,16.3
FREIGHT,LOW,140.3,61.1,0.2,65.0,1.3,2,3.7,1,22.4,19.7,1,EVENING,WEEKEND,16.3
EXPRESS,HIGH,169.3,45.5,83.9,110.0,0.5,3,3.7,3,41.2,38.0,0,EVENING,WEEKDAY,10.1
FREIGHT,LOW,47.3,39.3,24.0,65.0,0.0,0,0.0,2,49.1,44.7,2,MORNING,WEEKEND,18.9
FREIGHT,LOW,122.6,62.3,61.8,65.0,1.4,3,2.4,1,64.5,67.3,0,NIGHT,WEEKDAY,8.1
FREIGHT,LOW,87.0,51.6,2.2,65.0,0.0,3,4.3,3,94.1,82.4,1,MORNING,WEEKDAY,26.6
EXPRESS,HIGH,50.4,5.3,100.9,120.0,5.2,1,3.3,4,58.0,56.8,0,EVENING,WEEKDAY,13.5
LOCAL,LOW,148.5,43.6,39.4,90.0,0.0,0,0.0,3,34.7,36.2,1,MORNING,WEEKDAY,15.6
LOCAL,MEDIUM,46.8,14.2,64.4,80.0,3.6,0,0.0,1,55.3,43.0,0,EVENING,WEEKDAY,9.9
PASSENGER,MEDIUM,86.0,47.6,97.5,110.0,0.0,0,0.0,1,17.8,13.0,0,NIGHT,WEEKDAY,2.0
EXPRESS,HIGH,175.1,85.2,47.2,120.0,0.0,4,3.9,4,70.3,76.0,2,EVENING,WEEKDAY,22.5
LOCAL,LOW,49.5,62.8,10.0,90.0,0.6,3,2.1,1,75.8,82.3,1,NIGHT,WEEKDAY,18.3
FREIGHT,MEDIUM,138.9,25.4,27.9,75.0,3.6,1,3.6,1,78.5,80.1,1,NIGHT,WEEKDAY,14.6
EXPRESS,HIGH,161.8,51.0,86.1,110.0,1.0,1,1.7,1,16.1,12.6,0,AFTERNOON,WEEKEND,3.3
PASSENGER,MEDIUM,109.7,31.7,17.2,100.0,4.3,2,2.9,3,82.6,69.1,2,EVENING,WEEKDAY,24.2
PASSENGER,LOW,93.7,81.3,91.0,100.0,2.9,0,0.0,1,15.2,17.2,0,AFTERNOON,WEEKDAY,5.3
LOCAL,LOW,60.3,36.6,74.2,90.0,0.0,2,4.6,1,17.8,13.5,0,AFTERNOON,WEEKEND,4.2
EXPRESS,MEDIUM,103.2,40.0,109.2,120.0,1.5,2,4.4,1,62.1,60.2,0,AFTERNOON,WEEKDAY,9.1
EXPRESS,HIGH,110.3,77.8,59.6,130.0,3.2,4,2.2,1,97.9,94.5,0,MORNING,WEEKDAY,12.6
EXPRESS,HIGH,174.7,6.7,10.0,110.0,0.0,1,4.1,2,77.5,72.4,2,EVENING,WEEKDAY,12.6
LOCAL,LOW,57.7,29.5,69.6,90.0,0.0,1,3.3,2,57.5,55.5,0,MORNING,WEEKDAY,10.8
PASSENGER,MEDIUM,69.3,38.1,22.5,100.0,1.6,0,0.0,2,69.5,60.8,1,MORNING,WEEKDAY,15.9
EXPRESS,MEDIUM,153.3,35.7,3.0,120.0,1.2,2,4.4,3,74.9,72.7,1,EVENING,WEEKDAY,20.8
PASSENGER,MEDIUM,113.0,35.6,88.8,100.0,0.0,2,2.7,1,34.8,33.2,0,NIGHT,WEEKDAY,3.2
PASSENGER,MEDIUM,81.3,58.2,37.4,110.0,0.9,0,0.0,2,69.9,61.6,2,AFTERNOON,WEEKDAY,17.3
EXPRESS,MEDIUM,51.6,22.5,27.4,130.0,4.1,1,2.4,3,71.9,74.0,2,MORNING,WEEKDAY,22.7
EXPRESS,HIGH,174.8,60.9,112.5,140.0,0.0,2,3.4,1,52.8,54.0,0,NIGHT,WEEKDAY,3.8
EXPRESS,HIGH,112.8,60.3,134.8,140.0,3.8,4,2.7,1,20.4,20.7,0,NIGHT,WEEKDAY,3.8
EXPRESS,HIGH,31.7,89.7,119.6,130.0,1.5,5,2.4,3,66.6,65.7,0,NIGHT,WEEKEND,7.7
PASSENGER,MEDIUM,63.5,47.9,96.3,100.0,0.1,2,5.0,1,58.9,49.4,0,MORNING,WEEKEND,7.9
LOCAL,MEDIUM,105.3,69.3,28.3,80.0,1.5,2,4.1,2,90.0,87.8,2,NIGHT,WEEKDAY,21.9
FREIGHT,LOW,136.1,70.9,8.7,75.0,3.3,2,3.1,4,74.1,64.4,1,EVENING,WEEKDAY,28.6
PASSENGER,MEDIUM,121.6,7.6,33.5,110.0,4.3,1,4.7,4,63.6,55.3,1,EVENING,WEEKDAY,19.0
PASSENGER,MEDIUM,128.4,32.6,84.5,100.0,0.0,0,0.0,1,69.8,68.8,0,AFTERNOON,WEEKEND,5.5
FREIGHT,LOW,131.7,92.2,23.1,75.0,1.8,5,2.7,2,37.5,39.1,1,AFTERNOON,WEEKEND,19.5
LOCAL,MEDIUM,77.5,51.1,60.1,90.0,0.8,1,2.6,3,96.7,90.5,0,MORNING,WEEKDAY,13.3
LOCAL,MEDIUM,103.6,93.3,25.4,90.0,1.1,0,0.0,2,49.5,47.2,1,MORNING,WEEKDAY,16.7
EXPRESS,HIGH,87.4,18.4,96.6,120.0,0.7,0,0.0,1,30.5,27.7,0,AFTERNOON,WEEKDAY,2.1
PASSENGER,MEDIUM,154.6,72.4,26.4,110.0,5.5,0,0.0,1,88.7,83.5,1,EVENING,WEEKDAY,21.3
PASSENGER,MEDIUM,31.1,74.5,7.9,110.0,2.5,1,3.6,2,10.0,12.0,1,AFTERNOON,WEEKDAY,15.1
PASSENGER,MEDIUM,130.2,81.6,32.4,110.0,0.0,3,3.4,3,90.7,79.7,1,MORNING,WEEKDAY,21.4
LOCAL,MEDIUM,143.4,22.3,23.4,90.0,2.2,0,0.0,1,40.2,40.6,1,AFTERNOON,WEEKDAY,9.6
PASSENGER,MEDIUM,154.6,77.4,91.6,110.0,8.2,5,3.2,2,96.9,91.2,0,EVENING,WEEKDAY,22.0
LOCAL,MEDIUM,178.0,26.1,19.7,90.0,2.7,0,0.0,2,61.6,52.7,2,EVENING,WEEKDAY,18.7
PASSENGER,HIGH,83.2,19.1,87.8,100.0,0.0,1,2.2,2,43.2,28.7,0,NIGHT,WEEKDAY,3.4
FREIGHT,LOW,120.9,73.7,69.8,75.0,14.2,2,1.8,2,53.2,45.1,0,MORNING,WEEKDAY,23.5
PASSENGER,MEDIUM,50.2,10.8,18.1,110.0,3.2,1,2.1,2,44.1,42.0,2,MORNING,WEEKEND,15.2
PASSENGER,HIGH,86.4,26.4,58.7,110.0,3.3,1,4.4,3,98.0,95.0,0,EVENING,WEEKDAY,15.1
EXPRESS,HIGH,153.1,57.1,62.4,130.0,0.0,0,0.0,2,94.7,86.9,0,EVENING,WEEKDAY,10.0
FREIGHT,LOW,104.4,64.0,61.8,75.0,0.0,0,0.0,3,48.4,45.5,0,MORNING,WEEKDAY,11.3
FREIGHT,MEDIUM,88.6,74.7,27.2,65.0,1.8,0,0.0,2,76.6,74.1,1,EVENING,WEEKDAY,17.6
FREIGHT,LOW,132.1,82.6,71.0,75.0,1.3,3,2.2,1,35.1,31.9,0,AFTERNOON,WEEKDAY,5.7
PASSENGER,MEDIUM,42.9,71.1,87.7,110.0,0.5,3,4.8,1,77.1,66.2,0,EVENING,WEEKDAY,14.4
PASSENGER,MEDIUM,168.1,42.9,52.2,110.0,1.1,0,0.0,1,70.9,61.6,0,MORNING,WEEKDAY,8.4
EXPRESS,HIGH,127.5,83.1,20.6,140.0,4.4,5,4.8,2,55.5,48.8,1,MORNING,WEEKDAY,27.3
EXPRESS,HIGH,157.6,82.1,39.6,130.0,2.9,3,4.0,2,20.4,28.5,3,MORNING,WEEKEND,19.8
EXPRESS,HIGH,138.2,56.3,49.5,130.0,1.0,1,4.2,3,51.6,49.2,1,MORNING,WEEKDAY,15.9
EXPRESS,HIGH,53.2,81.5,100.7,110.0,3.1,3,1.6,1,37.4,32.8,0,EVENING,WEEKDAY,6.8
FREIGHT,LOW,175.7,37.6,54.2,65.0,5.7,2,2.9,1,64.4,65.5,0,AFTERNOON,WEEKDAY,12.9
PASSENGER,HIGH,57.5,33.7,31.7,110.0,1.9,2,3.3,3,44.1,45.8,1,EVENING,WEEKEND,13.8
PASSENGER,HIGH,77.2,22.1,79.2,100.0,5.6,0,0.0,2,76.2,66.7,0,EVENING,WEEKDAY,13.0
PASSENGER,MEDIUM,123.5,61.1,87.3,100.0,0.1,2,1.6,1,56.4,46.7,0,AFTERNOON,WEEKEND,4.2
EXPRESS,HIGH,52.3,53.8,34.9,130.0,0.7,0,0.0,1,61.8,64.5,1,MORNING,WEEKEND,8.3
LOCAL,LOW,98.2,54.4,6.9,90.0,1.3,2,4.0,1,43.7,40.8,1,AFTERNOON,WEEKDAY,18.5
EXPRESS,HIGH,110.5,8.3,108.5,120.0,0.0,0,0.0,1,22.2,34.6,0,EVENING,WEEKEND,1.8
EXPRESS,MEDIUM,91.1,91.5,25.7,140.0,6.9,4,2.1,1,45.4,42.8,1,NIGHT,WEEKDAY,19.4
EXPRESS,HIGH,145.8,13.2,75.0,130.0,2.8,0,0.0,2,86.9,80.0,0,MORNING,WEEKDAY,10.1
LOCAL,MEDIUM,99.9,75.4,34.4,90.0,0.0,3,2.6,3,36.1,47.7,2,NIGHT,WEEKDAY,16.2
EXPRESS,HIGH,50.8,39.8,110.4,140.0,4.6,2,4.9,3,29.3,30.6,0,NIGHT,WEEKDAY,12.3
PASSENGER,MEDIUM,169.5,78.1,7.3,100.0,0.0,3,3.6,2,71.3,63.8,1,MORNING,WEEKDAY,20.8
EXPRESS,HIGH,52.3,16.8,125.0,140.0,0.0,1,3.9,1,49.5,54.5,0,MORNING,WEEKEND,3.0
LOCAL,LOW,79.3,36.6,29.2,80.0,2.0,0,0.0,2,25.3,25.5,1,NIGHT,WEEKEND,14.2
LOCAL,LOW,100.5,63.2,71.4,80.0,4.7,2,2.7,1,59.1,61.1,0,AFTERNOON,WEEKDAY,11.8
LOCAL,LOW,101.5,55.9,73.6,90.0,1.8,0,0.0,1,33.6,33.2,0,AFTERNOON,WEEKDAY,6.0
EXPRESS,HIGH,106.9,47.0,107.5,130.0,1.6,1,3.6,3,54.0,49.7,0,MORNING,WEEKDAY,11.3
LOCAL,MEDIUM,77.2,34.7,14.7,80.0,0.0,0,0.0,2,87.8,80.9,3,EVENING,WEEKDAY,23.1
FREIGHT,LOW,126.8,11.5,54.6,65.0,0.2,0,0.0,2,23.2,30.5,0,AFTERNOON,WEEKDAY,3.9
EXPRESS,HIGH,81.2,45.3,26.5,120.0,6.9,3,4.9,2,57.7,56.8,3,NIGHT,WEEKDAY,27.1
PASSENGER,MEDIUM,73.9,50.8,94.8,100.0,5.3,0,0.0,1,52.6,51.1,0,MORNING,WEEKEND,8.9
PASSENGER,MEDIUM,155.3,64.2,86.0,100.0,0.6,1,3.5,2,25.1,35.8,0,AFTERNOON,WEEKDAY,5.1
PASSENGER,MEDIUM,166.3,17.1,43.9,100.0,0.0,0,0.0,3,55.7,55.0,2,MORNING,WEEKDAY,17.9
EXPRESS,HIGH,87.6,24.8,38.9,140.0,0.0,0,0.0,2,33.7,34.3,2,EVENING,WEEKEND,10.2
FREIGHT,LOW,130.1,47.0,32.9,75.0,0.0,2,1.9,1,84.0,80.3,0,EVENING,WEEKDAY,12.7
PASSENGER,MEDIUM,124.3,75.3,4.4,100.0,2.8,0,0.0,4,59.9,51.7,1,MORNING,WEEKDAY,22.6
PASSENGER,MEDIUM,154.3,23.4,86.7,100.0,0.0,0,0.0,2,17.6,18.9,0,MORNING,WEEKEND,3.7
FREIGHT,LOW,123.3,42.5,68.7,75.0,1.6,1,2.8,1,69.1,62.7,0,AFTERNOON,WEEKDAY,9.1
PASSENGER,MEDIUM,178.4,33.9,86.4,110.0,2.3,2,3.7,1,27.6,26.1,0,AFTERNOON,WEEKEND,6.8
EXPRESS,HIGH,38.6,78.0,19.7,130.0,3.0,4,2.1,3,79.1,76.3,1,MORNING,WEEKDAY,18.8
FREIGHT,LOW,145.0,42.2,8.3,75.0,1.7,2,1.8,1,40.9,46.7,1,NIGHT,WEEKDAY,14.6
FREIGHT,LOW,161.1,67.8,14.0,65.0,2.5,1,3.4,2,59.6,52.7,1,MORNING,WEEKDAY,21.1
LOCAL,LOW,123.1,32.2,85.7,90.0,0.2,0,0.0,1,65.5,62.2,0,AFTERNOON,WEEKEND,6.3
EXPRESS,HIGH,36.3,66.7,100.6,110.0,0.0,3,2.9,1,59.8,49.9,0,EVENING,WEEKDAY,5.4
LOCAL,MEDIUM,131.7,21.6,77.4,90.0,2.3,1,2.9,1,58.8,64.4,0,AFTERNOON,WEEKDAY,8.5
EXPRESS,HIGH,37.3,63.2,47.1,120.0,0.5,2,2.1,2,83.5,77.8,1,MORNING,WEEKDAY,13.0
EXPRESS,HIGH,90.5,65.8,40.8,140.0,0.0,2,3.4,2,64.3,59.9,3,EVENING,WEEKDAY,16.7
FREIGHT,LOW,60.4,16.9,25.2,65.0,1.2,0,0.0,2,42.9,43.7,2,NIGHT,WEEKEND,17.8
PASSENGER,MEDIUM,165.0,7.1,91.9,110.0,0.0,0,0.0,1,38.1,39.5,0,AFTERNOON,WEEKDAY,3.1
EXPRESS,HIGH,50.4,35.9,98.8,130.0,3.5,2,3.4,1,10.9,8.3,0,AFTERNOON,WEEKEND,6.1
EXPRESS,HIGH,73.5,50.5,23.8,120.0,0.0,1,2.6,2,98.0,95.2,2,MORNING,WEEKDAY,16.2
EXPRESS,MEDIUM,157.8,23.5,42.8,120.0,3.8,0,0.0,2,82.9,73.2,2,EVENING,WEEKDAY,20.8
EXPRESS,HIGH,38.0,75.9,60.6,140.0,10.9,0,0.0,3,50.8,52.5,1,EVENING,WEEKDAY,23.8
PASSENGER,MEDIUM,156.5,33.2,85.3,110.0,0.3,0,0.0,1,52.7,49.7,0,EVENING,WEEKEND,5.1
EXPRESS,HIGH,125.1,24.1,11.2,110.0,1.2,1,1.7,3,70.9,59.9,3,MORNING,WEEKDAY,18.8
PASSENGER,MEDIUM,114.3,82.4,37.1,110.0,0.7,1,4.7,1,28.2,24.3,1,EVENING,WEEKDAY,15.8
PASSENGER,LOW,134.6,49.3,15.0,100.0,1.0,0,0.0,4,46.7,42.7,1,MORNING,WEEKDAY,20.3
FREIGHT,LOW,119.2,58.4,43.7,65.0,0.0,2,2.9,4,96.5,86.3,0,EVENING,WEEKDAY,19.0
EXPRESS,HIGH,147.3,66.9,56.0,130.0,0.0,3,2.9,2,36.9,32.5,1,EVENING,WEEKEND,9.8
PASSENGER,LOW,159.0,93.0,68.5,110.0,0.0,0,0.0,3,96.1,89.6,0,MORNING,WEEKDAY,16.5
PASSENGER,MEDIUM,172.6,87.3,20.9,100.0,10.3,1,4.5,2,71.4,68.7,2,EVENING,WEEKDAY,32.3
LOCAL,LOW,149.8,18.8,31.7,90.0,3.6,1,2.4,3,98.0,95.7,3,MORNING,WEEKDAY,34.2
PASSENGER,HIGH,114.9,26.2,85.4,110.0,0.0,0,0.0,1,36.0,36.8,0,AFTERNOON,WEEKDAY,1.5
LOCAL,LOW,117.9,69.8,11.9,80.0,0.0,2,1.6,3,81.3,78.3,1,EVENING,WEEKDAY,23.6
PASSENGER,MEDIUM,111.9,30.0,99.0,110.0,8.0,1,5.0,2,18.1,19.6,0,AFTERNOON,WEEKDAY,12.1
EXPRESS,HIGH,161.1,23.5,32.7,120.0,4.8,1,3.4,2,34.9,40.2,2,AFTERNOON,WEEKDAY,14.7
EXPRESS,HIGH,106.1,67.4,76.2,130.0,0.9,0,0.0,2,75.5,67.3,0,NIGHT,WEEKDAY,8.5
PASSENGER,HIGH,174.8,76.4,6.7,110.0,3.6,5,3.9,2,98.0,97.5,2,EVENING,WEEKDAY,27.0
EXPRESS,HIGH,69.7,82.4,61.3,130.0,2.3,3,1.5,4,81.9,79.9,0,EVENING,WEEKDAY,16.6
PASSENGER,HIGH,147.3,34.1,88.1,100.0,4.0,1,2.0,2,51.3,53.9,0,AFTERNOON,WEEKDAY,8.6
EXPRESS,HIGH,108.2,65.6,37.9,120.0,0.1,4,1.6,1,73.0,74.0,1,MORNING,WEEKEND,8.6
PASSENGER,LOW,67.9,46.4,94.5,110.0,3.4,3,2.2,1,66.6,62.6,0,AFTERNOON,WEEKDAY,10.7
EXPRESS,HIGH,137.3,33.7,9.3,130.0,0.0,0,0.0,4,89.8,82.2,2,MORNING,WEEKDAY,17.4
LOCAL,MEDIUM,175.4,5.4,21.9,80.0,3.4,0,0.0,2,64.7,53.6,3,MORNING,WEEKDAY,22.2
EXPRESS,HIGH,176.5,94.1,96.4,120.0,0.0,3,4.6,1,25.8,32.8,0,EVENING,WEEKEND,8.5
EXPRESS,HIGH,175.9,15.4,15.1,140.0,0.0,0,0.0,2,10.8,15.9,1,NIGHT,WEEKDAY,3.2
PASSENGER,MEDIUM,170.8,36.8,28.4,110.0,0.0,2,3.8,2,55.8,55.3,1,MORNING,WEEKDAY,15.1
EXPRESS,MEDIUM,75.9,87.1,46.7,110.0,4.9,4,3.2,1,49.0,45.4,1,EVENING,WEEKDAY,19.6
PASSENGER,HIGH,171.8,94.8,22.3,100.0,0.0,0,0.0,2,90.0,90.8,1,AFTERNOON,WEEKDAY,14.7
FREIGHT,MEDIUM,167.9,79.6,14.9,65.0,2.9,2,2.5,2,73.0,64.6,1,AFTERNOON,WEEKDAY,17.0
EXPRESS,HIGH,104.7,55.7,116.2,130.0,0.9,0,0.0,2,23.4,21.6,0,NIGHT,WEEKEND,3.2
EXPRESS,HIGH,47.8,91.6,93.5,110.0,0.0,2,3.7,1,22.8,27.5,0,MORNING,WEEKEND,4.3
LOCAL,LOW,56.4,29.7,87.7,90.0,2.9,1,4.2,1,37.2,36.9,0,MORNING,WEEKEND,7.2
PASSENGER,MEDIUM,178.9,80.1,77.8,100.0,12.2,5,1.8,1,46.3,52.6,0,AFTERNOON,WEEKDAY,16.4
EXPRESS,HIGH,108.1,56.6,26.6,140.0,2.6,3,2.2,2,28.4,20.6,1,NIGHT,WEEKEND,11.1
EXPRESS,HIGH,162.8,13.4,27.9,140.0,0.0,0,0.0,1,43.4,40.8,1,NIGHT,WEEKDAY,5.0
EXPRESS,HIGH,53.6,20.4,14.0,120.0,5.8,1,4.6,3,55.0,48.9,2,MORNING,WEEKDAY,20.1
FREIGHT,LOW,94.6,89.3,61.3,75.0,0.0,5,4.7,1,16.1,22.1,0,AFTERNOON,WEEKDAY,10.6
EXPRESS,MEDIUM,41.7,38.0,101.2,110.0,0.0,0,0.0,1,56.7,55.5,0,AFTERNOON,WEEKEND,3.8
PASSENGER,MEDIUM,46.4,35.3,22.7,110.0,0.0,0,0.0,1,45.7,39.0,1,EVENING,WEEKDAY,10.0
EXPRESS,MEDIUM,167.5,72.4,46.6,110.0,0.0,1,4.4,2,32.5,26.9,1,AFTERNOON,WEEKEND,13.2
PASSENGER,MEDIUM,150.4,48.2,30.6,110.0,5.3,1,2.6,2,49.0,43.5,1,NIGHT,WEEKDAY,16.1
LOCAL,LOW,173.6,12.4,28.9,90.0,0.0,0,0.0,3,73.8,76.2,2,EVENING,WEEKDAY,23.2
EXPRESS,HIGH,160.3,63.4,3.2,140.0,1.4,1,4.5,2,92.4,86.3,1,EVENING,WEEKDAY,17.6
PASSENGER,MEDIUM,160.6,79.8,91.2,100.0,2.1,2,2.9,1,38.3,30.2,0,MORNING,WEEKEND,5.8
EXPRESS,HIGH,143.3,11.3,78.3,130.0,0.0,1,2.7,3,89.6,81.9,0,MORNING,WEEKDAY,9.5
PASSENGER,MEDIUM,55.0,76.4,109.7,110.0,0.0,5,2.7,1,48.4,45.3,0,AFTERNOON,WEEKEND,4.7
LOCAL,MEDIUM,147.1,47.8,61.5,80.0,0.0,3,2.0,1,65.5,65.7,0,AFTERNOON,WEEKDAY,4.9
PASSENGER,MEDIUM,177.0,7.6,1.9,100.0,24.0,0,0.0,2,20.0,12.0,1,MORNING,WEEKDAY,32.1
FREIGHT,MEDIUM,66.3,69.7,53.1,65.0,4.8,4,3.8,2,84.9,79.2,0,MORNING,WEEKDAY,18.5
LOCAL,LOW,164.8,78.9,73.5,80.0,0.0,2,3.7,1,30.0,26.7,0,NIGHT,WEEKDAY,6.3
EXPRESS,HIGH,131.8,92.2,116.2,120.0,0.8,2,2.0,1,66.8,68.8,0,AFTERNOON,WEEKEND,4.7
LOCAL,MEDIUM,66.1,68.0,55.5,90.0,14.8,2,3.2,3,85.4,75.5,0,EVENING,WEEKDAY,29.3
EXPRESS,HIGH,102.8,69.8,125.7,140.0,1.6,3,2.7,1,18.6,18.1,0,EVENING,WEEKEND,3.4
EXPRESS,HIGH,115.2,88.5,13.1,130.0,5.6,5,1.6,4,60.7,54.1,2,EVENING,WEEKDAY,25.2
LOCAL,HIGH,152.4,51.2,10.4,90.0,0.0,3,4.9,2,75.1,69.8,1,EVENING,WEEKDAY,18.7
EXPRESS,HIGH,56.1,43.5,28.7,140.0,0.0,0,0.0,2,35.4,41.4,2,AFTERNOON,WEEKDAY,10.5
LOCAL,MEDIUM,106.2,84.5,73.4,80.0,0.0,2,3.0,1,24.4,17.4,0,AFTERNOON,WEEKEND,2.7
EXPRESS,MEDIUM,65.6,90.0,37.0,140.0,1.4,5,1.9,3,39.7,36.5,2,MORNING,WEEKEND,20.2
EXPRESS,HIGH,31.7,16.5,131.1,140.0,5.8,0,0.0,1,39.3,37.0,0,AFTERNOON,WEEKEND,7.9
EXPRESS,HIGH,51.7,57.2,20.1,120.0,0.0,3,4.8,2,98.0,95.0,1,MORNING,WEEKDAY,21.1
LOCAL,MEDIUM,65.4,11.2,65.2,80.0,1.8,0,0.0,3,15.0,10.3,0,MORNING,WEEKEND,5.5
EXPRESS,HIGH,145.2,71.8,90.5,110.0,0.8,4,2.9,1,32.7,25.3,0,MORNING,WEEKEND,3.6
LOCAL,LOW,57.7,12.1,88.9,90.0,0.0,1,2.7,1,10.0,11.3,0,MORNING,WEEKEND,2.2
PASSENGER,LOW,154.3,90.0,88.7,110.0,0.0,0,0.0,1,73.2,64.6,0,AFTERNOON,WEEKDAY,8.5
PASSENGER,MEDIUM,35.5,70.6,39.3,100.0,0.0,0,0.0,4,43.8,43.4,2,MORNING,WEEKDAY,19.3
LOCAL,LOW,35.5,86.0,28.0,90.0,2.0,5,4.5,2,41.7,40.3,1,AFTERNOON,WEEKDAY,25.8
FREIGHT,LOW,122.1,45.9,68.3,75.0,2.5,2,2.2,2,57.1,58.3,0,MORNING,WEEKEND,9.6
LOCAL,MEDIUM,175.6,26.7,5.0,80.0,0.7,0,0.0,3,51.4,45.3,1,MORNING,WEEKDAY,14.8
LOCAL,MEDIUM,77.3,12.3,80.0,90.0,0.0,1,4.2,1,56.6,45.9,0,AFTERNOON,WEEKDAY,5.0
EXPRESS,HIGH,138.1,90.2,113.3,130.0,4.2,4,1.7,1,69.9,73.4,0,AFTERNOON,WEEKDAY,8.5
EXPRESS,MEDIUM,38.2,11.9,117.9,130.0,0.5,1,2.2,1,66.7,64.1,0,EVENING,WEEKEND,4.7
EXPRESS,HIGH,69.9,24.9,10.2,140.0,7.2,0,0.0,2,62.3,61.9,2,MORNING,WEEKEND,17.6
EXPRESS,HIGH,30.2,90.1,24.2,120.0,0.0,3,2.3,3,32.7,32.3,3,MORNING,WEEKDAY,19.4
EXPRESS,HIGH,134.2,55.1,87.0,120.0,3.6,2,1.7,2,74.8,74.1,0,EVENING,WEEKEND,9.3
FREIGHT,LOW,114.0,32.8,32.3,75.0,6.1,1,4.3,3,98.0,96.8,2,MORNING,WEEKDAY,33.2
PASSENGER,MEDIUM,170.9,70.7,3.8,100.0,1.6,3,1.8,3,84.1,82.3,1,AFTERNOON,WEEKEND,20.0
PASSENGER,MEDIUM,143.0,86.0,96.1,100.0,4.0,2,4.5,1,20.0,12.3,0,MORNING,WEEKDAY,7.7
PASSENGER,MEDIUM,149.2,76.3,96.7,110.0,0.0,5,4.6,3,45.2,47.7,0,MORNING,WEEKDAY,17.2
EXPRESS,HIGH,32.2,28.7,116.4,130.0,3.8,1,3.1,1,21.4,32.6,0,EVENING,WEEKEND,4.9
EXPRESS,HIGH,55.3,77.0,27.1,110.0,0.5,2,2.7,1,85.2,80.8,1,MORNING,WEEKDAY,13.6
PASSENGER,MEDIUM,66.7,6.9,39.0,110.0,0.1,1,4.6,3,80.2,83.6,1,MORNING,WEEKDAY,16.5
FREIGHT,LOW,169.6,43.5,29.1,75.0,1.4,1,3.0,3,46.4,37.8,3,MORNING,WEEKDAY,27.2
PASSENGER,HIGH,161.4,72.5,22.2,100.0,2.9,1,1.5,2,98.0,86.3,1,EVENING,WEEKDAY,17.6
EXPRESS,HIGH,117.3,79.3,109.4,130.0,0.1,3,4.0,1,10.0,9.8,0,EVENING,WEEKEND,6.1
PASSENGER,MEDIUM,59.4,72.4,95.5,110.0,4.6,0,0.0,4,68.2,66.6,0,EVENING,WEEKDAY,15.4
FREIGHT,MEDIUM,73.7,41.3,53.2,65.0,0.0,0,0.0,1,51.1,56.5,0,MORNING,WEEKEND,4.3
EXPRESS,HIGH,49.3,84.6,128.9,130.0,3.9,3,1.9,1,66.2,67.0,0,AFTERNOON,WEEKDAY,7.5
PASSENGER,HIGH,165.3,24.4,7.7,100.0,3.6,0,0.0,2,96.9,89.5,1,EVENING,WEEKDAY,14.9
LOCAL,MEDIUM,142.6,29.2,61.1,80.0,0.0,0,0.0,1,17.8,19.1,0,MORNING,WEEKEND,1.7
PASSENGER,HIGH,130.6,79.2,80.6,100.0,0.0,5,1.8,1,38.4,38.7,0,MORNING,WEEKEND,2.8
EXPRESS,HIGH,176.7,13.0,50.0,130.0,3.1,1,4.7,1,39.6,34.9,1,AFTERNOON,WEEKDAY,9.6
FREIGHT,MEDIUM,176.7,22.8,14.2,65.0,2.4,1,4.7,3,94.3,86.4,2,MORNING,WEEKDAY,23.9
LOCAL,MEDIUM,102.0,37.3,79.1,80.0,0.0,1,1.8,1,13.0,4.3,0,AFTERNOON,WEEKDAY,0.0
PASSENGER,MEDIUM,89.9,27.9,16.7,110.0,0.0,1,4.8,1,72.4,69.9,1,MORNING,WEEKDAY,15.3
PASSENGER,MEDIUM,51.6,16.9,94.5,100.0,0.0,0,0.0,1,17.2,22.0,0,EVENING,WEEKEND,0.6
LOCAL,MEDIUM,83.1,43.3,40.2,90.0,0.0,2,4.8,4,75.0,71.2,3,EVENING,WEEKDAY,27.7
PASSENGER,MEDIUM,86.6,40.2,74.3,100.0,0.0,1,3.5,2,86.0,78.0,0,EVENING,WEEKDAY,11.7
LOCAL,LOW,169.2,75.3,19.6,80.0,0.0,0,0.0,3,66.1,62.1,1,EVENING,WEEKDAY,21.4
PASSENGER,MEDIUM,129.7,66.5,34.5,110.0,0.0,0,0.0,2,42.2,41.7,2,NIGHT,WEEKDAY,16.2
PASSENGER,MEDIUM,68.3,8.7,43.1,100.0,0.2,0,0.0,2,79.9,79.1,0,NIGHT,WEEKDAY,7.2
EXPRESS,HIGH,121.3,82.3,5.5,110.0,0.0,5,3.7,3,66.6,64.3,3,MORNING,WEEKDAY,26.3
LOCAL,MEDIUM,144.7,69.6,16.6,80.0,2.7,4,3.4,3,88.0,85.1,1,MORNING,WEEKDAY,24.7
LOCAL,LOW,138.6,62.6,12.8,80.0,10.5,0,0.0,3,75.8,67.0,1,EVENING,WEEKDAY,32.5
PASSENGER,MEDIUM,135.2,18.6,17.7,110.0,0.0,1,4.9,4,30.2,25.3,1,MORNING,WEEKDAY,16.0
PASSENGER,MEDIUM,95.7,5.2,93.1,110.0,3.9,0,0.0,2,95.0,86.9,0,MORNING,WEEKDAY,14.2
EXPRESS,HIGH,41.3,8.5,44.0,110.0,0.0,1,3.6,2,21.3,14.2,2,AFTERNOON,WEEKEND,8.7
PASSENGER,MEDIUM,43.1,70.1,31.4,100.0,0.1,4,2.4,3,86.5,83.4,2,MORNING,WEEKDAY,22.2
LOCAL,MEDIUM,44.2,43.8,15.0,80.0,0.0,2,1.8,2,73.0,78.1,1,NIGHT,WEEKDAY,13.3
PASSENGER,HIGH,137.6,13.2,92.4,100.0,5.2,1,3.3,1,15.0,20.6,0,MORNING,WEEKEND,6.5
LOCAL,MEDIUM,172.2,81.9,85.8,90.0,6.2,1,2.8,1,42.3,37.5,0,AFTERNOON,WEEKDAY,9.8
FREIGHT,LOW,82.9,10.1,0.2,75.0,21.4,1,1.7,2,36.7,32.7,2,MORNING,WEEKDAY,41.0
EXPRESS,HIGH,144.9,37.3,134.1,140.0,2.2,1,4.7,1,29.0,24.4,0,NIGHT,WEEKDAY,4.2
EXPRESS,HIGH,79.7,16.7,104.7,130.0,1.5,1,2.9,1,62.1,61.2,0,NIGHT,WEEKDAY,4.4
EXPRESS,MEDIUM,138.4,22.1,23.4,110.0,5.4,1,3.7,1,25.8,31.5,1,AFTERNOON,WEEKEND,14.4
LOCAL,MEDIUM,77.5,74.0,40.1,90.0,8.7,4,3.7,2,98.0,95.2,0,MORNING,WEEKDAY,25.6
PASSENGER,MEDIUM,123.1,24.4,18.7,100.0,0.0,1,1.7,2,69.3,61.6,1,EVENING,WEEKEND,11.0
EXPRESS,HIGH,47.0,66.0,69.9,140.0,0.0,3,3.4,3,94.9,89.8,0,MORNING,WEEKDAY,13.9
EXPRESS,HIGH,59.2,80.5,111.3,130.0,0.0,0,0.0,1,39.2,36.4,0,AFTERNOON,WEEKDAY,3.2
EXPRESS,HIGH,63.7,41.7,85.6,110.0,4.0,1,3.7,3,68.4,60.4,0,MORNING,WEEKDAY,13.0
PASSENGER,MEDIUM,92.9,90.1,47.4,110.0,1.1,5,4.9,4,71.5,61.2,0,EVENING,WEEKDAY,27.6
FREIGHT,LOW,98.0,5.1,58.2,65.0,0.0,1,3.5,1,47.5,48.1,0,EVENING,WEEKEND,6.2
EXPRESS,HIGH,92.3,40.2,107.6,130.0,0.3,2,4.9,1,21.2,23.9,0,MORNING,WEEKEND,5.0
FREIGHT,MEDIUM,52.0,25.8,65.4,75.0,0.0,0,0.0,1,49.8,49.4,0,MORNING,WEEKEND,4.1
FREIGHT,LOW,135.1,74.8,12.1,65.0,0.0,4,3.2,2,11.6,12.8,1,EVENING,WEEKEND,15.8
PASSENGER,MEDIUM,148.9,59.1,4.4,110.0,0.0,0,0.0,2,30.9,28.9,2,AFTERNOON,WEEKDAY,15.2
LOCAL,MEDIUM,115.1,91.2,55.9,90.0,2.4,0,0.0,4,91.3,81.8,0,EVENING,WEEKDAY,18.1
LOCAL,MEDIUM,167.0,52.4,15.6,90.0,0.0,2,3.2,2,88.6,90.2,1,EVENING,WEEKDAY,17.5
PASSENGER,HIGH,58.7,37.2,57.3,100.0,0.7,0,0.0,2,94.6,87.9,0,MORNING,WEEKDAY,8.9
PASSENGER,MEDIUM,94.0,86.2,40.4,100.0,5.3,4,2.0,3,74.4,68.1,0,MORNING,WEEKDAY,19.7
EXPRESS,HIGH,154.2,20.9,108.4,140.0,0.0,1,3.1,1,36.6,42.3,0,EVENING,WEEKEND,2.8
PASSENGER,MEDIUM,47.7,78.8,81.3,100.0,0.0,3,1.7,1,29.7,32.1,0,MORNING,WEEKEND,3.5
EXPRESS,HIGH,179.8,80.3,10.1,110.0,0.0,2,4.5,1,59.4,57.7,1,AFTERNOON,WEEKEND,14.1
EXPRESS,HIGH,168.0,38.9,90.9,120.0,0.0,1,1.6,1,64.8,56.3,0,EVENING,WEEKDAY,3.8
EXPRESS,HIGH,54.4,8.2,109.2,140.0,0.0,1,4.2,1,35.1,37.8,0,EVENING,WEEKEND,3.1
LOCAL,MEDIUM,163.3,38.4,18.3,80.0,4.1,2,4.5,2,28.5,26.4,1,AFTERNOON,WEEKDAY,15.6
PASSENGER,MEDIUM,123.4,7.2,12.4,110.0,2.2,0,0.0,3,66.6,57.9,1,EVENING,WEEKDAY,15.8
PASSENGER,MEDIUM,50.0,42.0,34.6,110.0,6.5,0,0.0,1,87.0,90.8,1,MORNING,WEEKDAY,20.1
PASSENGER,HIGH,169.5,31.6,59.5,100.0,5.3,0,0.0,1,74.8,73.4,0,EVENING,WEEKDAY,11.4
EXPRESS,HIGH,117.1,87.3,47.7,140.0,0.0,5,1.5,2,35.8,31.3,1,MORNING,WEEKEND,9.8
EXPRESS,HIGH,70.5,82.2,135.3,140.0,0.8,4,2.7,2,40.5,39.7,0,EVENING,WEEKDAY,7.6
FREIGHT,LOW,138.1,63.2,59.8,65.0,1.3,4,2.7,1,30.7,31.5,0,EVENING,WEEKEND,6.0
PASSENGER,MEDIUM,138.7,82.3,99.0,110.0,0.0,4,4.1,1,63.9,52.1,0,MORNING,WEEKDAY,11.8
PASSENGER,MEDIUM,52.3,17.5,3.8,100.0,0.7,1,3.1,2,67.5,63.3,1,EVENING,WEEKDAY,13.8
EXPRESS,HIGH,144.7,25.8,39.3,120.0,0.0,1,2.0,2,40.6,34.0,1,MORNING,WEEKDAY,9.2
EXPRESS,MEDIUM,35.5,62.6,32.6,140.0,5.2,2,2.6,3,20.0,16.9,1,AFTERNOON,WEEKDAY,16.9
EXPRESS,HIGH,119.5,15.3,49.6,110.0,0.0,0,0.0,3,98.0,95.3,0,EVENING,WEEKDAY,10.5
LOCAL,MEDIUM,115.3,80.6,82.9,90.0,0.8,1,3.0,2,52.9,58.6,0,AFTERNOON,WEEKDAY,7.9
EXPRESS,MEDIUM,82.3,53.9,109.7,110.0,1.7,2,4.9,1,42.7,39.4,0,EVENING,WEEKEND,8.5
FREIGHT,MEDIUM,145.5,89.4,24.2,65.0,1.1,4,3.9,2,86.0,77.1,1,EVENING,WEEKDAY,22.8
LOCAL,LOW,47.6,64.7,31.4,90.0,0.0,4,4.1,3,26.3,26.4,1,MORNING,WEEKEND,20.6
LOCAL,LOW,39.9,47.9,14.5,90.0,4.8,3,2.9,3,37.4,29.7,1,EVENING,WEEKDAY,22.7
PASSENGER,MEDIUM,62.1,34.6,24.1,100.0,0.4,2,2.4,2,18.1,23.0,2,AFTERNOON,WEEKDAY,12.5
FREIGHT,LOW,71.4,72.1,56.8,75.0,0.4,0,0.0,1,58.5,53.3,0,EVENING,WEEKDAY,9.2
EXPRESS,HIGH,67.7,62.5,93.7,120.0,0.0,0,0.0,1,44.9,40.1,0,AFTERNOON,WEEKEND,4.1
EXPRESS,HIGH,154.2,75.3,109.2,140.0,2.0,3,3.9,1,31.6,24.3,0,MORNING,WEEKDAY,10.1
PASSENGER,MEDIUM,68.9,78.6,7.1,110.0,4.9,5,2.4,2,45.4,55.1,1,AFTERNOON,WEEKDAY,18.9
LOCAL,MEDIUM,120.5,59.5,35.5,80.0,0.0,3,4.2,2,41.4,34.4,1,MORNING,WEEKEND,14.5
PASSENGER,MEDIUM,95.8,41.5,91.5,100.0,2.2,2,4.8,1,34.3,44.8,0,MORNING,WEEKEND,8.6
EXPRESS,HIGH,70.5,72.3,83.4,130.0,2.7,4,1.7,2,98.0,98.0,0,MORNING,WEEKDAY,11.8
PASSENGER,MEDIUM,113.4,57.5,78.8,100.0,0.7,2,2.2,1,28.8,28.9,0,AFTERNOON,WEEKEND,3.3
EXPRESS,HIGH,113.9,76.2,48.7,110.0,3.6,5,3.3,2,36.4,48.3,3,AFTERNOON,WEEKDAY,21.4
LOCAL,MEDIUM,161.3,18.2,73.3,90.0,0.3,1,5.0,1,43.6,46.5,0,EVENING,WEEKEND,5.9
PASSENGER,HIGH,154.8,11.2,82.8,100.0,0.6,0,0.0,1,39.5,35.9,0,NIGHT,WEEKEND,3.2
PASSENGER,MEDIUM,130.8,38.5,85.4,110.0,1.8,1,4.4,1,66.4,65.6,0,EVENING,WEEKDAY,9.6
PASSENGER,MEDIUM,130.7,37.2,16.2,100.0,2.5,0,0.0,2,60.7,61.7,1,MORNING,WEEKDAY,15.0
PASSENGER,MEDIUM,31.7,86.8,3.5,110.0,0.0,1,4.0,3,59.3,53.9,2,MORNING,WEEKDAY,24.7
LOCAL,HIGH,38.9,80.0,0.9,90.0,0.0,0,0.0,2,68.8,58.8,1,EVENING,WEEKDAY,14.1
EXPRESS,HIGH,107.4,81.6,44.3,120.0,0.0,1,4.2,1,33.9,39.7,1,MORNING,WEEKEND,9.6
PASSENGER,MEDIUM,82.2,6.3,91.2,110.0,0.3,0,0.0,4,77.7,70.3,0,EVENING,WEEKDAY,11.3
PASSENGER,MEDIUM,98.4,87.9,7.8,110.0,3.2,4,2.2,2,36.4,35.5,1,MORNING,WEEKEND,19.1
EXPRESS,HIGH,66.9,68.3,24.9,120.0,0.0,2,3.4,3,78.5,72.5,1,EVENING,WEEKDAY,15.4
EXPRESS,HIGH,91.6,26.5,15.1,130.0,0.0,0,0.0,2,90.7,89.8,2,EVENING,WEEKDAY,13.5
EXPRESS,HIGH,70.3,28.1,15.7,110.0,0.9,0,0.0,2,56.8,50.6,1,EVENING,WEEKDAY,11.4
FREIGHT,LOW,103.3,19.5,67.7,75.0,2.9,1,4.8,1,44.2,39.6,0,AFTERNOON,WEEKDAY,9.0
PASSENGER,MEDIUM,33.4,17.1,37.8,110.0,0.0,0,0.0,4,65.5,61.4,1,EVENING,WEEKDAY,16.7
EXPRESS,HIGH,146.3,26.7,38.8,130.0,1.6,1,3.4,3,42.0,34.5,3,MORNING,WEEKDAY,17.5
PASSENGER,MEDIUM,53.8,30.3,103.0,110.0,3.1,0,0.0,1,23.2,25.0,0,AFTERNOON,WEEKDAY,5.7
EXPRESS,HIGH,41.8,85.2,23.1,110.0,1.9,5,4.1,4,76.0,66.5,1,MORNING,WEEKDAY,25.1
EXPRESS,HIGH,116.6,23.5,72.5,120.0,2.9,1,3.5,1,71.0,77.3,0,NIGHT,WEEKEND,7.1
FREIGHT,LOW,98.6,19.6,26.6,75.0,3.2,1,3.6,1,78.2,73.6,1,AFTERNOON,WEEKDAY,18.3
PASSENGER,HIGH,36.4,60.2,97.1,110.0,1.1,0,0.0,1,19.3,16.9,0,AFTERNOON,WEEKDAY,2.4
PASSENGER,MEDIUM,126.8,41.9,16.7,100.0,7.1,2,2.2,2,54.3,55.8,2,AFTERNOON,WEEKEND,21.7
EXPRESS,HIGH,110.1,39.4,27.9,130.0,0.0,1,2.6,2,74.9,73.2,1,MORNING,WEEKDAY,11.0
PASSENGER,MEDIUM,63.3,11.0,57.9,110.0,3.0,0,0.0,1,70.7,67.7,0,EVENING,WEEKDAY,10.3
EXPRESS,MEDIUM,112.6,87.8,112.6,130.0,0.0,1,2.1,2,26.4,20.3,0,EVENING,WEEKDAY,6.6
PASSENGER,MEDIUM,52.8,12.5,92.5,100.0,2.1,1,4.9,1,57.4,51.6,0,EVENING,WEEKDAY,10.2
EXPRESS,MEDIUM,30.6,5.4,18.5,110.0,5.4,0,0.0,3,83.4,81.4,2,EVENING,WEEKDAY,23.8
PASSENGER,MEDIUM,92.6,91.7,17.2,110.0,0.0,2,2.4,2,79.2,76.7,1,EVENING,WEEKDAY,18.6
FREIGHT,LOW,166.8,32.4,4.2,75.0,6.4,2,1.7,2,76.8,72.6,2,EVENING,WEEKDAY,30.3
EXPRESS,HIGH,30.2,47.8,88.8,130.0,1.1,0,0.0,1,78.7,77.0,0,MORNING,WEEKDAY,7.8
EXPRESS,HIGH,164.2,25.4,52.3,120.0,3.0,0,0.0,2,33.4,35.6,2,EVENING,WEEKEND,12.3
PASSENGER,HIGH,169.3,70.7,27.3,110.0,0.4,3,3.1,3,25.2,20.9,2,EVENING,WEEKDAY,16.1
LOCAL,MEDIUM,49.6,55.6,80.2,90.0,1.0,2,2.9,1,59.1,58.6,0,AFTERNOON,WEEKDAY,6.1
LOCAL,MEDIUM,48.8,84.4,26.0,80.0,0.1,2,3.4,3,21.5,26.6,2,AFTERNOON,WEEKDAY,19.0
PASSENGER,MEDIUM,130.7,33.6,97.1,110.0,0.0,2,3.8,1,31.9,26.5,0,AFTERNOON,WEEKEND,5.2
EXPRESS,MEDIUM,49.9,71.9,126.1,130.0,0.0,1,1.7,1,60.3,52.0,0,AFTERNOON,WEEKEND,4.3
PASSENGER,MEDIUM,65.3,13.1,83.6,110.0,4.9,1,3.7,1,57.5,52.6,0,EVENING,WEEKEND,10.3
LOCAL,MEDIUM,36.3,59.6,83.0,90.0,0.6,1,3.0,3,70.0,62.8,0,MORNING,WEEKDAY,10.1
PASSENGER,MEDIUM,73.1,50.0,106.4,110.0,6.1,0,0.0,1,25.5,27.3,0,AFTERNOON,WEEKDAY,6.3
EXPRESS,HIGH,175.8,49.2,58.3,130.0,0.0,1,1.5,2,24.7,19.9,1,MORNING,WEEKEND,5.7
FREIGHT,MEDIUM,84.8,30.3,54.7,65.0,4.9,2,4.5,1,54.5,51.3,0,NIGHT,WEEKDAY,12.3
PASSENGER,MEDIUM,56.2,40.0,32.6,110.0,2.0,1,5.0,2,10.2,17.5,1,AFTERNOON,WEEKDAY,11.3
PASSENGER,LOW,144.8,62.7,2.8,100.0,1.7,0,0.0,2,75.2,59.1,2,EVENING,WEEKDAY,26.9
PASSENGER,MEDIUM,95.1,13.2,105.9,110.0,7.6,1,4.3,1,10.1,22.9,0,AFTERNOON,WEEKDAY,10.3
PASSENGER,MEDIUM,175.7,15.0,91.3,110.0,0.0,1,2.1,1,59.1,60.8,0,AFTERNOON,WEEKDAY,4.4
FREIGHT,MEDIUM,60.4,93.9,27.3,75.0,5.2,5,2.4,3,98.0,93.9,1,MORNING,WEEKDAY,25.2
LOCAL,HIGH,34.4,88.7,53.9,90.0,4.4,5,2.5,1,80.4,84.8,0,EVENING,WEEKDAY,13.4
PASSENGER,HIGH,42.8,10.5,16.7,110.0,9.7,0,0.0,3,98.0,94.7,1,MORNING,WEEKDAY,21.1
LOCAL,MEDIUM,122.4,25.5,28.7,80.0,0.0,1,4.5,2,86.9,84.6,1,EVENING,WEEKEND,13.4
PASSENGER,MEDIUM,146.4,41.7,92.1,110.0,0.0,0,0.0,3,84.1,78.8,0,EVENING,WEEKDAY,10.9
EXPRESS,HIGH,108.1,62.0,102.8,130.0,0.0,4,1.9,1,66.4,65.8,0,NIGHT,WEEKDAY,4.4
PASSENGER,MEDIUM,85.0,83.3,97.8,100.0,1.2,0,0.0,4,66.2,62.4,0,EVENING,WEEKDAY,11.5
FREIGHT,LOW,63.1,42.3,58.4,65.0,3.7,1,4.5,2,22.1,30.1,0,NIGHT,WEEKDAY,9.6
PASSENGER,MEDIUM,143.8,64.3,14.0,100.0,0.6,4,2.1,1,79.7,75.7,1,MORNING,WEEKDAY,16.4
LOCAL,MEDIUM,42.7,81.3,68.6,80.0,7.4,0,0.0,1,46.8,44.2,0,AFTERNOON,WEEKEND,11.9
EXPRESS,HIGH,97.5,26.5,47.2,110.0,5.7,1,3.5,3,40.0,35.9,1,MORNING,WEEKDAY,16.1
PASSENGER,MEDIUM,105.6,89.4,96.4,110.0,0.0,0,0.0,2,44.3,41.7,0,EVENING,WEEKDAY,8.2
PASSENGER,MEDIUM,149.3,89.0,91.3,100.0,4.4,1,3.3,1,59.6,53.9,0,MORNING,WEEKEND,10.4
EXPRESS,HIGH,50.7,69.7,12.8,120.0,3.8,4,3.5,1,38.1,36.8,1,NIGHT,WEEKEND,16.8
EXPRESS,HIGH,47.7,18.2,44.0,130.0,3.3,0,0.0,3,62.6,55.9,1,EVENING,WEEKDAY,13.7
EXPRESS,HIGH,104.2,75.6,3.8,110.0,2.9,2,3.9,2,88.3,82.8,1,EVENING,WEEKDAY,21.0
FREIGHT,LOW,80.8,17.0,60.4,65.0,0.0,1,3.9,2,32.9,32.1,0,MORNING,WEEKDAY,8.1
EXPRESS,MEDIUM,176.5,39.2,30.5,120.0,1.0,0,0.0,4,49.6,42.9,2,EVENING,WEEKDAY,20.4
EXPRESS,HIGH,161.9,24.8,108.2,110.0,0.6,1,3.3,1,16.8,7.4,0,NIGHT,WEEKEND,1.1
EXPRESS,HIGH,67.6,80.5,102.5,110.0,1.9,1,1.9,2,58.7,47.4,0,EVENING,WEEKDAY,8.5
EXPRESS,HIGH,114.3,50.1,98.7,110.0,0.0,2,2.9,1,28.1,18.6,0,EVENING,WEEKEND,1.5
EXPRESS,HIGH,173.0,27.0,14.4,130.0,4.1,0,0.0,2,48.8,44.4,1,MORNING,WEEKDAY,14.8
FREIGHT,LOW,143.5,23.3,0.1,65.0,11.5,1,3.2,2,74.8,67.4,2,MORNING,WEEKDAY,35.1
EXPRESS,HIGH,67.2,9.8,92.2,110.0,1.7,1,2.4,1,58.9,54.6,0,AFTERNOON,WEEKDAY,3.5
LOCAL,MEDIUM,61.3,78.9,74.9,80.0,0.0,3,3.8,1,56.1,54.3,0,AFTERNOON,WEEKEND,6.5
EXPRESS,HIGH,175.9,70.6,111.7,140.0,0.4,2,5.0,1,48.4,44.0,0,MORNING,WEEKEND,6.8
FREIGHT,LOW,44.3,62.6,8.2,65.0,1.9,0,0.0,3,54.6,51.2,2,MORNING,WEEKDAY,26.5
PASSENGER,MEDIUM,65.8,90.6,12.0,110.0,0.8,4,3.2,2,72.4,70.2,2,EVENING,WEEKDAY,25.1
LOCAL,MEDIUM,167.0,30.1,14.9,80.0,0.0,1,1.9,2,51.3,49.6,1,EVENING,WEEKDAY,12.7
LOCAL,MEDIUM,78.9,85.0,78.3,80.0,3.1,2,3.0,1,10.0,10.4,0,EVENING,WEEKEND,2.7
LOCAL,MEDIUM,154.0,24.4,70.8,80.0,5.3,1,4.0,3,54.8,49.9,0,MORNING,WEEKDAY,15.7
EXPRESS,HIGH,97.8,47.4,88.6,110.0,3.6,0,0.0,2,10.0,5.7,0,AFTERNOON,WEEKEND,7.4
PASSENGER,MEDIUM,109.5,86.3,108.5,110.0,1.3,1,2.8,1,53.0,55.4,0,EVENING,WEEKEND,5.1
LOCAL,LOW,79.2,37.5,61.6,80.0,3.9,1,3.1,1,11.7,13.4,0,AFTERNOON,WEEKEND,6.7
FREIGHT,LOW,42.8,52.0,23.1,65.0,4.0,2,2.5,3,56.7,54.4,1,EVENING,WEEKDAY,23.3
PASSENGER,MEDIUM,71.1,21.2,107.2,110.0,11.4,0,0.0,1,68.6,61.9,0,EVENING,WEEKDAY,17.3
FREIGHT,LOW,97.1,93.4,6.3,65.0,0.0,2,2.8,2,72.0,63.7,1,MORNING,WEEKDAY,23.0
EXPRESS,HIGH,118.3,20.0,18.1,120.0,0.5,0,0.0,2,80.0,74.1,3,EVENING,WEEKDAY,16.2
EXPRESS,HIGH,105.7,10.2,105.9,110.0,7.0,0,0.0,1,60.7,53.3,0,NIGHT,WEEKDAY,10.2
PASSENGER,MEDIUM,141.1,47.6,9.2,110.0,6.3,3,2.4,2,37.2,38.0,1,AFTERNOON,WEEKEND,18.7
FREIGHT,LOW,163.6,25.6,52.8,65.0,1.8,0,0.0,2,20.8,22.8,0,AFTERNOON,WEEKDAY,6.1
LOCAL,MEDIUM,93.1,64.8,1.4,80.0,1.7,0,0.0,3,67.7,61.9,2,MORNING,WEEKDAY,24.3
PASSENGER,HIGH,154.6,8.2,79.6,100.0,2.7,1,4.5,2,98.0,96.6,0,EVENING,WEEKDAY,11.8
LOCAL,MEDIUM,128.3,13.5,6.4,90.0,0.0,0,0.0,4,83.2,75.9,2,EVENING,WEEKDAY,19.9
PASSENGER,HIGH,32.4,83.8,84.2,100.0,3.2,2,2.8,1,19.5,25.1,0,MORNING,WEEKEND,5.6
PASSENGER,MEDIUM,100.1,57.1,109.2,110.0,0.8,3,3.4,2,33.9,35.1,0,NIGHT,WEEKDAY,4.5
LOCAL,LOW,171.5,69.5,21.9,90.0,1.0,1,4.6,3,80.3,83.5,1,MORNING,WEEKDAY,23.9
PASSENGER,MEDIUM,146.8,63.1,81.2,100.0,4.3,2,2.1,1,54.5,43.8,0,AFTERNOON,WEEKDAY,9.1
EXPRESS,HIGH,33.0,75.2,27.7,110.0,1.0,0,0.0,3,88.2,85.6,2,EVENING,WEEKDAY,18.9
FREIGHT,LOW,117.5,68.8,63.6,65.0,1.3,3,2.8,1,37.6,35.0,0,NIGHT,WEEKEND,5.5
EXPRESS,HIGH,73.1,84.3,48.4,140.0,3.3,2,3.1,1,94.2,85.3,2,EVENING,WEEKDAY,19.2
EXPRESS,HIGH,138.7,11.2,20.4,120.0,0.0,1,2.5,4,97.2,90.4,1,MORNING,WEEKDAY,11.9
PASSENGER,HIGH,159.2,87.6,22.4,110.0,7.0,3,4.4,2,37.6,39.9,1,MORNING,WEEKDAY,23.7
FREIGHT,LOW,95.6,75.2,23.2,75.0,2.0,2,3.9,3,86.8,80.1,2,EVENING,WEEKDAY,32.1
EXPRESS,HIGH,131.4,17.3,32.6,110.0,0.0,1,3.6,3,60.1,53.8,1,MORNING,WEEKDAY,11.1
EXPRESS,MEDIUM,118.9,81.7,19.9,120.0,4.0,0,0.0,2,81.8,78.0,1,MORNING,WEEKDAY,23.9
EXPRESS,HIGH,57.7,64.3,107.6,140.0,0.0,4,2.0,1,36.2,38.4,0,AFTERNOON,WEEKDAY,2.3
EXPRESS,HIGH,113.3,77.3,48.2,110.0,0.0,3,3.5,2,68.5,61.9,3,MORNING,WEEKDAY,19.0
FREIGHT,LOW,120.5,84.6,39.6,65.0,2.0,0,0.0,2,74.2,71.0,0,AFTERNOON,WEEKEND,14.0
PASSENGER,MEDIUM,123.0,83.8,43.0,100.0,1.7,3,4.0,3,77.6,76.9,0,EVENING,WEEKDAY,18.8
EXPRESS,HIGH,84.2,39.1,19.2,110.0,0.6,0,0.0,2,56.6,54.9,3,MORNING,WEEKEND,13.1
LOCAL,MEDIUM,173.4,56.5,42.4,90.0,7.5,1,2.4,1,90.0,90.5,0,NIGHT,WEEKDAY,15.8
PASSENGER,HIGH,93.7,83.6,18.1,110.0,0.0,1,3.8,2,66.3,67.1,1,EVENING,WEEKDAY,14.3
EXPRESS,HIGH,170.3,35.9,30.9,130.0,2.8,0,0.0,2,62.3,59.2,1,AFTERNOON,WEEKEND,11.9
PASSENGER,MEDIUM,75.8,66.2,0.6,100.0,2.7,3,2.8,2,75.0,70.1,1,MORNING,WEEKDAY,20.6
FREIGHT,LOW,47.1,35.6,68.0,75.0,0.1,0,0.0,3,36.8,32.3,0,EVENING,WEEKDAY,9.1
EXPRESS,HIGH,117.5,32.0,41.6,110.0,0.7,1,4.5,2,31.9,37.2,2,EVENING,WEEKEND,10.9
PASSENGER,MEDIUM,126.7,11.6,24.6,110.0,0.8,0,0.0,2,71.5,61.5,2,EVENING,WEEKDAY,16.3
PASSENGER,HIGH,52.7,61.6,36.7,100.0,2.4,4,4.7,2,54.5,46.1,1,EVENING,WEEKDAY,21.1
FREIGHT,LOW,88.6,59.5,27.8,75.0,2.1,3,4.6,2,35.5,28.8,1,MORNING,WEEKDAY,22.6
PASSENGER,HIGH,107.6,53.6,88.2,100.0,1.1,0,0.0,1,50.0,57.4,0,NIGHT,WEEKDAY,5.0
PASSENGER,MEDIUM,34.3,42.1,81.8,100.0,0.0,1,3.1,1,51.9,52.9,0,NIGHT,WEEKEND,5.3
EXPRESS,MEDIUM,124.8,71.1,52.4,120.0,0.0,4,1.7,4,49.6,42.2,2,MORNING,WEEKDAY,19.8
LOCAL,MEDIUM,117.9,21.9,78.1,90.0,0.8,0,0.0,1,53.3,53.3,0,AFTERNOON,WEEKDAY,6.2
EXPRESS,HIGH,152.8,89.5,27.5,130.0,9.5,3,3.9,2,39.8,45.5,1,MORNING,WEEKEND,24.2
EXPRESS,HIGH,109.5,78.6,16.3,120.0,3.1,1,3.7,2,65.5,61.6,1,MORNING,WEEKDAY,18.1
EXPRESS,MEDIUM,106.7,37.7,132.5,140.0,0.0,1,2.0,3,49.1,54.1,0,EVENING,WEEKDAY,8.8
PASSENGER,HIGH,100.6,27.5,87.9,100.0,0.0,1,2.5,1,57.6,55.0,0,EVENING,WEEKDAY,3.5
EXPRESS,HIGH,85.0,81.6,7.4,120.0,0.0,2,2.4,2,92.6,84.9,2,EVENING,WEEKDAY,18.1
LOCAL,LOW,91.2,53.5,78.2,80.0,0.0,3,3.2,2,30.5,31.6,0,AFTERNOON,WEEKDAY,5.2
EXPRESS,HIGH,162.9,12.8,57.0,140.0,0.0,0,0.0,2,39.9,37.2,3,NIGHT,WEEKDAY,10.8
EXPRESS,HIGH,87.8,21.1,115.2,120.0,4.1,0,0.0,1,55.4,62.3,0,AFTERNOON,WEEKDAY,7.3
PASSENGER,HIGH,64.8,6.8,87.4,100.0,0.0,0,0.0,1,23.5,25.2,0,EVENING,WEEKEND,2.0
PASSENGER,MEDIUM,103.7,85.2,6.4,100.0,1.1,3,3.8,3,53.9,54.5,1,MORNING,WEEKEND,21.3
FREIGHT,LOW,147.6,91.0,4.6,75.0,4.8,0,0.0,2,21.2,18.7,1,AFTERNOON,WEEKEND,21.3
PASSENGER,MEDIUM,64.3,32.8,43.4,110.0,0.0,1,3.0,2,64.0,57.9,1,EVENING,WEEKDAY,13.3
PASSENGER,MEDIUM,151.0,62.4,108.2,110.0,0.0,1,2.4,1,15.6,11.2,0,AFTERNOON,WEEKDAY,0.0
EXPRESS,HIGH,45.3,47.7,8.2,140.0,1.7,3,4.4,2,79.1,77.9,1,EVENING,WEEKDAY,19.7
FREIGHT,LOW,169.9,80.5,16.3,65.0,0.0,2,2.4,2,52.1,44.8,2,MORNING,WEEKEND,22.2
EXPRESS,HIGH,66.1,60.6,45.1,120.0,1.7,0,0.0,2,17.7,15.5,2,NIGHT,WEEKDAY,11.5
EXPRESS,HIGH,135.3,34.5,110.8,140.0,5.1,2,3.1,1,64.8,54.9,0,NIGHT,WEEKDAY,8.7
PASSENGER,MEDIUM,166.4,19.0,46.8,110.0,2.2,0,0.0,3,12.7,14.2,1,AFTERNOON,WEEKDAY,11.4
PASSENGER,MEDIUM,125.1,37.2,36.5,100.0,6.1,2,2.3,1,75.5,73.5,1,EVENING,WEEKDAY,17.5
EXPRESS,HIGH,50.4,90.9,118.2,130.0,0.9,3,2.0,1,32.4,33.2,0,AFTERNOON,WEEKDAY,3.5
FREIGHT,LOW,171.8,16.1,45.4,75.0,1.9,1,1.9,1,72.6,80.5,0,AFTERNOON,WEEKDAY,10.4
EXPRESS,HIGH,49.3,42.4,22.4,120.0,1.9,0,0.0,2,13.6,10.7,1,NIGHT,WEEKDAY,9.5
EXPRESS,HIGH,91.1,18.8,91.8,110.0,2.7,1,1.8,1,40.7,40.2,0,AFTERNOON,WEEKEND,5.0
PASSENGER,MEDIUM,176.7,83.7,80.9,100.0,15.5,5,2.7,1,62.2,63.7,0,EVENING,WEEKDAY,23.8
PASSENGER,HIGH,39.9,86.2,88.1,100.0,0.0,4,4.1,1,36.5,37.8,0,NIGHT,WEEKEND,7.2
EXPRESS,MEDIUM,99.5,11.7,3.0,120.0,0.0,0,0.0,2,57.7,56.2,1,MORNING,WEEKDAY,11.3
LOCAL,MEDIUM,135.8,10.9,81.3,90.0,0.0,0,0.0,1,17.5,16.5,0,AFTERNOON,WEEKDAY,2.2
PASSENGER,MEDIUM,99.4,54.9,95.0,110.0,0.0,1,2.5,1,31.8,35.1,0,MORNING,WEEKEND,3.3
EXPRESS,MEDIUM,117.6,17.3,94.5,120.0,0.7,1,4.7,1,51.6,51.2,0,MORNING,WEEKEND,6.7
EXPRESS,MEDIUM,71.7,51.2,117.8,140.0,0.0,0,0.0,3,54.6,57.3,0,AFTERNOON,WEEKDAY,7.4
EXPRESS,HIGH,49.3,86.8,30.9,130.0,0.0,0,0.0,2,37.2,33.5,1,NIGHT,WEEKDAY,9.9
LOCAL,MEDIUM,63.5,80.3,79.6,80.0,3.8,5,2.4,1,30.8,33.0,0,MORNING,WEEKEND,3.6
LOCAL,MEDIUM,99.7,53.9,24.2,80.0,1.7,0,0.0,2,72.2,65.4,1,EVENING,WEEKDAY,16.2
EXPRESS,HIGH,43.5,48.2,98.8,120.0,1.0,3,3.1,1,55.1,39.9,0,AFTERNOON,WEEKDAY,3.7
PASSENGER,LOW,32.6,45.6,13.9,100.0,1.8,1,4.7,2,10.0,10.2,3,AFTERNOON,WEEKDAY,26.0
EXPRESS,HIGH,51.5,44.2,111.2,130.0,7.9,2,1.6,3,32.3,28.6,0,MORNING,WEEKDAY,15.3
EXPRESS,HIGH,59.5,37.4,99.9,110.0,1.1,2,4.7,2,64.3,56.3,0,MORNING,WEEKDAY,11.7
FREIGHT,LOW,165.3,6.7,27.6,65.0,7.2,1,4.9,2,92.7,89.1,1,MORNING,WEEKDAY,27.5
FREIGHT,LOW,114.2,34.6,27.2,65.0,0.0,2,1.9,2,79.4,75.7,1,EVENING,WEEKDAY,17.6
PASSENGER,MEDIUM,42.5,40.4,86.3,110.0,0.0,1,2.2,4,86.7,76.1,0,MORNING,WEEKDAY,14.3
EXPRESS,HIGH,127.3,88.2,23.6,140.0,11.1,0,0.0,2,76.3,75.0,1,EVENING,WEEKDAY,26.7
EXPRESS,HIGH,97.8,17.7,28.6,140.0,0.4,1,4.9,2,45.3,47.7,1,AFTERNOON,WEEKEND,10.6
PASSENGER,MEDIUM,143.6,67.1,83.0,100.0,0.1,1,2.0,2,53.8,60.0,0,AFTERNOON,WEEKEND,5.4
LOCAL,MEDIUM,109.8,47.6,3.9,80.0,3.3,2,1.5,2,16.6,16.6,2,NIGHT,WEEKDAY,17.6
LOCAL,LOW,170.8,41.9,35.5,90.0,0.8,2,3.9,1,32.3,29.7,1,MORNING,WEEKEND,13.7
PASSENGER,MEDIUM,79.6,79.9,78.5,100.0,14.2,3,4.7,2,90.0,87.2,0,AFTERNOON,WEEKDAY,28.9
EXPRESS,HIGH,154.4,84.6,111.2,140.0,0.0,5,1.9,1,62.9,60.7,0,MORNING,WEEKEND,4.9
EXPRESS,HIGH,98.3,16.5,16.8,110.0,6.9,0,0.0,2,94.9,86.5,3,EVENING,WEEKDAY,21.8
FREIGHT,LOW,97.7,69.7,59.0,75.0,0.0,2,2.8,2,28.1,13.5,0,AFTERNOON,WEEKEND,5.6
PASSENGER,HIGH,82.3,93.3,30.5,110.0,0.0,3,4.3,2,39.7,38.9,2,AFTERNOON,WEEKDAY,18.4
EXPRESS,HIGH,43.8,31.8,4.4,130.0,11.8,1,3.2,3,79.4,77.5,1,EVENING,WEEKDAY,25.5
EXPRESS,MEDIUM,100.3,22.3,136.0,140.0,5.9,0,0.0,1,18.8,16.3,0,AFTERNOON,WEEKEND,7.5
PASSENGER,MEDIUM,92.8,45.7,90.4,100.0,1.1,2,3.5,1,52.0,47.3,0,AFTERNOON,WEEKDAY,7.3
EXPRESS,HIGH,158.0,79.1,118.7,140.0,0.0,5,2.8,4,65.9,57.1,0,EVENING,WEEKDAY,11.0
EXPRESS,MEDIUM,60.0,68.2,4.9,110.0,0.0,4,2.0,3,40.5,32.9,2,EVENING,WEEKDAY,19.0
EXPRESS,MEDIUM,46.2,79.7,115.3,130.0,2.1,4,3.2,1,10.0,10.3,0,AFTERNOON,WEEKDAY,5.5
EXPRESS,MEDIUM,84.0,25.7,8.0,140.0,0.0,0,0.0,3,84.3,71.9,3,EVENING,WEEKDAY,23.2
LOCAL,LOW,56.7,8.2,88.2,90.0,0.0,0,0.0,1,66.3,60.8,0,AFTERNOON,WEEKEND,6.1
PASSENGER,MEDIUM,179.6,22.0,96.6,100.0,0.0,0,0.0,2,18.1,23.2,0,AFTERNOON,WEEKDAY,2.6
EXPRESS,HIGH,89.1,70.7,122.0,130.0,2.2,4,3.9,1,39.1,40.1,0,EVENING,WEEKEND,10.1
EXPRESS,HIGH,32.0,61.5,57.9,120.0,0.0,2,1.9,3,73.2,73.1,0,EVENING,WEEKDAY,10.6
EXPRESS,HIGH,172.5,50.7,108.9,120.0,0.2,2,3.5,1,28.9,35.6,0,MORNING,WEEKEND,3.4
EXPRESS,HIGH,55.0,63.4,84.5,110.0,0.2,3,3.5,2,57.5,57.5,0,NIGHT,WEEKDAY,8.2
PASSENGER,HIGH,122.7,61.4,89.6,110.0,0.2,0,0.0,1,15.2,16.6,0,AFTERNOON,WEEKDAY,1.4
PASSENGER,MEDIUM,73.2,6.6,95.8,110.0,0.0,0,0.0,1,33.9,39.2,0,AFTERNOON,WEEKDAY,3.2
EXPRESS,HIGH,76.6,84.4,27.9,120.0,4.3,3,3.9,3,79.0,76.4,1,MORNING,WEEKDAY,25.4
LOCAL,MEDIUM,114.7,43.5,10.7,90.0,0.0,1,1.5,4,70.4,65.3,1,EVENING,WEEKDAY,18.9
EXPRESS,HIGH,72.0,78.5,54.3,130.0,1.8,5,2.5,2,74.4,71.5,1,EVENING,WEEKDAY,14.3
PASSENGER,HIGH,45.8,53.9,42.6,110.0,10.6,3,1.8,2,86.1,89.1,2,AFTERNOON,WEEKDAY,24.0
PASSENGER,MEDIUM,141.6,78.8,1.8,100.0,0.5,1,3.5,2,98.0,98.9,1,EVENING,WEEKDAY,21.6
PASSENGER,MEDIUM,176.5,91.0,24.4,100.0,0.4,0,0.0,3,95.0,92.5,1,EVENING,WEEKDAY,21.7
LOCAL,LOW,68.9,93.3,35.6,80.0,5.3,1,2.4,2,40.8,52.2,1,EVENING,WEEKEND,21.7
EXPRESS,HIGH,116.1,26.7,33.0,110.0,0.2,0,0.0,3,64.4,58.3,1,EVENING,WEEKDAY,12.5
EXPRESS,MEDIUM,171.6,47.8,108.7,140.0,0.0,0,0.0,1,67.3,66.9,0,EVENING,WEEKEND,4.8
EXPRESS,HIGH,141.8,59.8,101.6,120.0,6.1,2,4.3,1,34.2,32.2,0,NIGHT,WEEKDAY,10.6
EXPRESS,HIGH,64.7,93.5,3.1,130.0,1.4,2,1.8,2,98.0,93.7,2,MORNING,WEEKDAY,21.9
EXPRESS,HIGH,100.5,25.3,56.8,140.0,0.0,1,3.8,2,71.1,55.3,3,MORNING,WEEKDAY,14.2
EXPRESS,HIGH,72.6,57.7,95.2,110.0,9.2,2,3.1,2,65.8,54.4,0,EVENING,WEEKDAY,18.0
PASSENGER,MEDIUM,47.8,86.9,18.4,100.0,0.0,0,0.0,1,98.0,93.2,1,EVENING,WEEKDAY,16.4
PASSENGER,LOW,90.7,12.2,79.7,100.0,0.0,1,3.8,1,41.7,37.4,0,MORNING,WEEKEND,6.2
EXPRESS,MEDIUM,143.5,28.1,103.2,110.0,3.2,0,0.0,1,53.2,55.3,0,AFTERNOON,WEEKDAY,6.9
PASSENGER,MEDIUM,178.6,22.1,102.8,110.0,0.4,0,0.0,1,11.3,12.6,0,NIGHT,WEEKEND,1.9
PASSENGER,MEDIUM,133.8,24.1,8.8,110.0,0.0,1,4.7,2,66.1,68.3,1,AFTERNOON,WEEKDAY,12.3
LOCAL,LOW,80.6,43.6,79.7,80.0,6.8,1,4.1,1,32.3,32.9,0,EVENING,WEEKEND,11.3
PASSENGER,MEDIUM,126.5,25.6,100.7,110.0,4.7,0,0.0,1,28.5,27.4,0,NIGHT,WEEKDAY,6.0
EXPRESS,HIGH,55.8,52.9,16.8,130.0,0.0,3,3.7,3,87.1,80.2,3,EVENING,WEEKDAY,22.6
LOCAL,MEDIUM,151.2,52.2,4.2,90.0,0.0,0,0.0,3,44.5,41.6,1,MORNING,WEEKDAY,15.1
EXPRESS,HIGH,155.9,70.2,50.4,130.0,1.6,4,3.4,3,33.2,28.0,1,NIGHT,WEEKEND,14.6
PASSENGER,HIGH,91.3,34.6,86.5,110.0,2.2,2,4.1,1,57.5,54.2,0,EVENING,WEEKEND,7.5
EXPRESS,HIGH,120.6,49.0,48.9,140.0,10.0,0,0.0,1,83.9,80.3,2,EVENING,WEEKDAY,21.9
PASSENGER,MEDIUM,105.6,93.8,36.2,100.0,0.0,5,4.8,1,58.5,55.9,1,EVENING,WEEKDAY,24.2
EXPRESS,HIGH,179.4,75.0,121.0,140.0,0.0,0,0.0,1,54.7,56.8,0,NIGHT,WEEKEND,3.4
EXPRESS,HIGH,106.8,27.4,46.7,140.0,0.0,0,0.0,2,53.2,45.7,1,MORNING,WEEKDAY,10.3
EXPRESS,MEDIUM,84.0,50.0,22.6,110.0,1.8,3,4.1,2,82.4,74.8,2,EVENING,WEEKDAY,25.0
PASSENGER,MEDIUM,41.3,73.7,4.1,110.0,3.9,4,4.7,4,76.2,71.2,1,MORNING,WEEKDAY,31.4
FREIGHT,MEDIUM,32.6,34.8,49.4,65.0,0.0,0,0.0,3,58.4,51.7,0,AFTERNOON,WEEKDAY,7.7
EXPRESS,HIGH,130.9,37.5,65.4,110.0,0.0,0,0.0,2,98.0,92.3,0,EVENING,WEEKDAY,9.3
PASSENGER,MEDIUM,39.9,58.8,99.4,110.0,1.3,2,2.9,1,46.8,46.7,0,NIGHT,WEEKDAY,4.7
EXPRESS,HIGH,69.3,43.9,50.9,120.0,3.0,0,0.0,4,93.2,88.1,1,EVENING,WEEKDAY,18.1
LOCAL,MEDIUM,32.9,72.8,12.5,80.0,1.2,1,3.3,3,47.2,40.6,1,MORNING,WEEKDAY,19.1
PASSENGER,HIGH,57.0,82.8,12.9,110.0,0.0,5,4.1,2,98.0,91.9,3,MORNING,WEEKDAY,27.6
FREIGHT,LOW,150.9,32.9,64.6,75.0,1.4,0,0.0,1,48.2,45.4,0,EVENING,WEEKDAY,7.8
PASSENGER,HIGH,131.8,80.9,8.7,100.0,3.8,2,2.4,2,43.9,34.5,1,NIGHT,WEEKEND,15.2
PASSENGER,MEDIUM,105.7,72.7,78.3,100.0,4.8,0,0.0,1,64.7,59.8,0,NIGHT,WEEKEND,11.0
EXPRESS,HIGH,76.9,9.4,100.1,110.0,0.0,0,0.0,1,45.7,45.8,0,NIGHT,WEEKDAY,1.8
EXPRESS,HIGH,83.0,12.4,104.6,130.0,0.0,1,4.0,1,60.5,56.0,0,EVENING,WEEKDAY,5.7
EXPRESS,MEDIUM,57.0,89.7,23.5,140.0,0.0,1,2.3,2,66.5,67.8,1,EVENING,WEEKDAY,17.7
PASSENGER,MEDIUM,129.4,24.5,91.3,110.0,0.3,0,0.0,1,29.5,23.4,0,EVENING,WEEKEND,2.2
FREIGHT,LOW,39.0,47.3,8.4,75.0,0.6,0,0.0,2,51.1,49.3,3,EVENING,WEEKDAY,28.7
LOCAL,MEDIUM,134.9,11.7,88.7,90.0,0.0,0,0.0,1,51.2,57.1,0,AFTERNOON,WEEKDAY,4.3
EXPRESS,HIGH,101.4,84.5,72.0,120.0,8.3,4,2.0,1,78.2,79.1,0,MORNING,WEEKDAY,16.7
PASSENGER,MEDIUM,79.4,92.7,33.7,100.0,0.0,4,3.8,3,62.1,49.6,2,MORNING,WEEKDAY,25.5
EXPRESS,HIGH,91.0,23.6,24.2,120.0,1.9,1,2.9,1,85.3,77.2,2,MORNING,WEEKDAY,13.7
PASSENGER,MEDIUM,168.6,83.0,42.7,100.0,2.3,1,3.1,2,56.8,50.1,1,MORNING,WEEKDAY,16.4
EXPRESS,HIGH,57.1,40.1,108.1,130.0,1.7,0,0.0,1,55.8,61.8,0,EVENING,WEEKEND,5.6
FREIGHT,LOW,170.9,26.2,1.4,65.0,0.4,0,0.0,1,76.1,83.7,1,AFTERNOON,WEEKDAY,17.2
EXPRESS,HIGH,165.4,27.8,17.3,130.0,0.0,1,2.3,3,81.8,76.7,2,EVENING,WEEKDAY,15.0
FREIGHT,LOW,68.6,16.1,13.8,65.0,10.2,0,0.0,1,82.6,82.1,2,EVENING,WEEKDAY,31.4
FREIGHT,LOW,148.4,47.0,74.4,75.0,0.0,1,2.7,1,46.8,42.3,0,MORNING,WEEKEND,5.2
PASSENGER,HIGH,52.7,82.3,67.5,110.0,9.8,4,3.7,3,86.6,87.5,0,MORNING,WEEKDAY,25.0
EXPRESS,HIGH,137.0,75.7,28.7,120.0,0.0,2,2.3,2,83.5,74.9,2,MORNING,WEEKDAY,16.3
PASSENGER,MEDIUM,124.1,88.3,90.4,100.0,2.1,5,3.9,1,13.0,18.5,0,NIGHT,WEEKDAY,9.3
EXPRESS,MEDIUM,134.7,54.8,97.2,130.0,0.0,0,0.0,2,89.4,83.8,0,EVENING,WEEKDAY,10.1
PASSENGER,MEDIUM,53.0,35.2,20.5,100.0,6.6,2,1.6,1,12.8,12.1,1,MORNING,WEEKEND,14.0
FREIGHT,LOW,80.6,77.4,27.8,65.0,0.0,2,1.9,3,71.9,66.2,1,EVENING,WEEKDAY,20.2
PASSENGER,MEDIUM,149.1,49.0,5.1,100.0,0.8,2,3.7,2,20.7,21.3,1,EVENING,WEEKDAY,14.7
EXPRESS,HIGH,123.9,44.4,10.5,110.0,2.5,0,0.0,2,65.1,69.7,2,AFTERNOON,WEEKDAY,15.6
FREIGHT,LOW,83.8,11.3,19.0,65.0,3.8,1,2.3,2,67.7,65.9,1,EVENING,WEEKDAY,18.1
PASSENGER,MEDIUM,83.9,80.0,76.3,100.0,0.0,5,2.8,1,31.4,33.9,0,AFTERNOON,WEEKEND,4.5
EXPRESS,HIGH,165.9,91.2,107.8,120.0,0.2,1,2.2,1,48.8,53.7,0,NIGHT,WEEKDAY,3.2
PASSENGER,MEDIUM,169.0,82.4,47.9,110.0,12.6,1,3.3,2,37.1,32.9,2,EVENING,WEEKDAY,30.9
PASSENGER,HIGH,90.8,24.9,92.4,110.0,1.8,1,3.1,1,51.6,48.1,0,MORNING,WEEKDAY,6.8
PASSENGER,MEDIUM,63.1,13.6,31.1,110.0,3.4,0,0.0,4,76.1,71.3,3,EVENING,WEEKDAY,27.7
EXPRESS,MEDIUM,164.3,78.1,20.4,120.0,4.5,2,4.2,3,57.9,51.0,3,EVENING,WEEKDAY,31.5
FREIGHT,LOW,93.5,6.9,57.7,65.0,1.1,0,0.0,1,10.0,6.1,0,MORNING,WEEKEND,2.9
EXPRESS,MEDIUM,92.4,38.0,29.1,140.0,3.0,1,4.8,2,96.2,93.3,1,MORNING,WEEKDAY,20.3
PASSENGER,MEDIUM,41.0,81.5,38.5,110.0,0.0,4,4.7,2,33.3,42.7,2,EVENING,WEEKEND,23.0
EXPRESS,HIGH,77.0,28.5,9.0,140.0,0.0,1,4.2,2,65.1,61.3,3,EVENING,WEEKDAY,16.2
FREIGHT,LOW,165.6,27.7,59.8,75.0,0.0,0,0.0,1,31.5,29.1,0,EVENING,WEEKEND,4.1
EXPRESS,HIGH,148.6,87.9,94.6,120.0,0.1,2,2.2,1,52.7,56.5,0,MORNING,WEEKDAY,5.7
PASSENGER,MEDIUM,119.4,21.1,29.8,110.0,3.9,1,2.4,1,53.2,54.4,1,MORNING,WEEKEND,12.5
EXPRESS,HIGH,131.1,67.9,31.1,110.0,1.2,3,3.2,3,93.0,83.0,1,MORNING,WEEKDAY,17.6
EXPRESS,HIGH,89.2,78.9,23.1,130.0,0.0,1,2.6,2,86.3,77.8,2,MORNING,WEEKDAY,17.3
PASSENGER,LOW,98.7,81.8,80.1,100.0,0.0,4,5.0,1,18.6,15.4,0,AFTERNOON,WEEKDAY,10.8
PASSENGER,MEDIUM,32.6,82.9,20.4,100.0,0.0,1,4.1,2,92.0,87.1,1,MORNING,WEEKDAY,18.8
EXPRESS,HIGH,172.6,32.7,111.3,120.0,1.7,0,0.0,1,38.1,38.2,0,NIGHT,WEEKDAY,3.1
LOCAL,MEDIUM,83.8,54.5,14.1,80.0,1.5,2,2.2,2,71.9,61.8,1,EVENING,WEEKDAY,16.4
PASSENGER,MEDIUM,110.9,41.2,43.5,100.0,0.0,1,1.9,2,54.4,58.5,2,EVENING,WEEKEND,14.2
PASSENGER,MEDIUM,46.4,84.8,46.0,110.0,0.0,0,0.0,3,18.0,19.7,1,NIGHT,WEEKDAY,10.7
PASSENGER,MEDIUM,93.9,66.3,108.7,110.0,0.0,1,1.9,1,12.0,8.1,0,NIGHT,WEEKDAY,0.0
EXPRESS,HIGH,53.8,92.4,111.8,130.0,0.0,1,1.6,1,40.9,39.9,0,AFTERNOON,WEEKDAY,3.0
PASSENGER,HIGH,53.3,70.1,36.9,100.0,0.0,3,2.9,3,54.1,52.4,1,MORNING,WEEKDAY,14.3
EXPRESS,HIGH,82.9,26.2,31.4,120.0,2.4,1,1.5,2,53.3,49.9,2,AFTERNOON,WEEKDAY,13.1
EXPRESS,HIGH,169.9,19.3,15.3,110.0,3.2,1,1.8,2,74.4,69.3,2,EVENING,WEEKDAY,16.2
LOCAL,MEDIUM,97.0,76.3,35.5,80.0,5.6,0,0.0,3,97.9,97.0,2,MORNING,WEEKDAY,28.0
PASSENGER,HIGH,147.7,18.0,82.9,110.0,3.4,1,3.2,2,84.3,77.1,0,MORNING,WEEKDAY,11.8
EXPRESS,HIGH,111.6,42.7,84.8,110.0,2.4,0,0.0,2,15.9,25.1,0,NIGHT,WEEKDAY,5.1
EXPRESS,HIGH,164.8,91.5,130.7,140.0,3.1,3,1.5,1,44.5,41.8,0,AFTERNOON,WEEKDAY,5.3
EXPRESS,MEDIUM,52.3,81.1,6.0,120.0,0.5,2,1.7,2,98.0,91.7,3,MORNING,WEEKDAY,27.8
PASSENGER,HIGH,135.6,79.1,25.5,100.0,4.8,4,4.5,2,81.2,79.6,3,MORNING,WEEKEND,28.9
PASSENGER,MEDIUM,105.7,49.5,78.9,100.0,3.9,3,4.1,1,38.4,33.5,0,AFTERNOON,WEEKDAY,10.4
PASSENGER,MEDIUM,154.3,10.6,77.8,100.0,1.2,1,3.1,1,71.8,68.8,0,EVENING,WEEKDAY,8.5
LOCAL,MEDIUM,131.0,29.6,73.9,80.0,0.0,1,3.1,2,63.4,60.8,0,EVENING,WEEKDAY,8.0
EXPRESS,HIGH,164.2,85.9,106.8,120.0,0.0,5,3.6,1,52.4,51.2,0,MORNING,WEEKEND,7.5
FREIGHT,LOW,55.9,44.0,30.7,75.0,7.4,0,0.0,2,23.5,21.9,1,AFTERNOON,WEEKEND,18.5
PASSENGER,MEDIUM,116.2,55.1,20.0,100.0,0.3,0,0.0,2,74.2,75.7,1,EVENING,WEEKDAY,16.6
PASSENGER,HIGH,44.2,56.2,53.2,100.0,0.0,1,3.1,3,92.8,80.2,0,MORNING,WEEKDAY,12.3
PASSENGER,MEDIUM,72.2,9.4,96.5,100.0,0.0,0,0.0,3,67.0,64.8,0,EVENING,WEEKDAY,8.9
FREIGHT,MEDIUM,167.0,46.8,5.7,75.0,0.0,1,2.6,1,75.6,80.0,2,MORNING,WEEKDAY,17.5
LOCAL,MEDIUM,161.4,46.4,6.2,80.0,9.1,2,3.1,2,77.7,81.5,2,AFTERNOON,WEEKEND,28.6
LOCAL,LOW,42.6,93.4,27.1,90.0,0.0,0,0.0,2,47.6,41.9,2,MORNING,WEEKDAY,23.8
LOCAL,LOW,153.7,69.3,58.5,90.0,3.0,1,3.2,4,86.9,85.8,0,MORNING,WEEKDAY,19.6
EXPRESS,MEDIUM,55.0,48.7,108.7,110.0,0.0,1,1.7,2,10.0,11.6,0,MORNING,WEEKEND,3.0
PASSENGER,MEDIUM,115.6,29.6,30.0,100.0,1.7,1,4.8,4,51.9,42.7,1,MORNING,WEEKDAY,18.8
PASSENGER,HIGH,75.0,63.2,6.8,100.0,5.7,4,3.9,2,57.5,56.9,1,NIGHT,WEEKEND,21.4
LOCAL,MEDIUM,84.0,28.0,70.0,80.0,0.0,1,2.4,2,62.6,64.1,0,EVENING,WEEKDAY,7.7
EXPRESS,MEDIUM,139.7,8.9,38.9,140.0,2.2,1,1.6,2,17.3,14.1,2,AFTERNOON,WEEKEND,12.6
EXPRESS,HIGH,97.4,13.9,18.4,120.0,3.0,1,2.7,1,34.6,24.2,1,MORNING,WEEKEND,8.3
EXPRESS,HIGH,117.3,80.0,0.9,130.0,0.0,4,2.7,2,74.6,74.3,1,MORNING,WEEKDAY,16.1
EXPRESS,MEDIUM,116.8,69.3,96.1,120.0,0.3,1,1.7,2,61.8,60.2,0,MORNING,WEEKDAY,9.2
PASSENGER,MEDIUM,155.8,35.2,78.0,100.0,1.5,2,3.5,1,67.2,54.2,0,AFTERNOON,WEEKEND,9.0
EXPRESS,HIGH,81.3,49.9,43.5,120.0,0.1,3,4.6,2,39.8,41.1,1,AFTERNOON,WEEKDAY,14.1
EXPRESS,HIGH,169.9,38.8,52.1,120.0,0.0,1,4.4,3,55.6,58.3,2,AFTERNOON,WEEKDAY,14.8
EXPRESS,HIGH,107.9,19.2,102.0,120.0,0.6,1,3.7,2,38.0,34.8,0,MORNING,WEEKEND,4.8
LOCAL,MEDIUM,69.2,76.6,13.9,80.0,0.0,1,4.9,2,87.6,82.8,1,EVENING,WEEKDAY,20.5
PASSENGER,HIGH,55.3,52.2,3.9,100.0,0.0,3,2.4,2,93.9,86.4,1,MORNING,WEEKDAY,15.1
EXPRESS,HIGH,72.8,92.1,95.8,130.0,1.8,5,3.7,1,72.2,69.3,0,EVENING,WEEKEND,11.3
EXPRESS,HIGH,49.8,32.4,24.4,130.0,0.0,1,5.0,3,10.9,8.6,2,AFTERNOON,WEEKDAY,11.2
EXPRESS,HIGH,127.6,85.3,21.4,110.0,3.5,3,3.4,3,45.4,51.1,2,MORNING,WEEKEND,21.0
PASSENGER,HIGH,66.6,34.2,21.8,110.0,2.1,0,0.0,2,98.0,95.7,1,MORNING,WEEKDAY,14.2
EXPRESS,HIGH,50.2,42.4,5.0,110.0,14.5,2,4.4,2,93.1,93.5,2,EVENING,WEEKDAY,33.7
PASSENGER,MEDIUM,135.7,68.0,7.1,110.0,0.0,3,3.2,3,82.9,79.3,3,MORNING,WEEKDAY,28.2
EXPRESS,HIGH,39.0,66.7,6.6,130.0,4.5,2,1.8,2,57.8,48.4,1,MORNING,WEEKDAY,18.2
PASSENGER,MEDIUM,89.8,30.8,106.3,110.0,0.0,2,2.0,1,13.5,10.9,0,MORNING,WEEKEND,0.5
EXPRESS,HIGH,90.2,53.2,26.5,130.0,0.3,3,5.0,2,44.3,47.3,1,AFTERNOON,WEEKDAY,15.4
EXPRESS,HIGH,75.1,58.3,49.0,130.0,8.9,1,1.8,2,24.0,29.1,1,MORNING,WEEKEND,16.8
PASSENGER,MEDIUM,172.4,73.7,86.1,110.0,15.0,0,0.0,1,49.9,55.6,0,AFTERNOON,WEEKEND,18.9
FREIGHT,LOW,168.6,53.2,60.0,75.0,0.0,1,4.3,1,65.6,67.8,0,EVENING,WEEKDAY,11.4
LOCAL,MEDIUM,32.1,18.1,32.2,80.0,1.4,1,3.0,2,52.0,53.4,1,AFTERNOON,WEEKDAY,10.4
FREIGHT,LOW,126.6,11.5,53.1,65.0,0.1,1,2.1,1,80.0,73.6,0,MORNING,WEEKDAY,10.0
EXPRESS,HIGH,174.1,80.0,101.7,120.0,1.5,5,3.1,1,52.0,54.6,0,EVENING,WEEKEND,6.4
PASSENGER,MEDIUM,126.1,70.6,48.4,110.0,0.0,4,1.9,3,52.9,47.3,1,MORNING,WEEKDAY,15.0
PASSENGER,HIGH,84.3,23.0,98.4,110.0,0.8,1,3.8,1,17.0,13.0,0,EVENING,WEEKEND,3.7
LOCAL,MEDIUM,154.4,13.8,62.7,80.0,1.6,1,2.4,1,43.5,50.9,0,MORNING,WEEKEND,5.2
EXPRESS,HIGH,45.7,57.2,49.6,110.0,1.2,1,1.7,3,80.0,81.5,0,MORNING,WEEKDAY,12.2
EXPRESS,HIGH,106.5,93.8,11.9,140.0,0.0,5,3.1,2,37.3,38.2,2,NIGHT,WEEKDAY,16.9
PASSENGER,MEDIUM,170.5,16.2,99.2,100.0,7.3,0,0.0,1,51.3,46.9,0,NIGHT,WEEKDAY,10.1
PASSENGER,LOW,127.3,43.6,42.5,100.0,3.7,1,1.8,3,20.0,11.6,2,EVENING,WEEKDAY,24.0
FREIGHT,MEDIUM,158.4,48.2,2.4,75.0,3.2,3,4.2,2,34.9,42.1,2,NIGHT,WEEKDAY,22.5
EXPRESS,HIGH,40.2,12.1,74.5,110.0,2.6,0,0.0,1,71.7,62.3,0,MORNING,WEEKEND,5.4
FREIGHT,MEDIUM,136.7,40.1,12.8,65.0,2.6,1,2.5,2,13.4,7.3,1,AFTERNOON,WEEKDAY,11.5
PASSENGER,MEDIUM,101.5,55.5,26.0,100.0,9.4,3,3.8,2,73.3,71.2,1,EVENING,WEEKDAY,27.6
EXPRESS,HIGH,146.4,8.8,13.5,120.0,1.8,1,2.4,3,98.0,94.7,1,MORNING,WEEKDAY,14.1
EXPRESS,HIGH,124.4,36.4,124.1,140.0,0.0,0,0.0,2,54.9,48.6,0,AFTERNOON,WEEKDAY,4.7
LOCAL,MEDIUM,120.5,23.8,80.2,90.0,2.5,1,2.9,2,53.2,50.9,0,EVENING,WEEKDAY,9.8
PASSENGER,MEDIUM,54.6,77.4,48.1,110.0,4.3,0,0.0,1,80.1,77.4,0,AFTERNOON,WEEKEND,13.8
PASSENGER,LOW,177.4,73.8,92.7,110.0,2.0,4,4.0,1,49.7,46.7,0,EVENING,WEEKEND,13.8
LOCAL,MEDIUM,40.0,78.7,68.7,90.0,1.1,2,3.7,3,77.0,74.8,0,MORNING,WEEKDAY,15.7
PASSENGER,MEDIUM,39.7,51.7,104.9,110.0,6.7,0,0.0,1,10.0,14.1,0,MORNING,WEEKEND,5.9
PASSENGER,HIGH,62.4,74.7,7.2,100.0,0.0,3,4.3,1,78.4,83.0,1,EVENING,WEEKEND,17.1
PASSENGER,MEDIUM,56.7,8.8,45.8,110.0,0.2,0,0.0,4,74.3,72.0,1,MORNING,WEEKDAY,16.4
EXPRESS,HIGH,127.0,75.2,98.4,130.0,5.7,2,3.2,3,98.0,96.1,0,MORNING,WEEKDAY,17.6
FREIGHT,LOW,146.7,5.5,14.9,65.0,0.0,0,0.0,1,10.0,11.6,1,AFTERNOON,WEEKDAY,6.8
LOCAL,MEDIUM,133.9,51.4,64.2,80.0,7.9,1,2.0,1,65.5,60.5,0,EVENING,WEEKDAY,15.1
FREIGHT,MEDIUM,179.5,18.0,54.3,65.0,7.2,0,0.0,1,22.4,27.9,0,EVENING,WEEKEND,9.5
LOCAL,MEDIUM,166.2,69.8,17.3,90.0,2.1,0,0.0,2,11.8,17.5,1,NIGHT,WEEKDAY,12.1
LOCAL,MEDIUM,73.1,19.8,56.9,80.0,4.5,1,2.8,1,90.0,84.9,0,AFTERNOON,WEEKDAY,9.8
PASSENGER,MEDIUM,54.0,64.5,90.6,100.0,0.9,4,2.2,1,16.4,16.1,0,AFTERNOON,WEEKDAY,2.1
EXPRESS,HIGH,67.7,54.0,101.0,120.0,0.0,1,2.9,1,13.8,20.0,0,AFTERNOON,WEEKDAY,1.6
LOCAL,LOW,111.8,19.0,65.8,80.0,2.3,0,0.0,1,27.8,32.7,0,EVENING,WEEKEND,6.8
FREIGHT,LOW,131.1,84.6,53.3,65.0,0.0,4,3.7,2,25.0,30.9,0,AFTERNOON,WEEKDAY,9.1
EXPRESS,HIGH,127.8,76.9,34.2,140.0,0.0,2,3.4,1,82.6,69.9,1,AFTERNOON,WEEKEND,12.2
EXPRESS,HIGH,107.4,77.9,22.8,120.0,0.0,3,2.9,4,20.5,20.0,2,MORNING,WEEKDAY,18.1
FREIGHT,LOW,172.9,87.3,53.7,65.0,0.1,4,4.4,1,31.9,33.3,0,MORNING,WEEKEND,10.7
LOCAL,MEDIUM,86.9,51.1,39.5,90.0,0.0,2,2.2,2,64.7,52.3,2,MORNING,WEEKDAY,17.0
PASSENGER,HIGH,177.0,7.1,45.1,110.0,0.0,1,2.9,3,71.5,57.4,1,EVENING,WEEKDAY,9.4
LOCAL,MEDIUM,135.6,82.4,60.6,80.0,0.0,0,0.0,1,42.5,46.7,0,NIGHT,WEEKDAY,5.5
PASSENGER,MEDIUM,170.0,27.4,63.4,110.0,1.4,1,2.3,3,82.9,81.0,0,MORNING,WEEKDAY,13.5
LOCAL,MEDIUM,156.8,93.6,77.5,80.0,9.5,2,3.4,4,64.8,70.9,0,MORNING,WEEKDAY,21.4
LOCAL,MEDIUM,64.3,75.8,27.7,90.0,0.0,0,0.0,3,95.3,86.3,1,EVENING,WEEKDAY,20.0
PASSENGER,MEDIUM,167.7,48.0,36.3,100.0,1.4,3,2.4,2,60.0,47.6,2,EVENING,WEEKDAY,17.7
EXPRESS,MEDIUM,126.2,77.3,13.1,130.0,5.5,4,2.6,3,20.0,8.8,1,EVENING,WEEKDAY,21.0
EXPRESS,HIGH,97.2,83.1,43.5,130.0,9.6,2,4.4,2,63.4,62.3,2,MORNING,WEEKDAY,27.7
EXPRESS,HIGH,30.9,38.8,24.6,120.0,0.0,2,3.5,2,72.9,70.6,1,MORNING,WEEKDAY,12.2
PASSENGER,MEDIUM,50.6,7.6,9.6,110.0,0.1,0,0.0,2,18.8,24.8,1,EVENING,WEEKEND,8.1
EXPRESS,HIGH,158.9,88.2,47.0,130.0,1.2,3,4.4,4,90.8,83.6,2,EVENING,WEEKDAY,25.9
EXPRESS,HIGH,163.6,44.5,117.8,140.0,4.7,2,3.6,1,51.9,46.5,0,NIGHT,WEEKDAY,10.3
EXPRESS,HIGH,145.6,30.7,7.7,110.0,5.7,0,0.0,2,35.8,37.1,2,AFTERNOON,WEEKDAY,15.7
EXPRESS,HIGH,112.7,17.8,131.0,140.0,0.4,0,0.0,2,13.9,19.4,0,AFTERNOON,WEEKDAY,2.5
EXPRESS,HIGH,43.9,45.0,87.2,110.0,2.1,0,0.0,1,42.0,36.4,0,NIGHT,WEEKDAY,4.3
EXPRESS,HIGH,175.0,46.6,13.7,140.0,0.0,1,4.6,2,60.5,54.4,1,EVENING,WEEKEND,10.4
EXPRESS,HIGH,38.1,48.4,104.3,110.0,0.0,0,0.0,1,30.3,29.4,0,AFTERNOON,WEEKEND,1.4
FREIGHT,LOW,139.8,88.3,23.9,75.0,2.1,3,2.6,2,56.3,46.6,1,MORNING,WEEKDAY,21.8
EXPRESS,HIGH,121.9,46.6,63.9,140.0,1.6,2,4.8,1,70.3,74.8,0,NIGHT,WEEKDAY,9.4
LOCAL,LOW,60.3,5.5,69.5,80.0,0.0,1,3.7,1,32.7,30.2,0,MORNING,WEEKEND,4.2
PASSENGER,MEDIUM,169.3,84.6,25.6,100.0,7.8,1,3.7,2,91.0,79.9,1,MORNING,WEEKDAY,27.0
PASSENGER,MEDIUM,117.5,16.5,80.6,100.0,0.3,0,0.0,1,50.4,53.4,0,AFTERNOON,WEEKDAY,4.4
EXPRESS,HIGH,69.7,40.0,111.0,130.0,0.0,2,4.3,2,50.8,54.2,0,MORNING,WEEKEND,6.9
EXPRESS,HIGH,178.6,8.7,84.4,110.0,0.0,1,2.1,1,29.6,23.0,0,AFTERNOON,WEEKDAY,2.5
PASSENGER,MEDIUM,100.7,44.0,81.1,100.0,1.2,0,0.0,1,10.0,2.2,0,EVENING,WEEKEND,2.3
FREIGHT,LOW,168.4,10.4,52.6,65.0,1.5,0,0.0,1,63.6,65.8,0,AFTERNOON,WEEKDAY,8.8
EXPRESS,HIGH,140.2,49.2,37.6,140.0,0.1,3,3.1,2,89.9,83.1,1,EVENING,WEEKDAY,13.0
PASSENGER,MEDIUM,35.3,86.0,96.9,100.0,2.9,4,2.8,1,31.8,32.8,0,EVENING,WEEKDAY,5.4
EXPRESS,HIGH,52.3,73.7,62.9,120.0,2.7,2,1.7,3,72.5,66.3,0,EVENING,WEEKDAY,13.5
EXPRESS,HIGH,135.7,14.6,90.4,120.0,0.0,0,0.0,1,44.2,40.4,0,EVENING,WEEKEND,2.4
FREIGHT,LOW,144.3,60.0,4.5,75.0,0.0,4,1.9,2,84.7,81.8,2,EVENING,WEEKDAY,27.0
EXPRESS,HIGH,152.7,87.8,49.7,130.0,0.0,1,3.5,2,75.9,78.0,1,MORNING,WEEKEND,13.3
EXPRESS,HIGH,119.8,33.2,74.6,110.0,0.0,2,3.2,2,74.9,68.9,0,MORNING,WEEKDAY,8.4
LOCAL,LOW,45.7,56.2,61.9,80.0,1.4,1,4.1,2,18.9,20.7,0,EVENING,WEEKEND,6.9
EXPRESS,MEDIUM,175.2,50.1,3.9,140.0,0.0,2,4.4,3,54.1,52.5,1,MORNING,WEEKDAY,18.7
LOCAL,MEDIUM,164.5,77.1,60.2,80.0,0.1,1,3.5,2,27.5,24.4,0,NIGHT,WEEKEND,6.2
LOCAL,MEDIUM,76.2,26.1,14.6,90.0,3.0,1,2.4,2,34.8,30.6,1,EVENING,WEEKEND,12.2
PASSENGER,MEDIUM,43.5,13.4,16.2,110.0,0.0,0,0.0,2,43.1,44.2,3,MORNING,WEEKEND,15.4
FREIGHT,LOW,132.2,35.3,58.1,65.0,3.4,1,2.5,1,34.9,33.5,0,NIGHT,WEEKEND,6.1
PASSENGER,MEDIUM,137.4,48.3,43.3,110.0,4.9,2,4.1,2,46.1,47.5,1,MORNING,WEEKDAY,20.4
PASSENGER,MEDIUM,152.3,89.9,43.9,100.0,4.9,4,4.2,3,77.5,75.3,3,MORNING,WEEKDAY,35.7
EXPRESS,HIGH,75.4,80.9,119.8,130.0,3.7,1,3.8,1,65.9,60.7,0,AFTERNOON,WEEKDAY,7.9
LOCAL,LOW,117.3,91.2,7.8,80.0,2.6,4,3.3,3,70.2,60.8,2,MORNING,WEEKDAY,32.7
LOCAL,MEDIUM,116.4,91.6,61.1,80.0,0.0,5,3.3,1,17.5,16.1,0,AFTERNOON,WEEKDAY,6.9
PASSENGER,HIGH,141.1,53.4,30.6,100.0,0.1,2,3.2,2,67.2,68.8,1,NIGHT,WEEKDAY,10.6
PASSENGER,MEDIUM,128.7,43.6,77.5,100.0,8.8,2,3.3,1,46.2,45.1,0,MORNING,WEEKEND,13.3
LOCAL,MEDIUM,88.1,18.4,6.1,90.0,6.6,1,2.4,3,22.8,29.4,1,EVENING,WEEKEND,15.9
EXPRESS,HIGH,76.9,25.5,48.6,120.0,0.0,1,1.7,2,35.6,33.9,1,AFTERNOON,WEEKDAY,7.5
FREIGHT,LOW,57.0,76.3,4.0,65.0,4.1,3,3.2,3,86.5,82.2,1,EVENING,WEEKDAY,30.5
FREIGHT,LOW,136.3,37.0,7.6,65.0,0.5,0,0.0,1,84.3,75.0,1,EVENING,WEEKEND,15.9
PASSENGER,MEDIUM,136.2,11.1,6.6,100.0,1.1,1,4.5,3,52.1,50.7,2,MORNING,WEEKEND,16.4
LOCAL,MEDIUM,175.1,15.5,34.1,90.0,15.9,1,4.8,2,65.2,61.7,1,EVENING,WEEKDAY,30.4
EXPRESS,HIGH,37.1,37.9,118.5,140.0,0.0,0,0.0,2,69.8,67.7,0,MORNING,WEEKDAY,5.7
PASSENGER,HIGH,115.2,15.9,10.8,110.0,2.4,0,0.0,3,10.0,8.6,1,NIGHT,WEEKDAY,8.5
PASSENGER,MEDIUM,109.3,69.0,89.6,110.0,4.2,2,4.0,2,93.0,84.3,0,MORNING,WEEKDAY,17.2
EXPRESS,HIGH,155.0,29.9,104.7,120.0,2.9,1,1.5,3,54.5,43.6,0,AFTERNOON,WEEKDAY,8.6
EXPRESS,HIGH,174.3,13.9,61.2,140.0,0.4,1,3.6,4,77.4,75.4,0,EVENING,WEEKDAY,12.6
LOCAL,LOW,63.6,51.3,19.9,80.0,0.0,0,0.0,3,47.5,41.0,2,MORNING,WEEKDAY,22.8
PASSENGER,MEDIUM,77.2,80.7,10.7,110.0,0.0,1,5.0,3,53.3,59.8,1,MORNING,WEEKDAY,20.6
EXPRESS,HIGH,41.5,50.5,34.8,140.0,0.6,3,4.9,2,72.0,72.9,1,EVENING,WEEKDAY,18.1
FREIGHT,LOW,141.1,36.2,11.4,75.0,2.0,0,0.0,2,74.1,70.7,3,MORNING,WEEKDAY,32.0
EXPRESS,MEDIUM,53.5,81.4,50.5,120.0,0.0,5,1.8,1,71.5,69.6,1,NIGHT,WEEKDAY,10.9
EXPRESS,HIGH,139.4,79.3,58.8,140.0,1.1,0,0.0,2,90.2,84.1,1,MORNING,WEEKDAY,15.5
LOCAL,MEDIUM,35.3,16.6,16.1,80.0,3.7,0,0.0,3,45.1,47.7,2,EVENING,WEEKDAY,19.4
EXPRESS,HIGH,71.5,39.3,41.9,130.0,0.0,2,2.3,2,68.5,68.2,1,EVENING,WEEKDAY,10.7
LOCAL,LOW,31.7,52.5,12.3,90.0,0.0,0,0.0,2,67.1,75.0,1,NIGHT,WEEKEND,18.3
LOCAL,MEDIUM,113.6,68.3,62.3,80.0,12.9,3,3.6,1,27.2,27.9,0,AFTERNOON,WEEKEND,18.9
PASSENGER,MEDIUM,122.9,39.6,33.7,100.0,12.5,2,2.9,2,28.6,28.3,2,MORNING,WEEKEND,25.5
PASSENGER,HIGH,148.6,92.4,44.9,110.0,0.0,3,4.1,3,88.6,83.0,2,MORNING,WEEKDAY,20.9
PASSENGER,HIGH,160.9,10.5,101.8,110.0,0.0,1,2.6,1,62.4,61.2,0,AFTERNOON,WEEKDAY,3.3
EXPRESS,HIGH,163.0,35.3,88.6,110.0,0.0,2,4.7,1,92.7,84.5,0,EVENING,WEEKDAY,9.8
EXPRESS,HIGH,92.9,60.1,98.5,120.0,0.0,1,4.2,1,40.6,40.4,0,EVENING,WEEKEND,3.8
FREIGHT,LOW,82.2,83.1,58.0,65.0,0.2,5,4.1,1,55.1,53.7,0,MORNING,WEEKDAY,15.6
PASSENGER,MEDIUM,83.2,7.9,91.5,110.0,5.9,1,3.2,2,45.1,46.3,0,AFTERNOON,WEEKEND,10.7
LOCAL,MEDIUM,146.2,38.8,15.0,80.0,0.0,1,4.7,2,93.9,83.1,2,MORNING,WEEKDAY,20.9
FREIGHT,LOW,97.3,7.4,1.6,65.0,0.0,0,0.0,1,29.3,33.3,1,NIGHT,WEEKDAY,9.4
EXPRESS,HIGH,30.3,47.9,94.0,120.0,0.0,3,2.7,1,10.0,4.3,0,AFTERNOON,WEEKDAY,1.1
PASSENGER,MEDIUM,99.9,30.5,98.3,100.0,1.3,0,0.0,1,18.4,11.6,0,EVENING,WEEKEND,1.6
EXPRESS,HIGH,144.2,38.4,109.0,110.0,0.0,0,0.0,1,17.4,18.3,0,NIGHT,WEEKDAY,0.6
EXPRESS,MEDIUM,138.7,52.9,8.9,120.0,0.5,2,2.3,3,69.0,67.1,1,MORNING,WEEKDAY,18.3
PASSENGER,HIGH,59.2,64.4,90.2,110.0,1.0,1,4.8,1,57.7,56.2,0,NIGHT,WEEKDAY,7.2
EXPRESS,HIGH,170.7,37.4,32.4,110.0,0.0,1,3.3,2,72.1,65.7,1,EVENING,WEEKDAY,11.5
EXPRESS,MEDIUM,34.7,63.5,51.4,130.0,2.2,0,0.0,4,59.4,58.2,2,EVENING,WEEKDAY,23.2
PASSENGER,HIGH,163.6,72.2,30.3,100.0,0.0,4,4.9,4,52.9,40.5,1,EVENING,WEEKDAY,23.0
EXPRESS,HIGH,158.6,85.9,121.2,130.0,3.9,2,1.8,1,12.3,14.5,0,NIGHT,WEEKEND,5.0
EXPRESS,HIGH,138.2,77.4,36.6,130.0,7.7,3,3.5,2,69.2,57.4,2,EVENING,WEEKDAY,26.1
EXPRESS,MEDIUM,43.2,29.8,7.0,140.0,0.0,0,0.0,4,78.8,71.9,1,EVENING,WEEKDAY,18.2
PASSENGER,MEDIUM,60.2,65.5,1.6,110.0,2.6,1,4.3,2,50.4,45.7,2,MORNING,WEEKDAY,24.0
EXPRESS,HIGH,62.2,43.3,44.7,110.0,2.2,2,2.1,2,59.6,55.7,1,NIGHT,WEEKEND,10.3
EXPRESS,HIGH,169.5,57.1,57.1,140.0,2.3,2,4.6,2,91.7,80.8,2,MORNING,WEEKDAY,19.5
PASSENGER,LOW,67.9,5.9,91.7,110.0,0.3,1,4.2,2,19.2,27.9,0,EVENING,WEEKEND,4.7
EXPRESS,HIGH,89.1,90.0,92.7,140.0,2.0,0,0.0,2,86.1,88.0,0,MORNING,WEEKDAY,11.7
EXPRESS,HIGH,47.0,85.8,17.5,120.0,0.0,4,4.7,2,26.2,22.8,1,EVENING,WEEKEND,18.1
EXPRESS,MEDIUM,80.0,75.1,86.6,110.0,0.0,3,4.7,1,10.0,15.3,0,AFTERNOON,WEEKEND,6.8
PASSENGER,MEDIUM,164.1,29.2,8.6,110.0,0.0,0,0.0,2,33.9,33.3,1,MORNING,WEEKEND,9.6
FREIGHT,LOW,76.9,60.0,58.1,65.0,1.9,2,2.6,1,42.8,40.5,0,AFTERNOON,WEEKDAY,6.5
EXPRESS,HIGH,49.2,89.7,22.2,140.0,5.2,2,3.0,3,70.7,71.7,2,MORNING,WEEKDAY,25.4
LOCAL,MEDIUM,113.6,46.6,83.8,90.0,0.0,1,2.6,1,10.0,8.2,0,AFTERNOON,WEEKDAY,0.0
EXPRESS,HIGH,51.3,48.5,17.4,140.0,0.4,0,0.0,4,88.4,84.3,2,MORNING,WEEKDAY,18.8
EXPRESS,HIGH,116.8,83.0,19.8,140.0,0.0,1,4.1,2,67.0,58.6,1,MORNING,WEEKDAY,15.6
PASSENGER,MEDIUM,64.6,16.1,85.2,100.0,2.6,0,0.0,1,48.5,47.9,0,EVENING,WEEKEND,5.6
EXPRESS,HIGH,64.7,18.4,27.5,130.0,10.2,0,0.0,2,65.0,57.2,1,MORNING,WEEKDAY,20.5
EXPRESS,HIGH,106.0,53.7,23.7,140.0,7.3,2,2.2,4,87.1,79.4,3,EVENING,WEEKDAY,28.4
EXPRESS,HIGH,49.1,9.4,108.2,120.0,3.4,0,0.0,3,47.3,40.8,0,MORNING,WEEKDAY,11.3
EXPRESS,HIGH,106.0,26.9,0.9,130.0,0.0,0,0.0,1,40.1,42.0,1,EVENING,WEEKEND,6.8
PASSENGER,MEDIUM,87.4,85.0,27.0,110.0,1.7,5,2.6,1,81.1,75.6,2,NIGHT,WEEKDAY,19.5
LOCAL,HIGH,172.7,40.5,33.4,80.0,0.0,0,0.0,2,55.9,48.9,1,EVENING,WEEKDAY,10.9
PASSENGER,MEDIUM,76.5,13.3,2.2,100.0,0.0,1,1.7,3,60.3,57.2,3,EVENING,WEEKDAY,21.3
LOCAL,MEDIUM,79.5,71.3,87.0,90.0,8.5,4,2.1,1,10.0,12.4,0,MORNING,WEEKEND,8.0
PASSENGER,MEDIUM,96.5,38.7,95.5,110.0,6.6,1,2.0,1,53.7,40.3,0,EVENING,WEEKEND,10.5
LOCAL,MEDIUM,129.2,85.3,60.7,80.0,0.1,5,4.9,2,45.8,44.9,0,AFTERNOON,WEEKEND,15.6
PASSENGER,MEDIUM,127.3,82.5,16.2,110.0,3.1,1,4.0,1,82.7,84.1,1,AFTERNOON,WEEKEND,18.7
PASSENGER,MEDIUM,61.9,86.2,41.0,110.0,0.2,2,4.5,2,17.1,25.6,1,NIGHT,WEEKEND,14.0
LOCAL,MEDIUM,82.1,92.4,16.4,90.0,0.3,0,0.0,2,66.7,60.8,1,MORNING,WEEKDAY,17.9
LOCAL,MEDIUM,95.0,47.2,15.3,80.0,0.0,0,0.0,1,43.7,41.8,1,EVENING,WEEKEND,8.5
EXPRESS,HIGH,55.0,9.5,41.2,140.0,0.0,1,2.5,3,69.3,63.0,1,MORNING,WEEKDAY,9.8
LOCAL,MEDIUM,30.3,91.8,19.4,80.0,2.0,3,4.6,2,69.8,66.5,2,MORNING,WEEKDAY,28.7
PASSENGER,HIGH,161.1,76.2,21.9,100.0,0.0,1,4.6,2,60.8,55.0,3,AFTERNOON,WEEKDAY,19.2
LOCAL,LOW,121.3,62.2,7.0,90.0,8.8,2,2.9,2,85.4,74.2,2,MORNING,WEEKDAY,36.4
EXPRESS,HIGH,91.8,40.2,24.3,110.0,0.0,0,0.0,4,66.8,57.0,1,MORNING,WEEKDAY,13.3
LOCAL,MEDIUM,33.9,8.0,54.2,80.0,0.0,1,4.9,2,75.1,73.5,0,MORNING,WEEKEND,10.0
FREIGHT,LOW,43.9,39.0,62.3,75.0,0.0,1,3.9,1,10.0,9.4,0,MORNING,WEEKEND,1.6
PASSENGER,HIGH,35.5,75.0,39.5,100.0,17.1,3,3.5,2,33.3,30.4,1,AFTERNOON,WEEKDAY,27.5
PASSENGER,MEDIUM,102.5,82.3,103.9,110.0,0.0,3,3.7,2,42.2,43.1,0,AFTERNOON,WEEKDAY,7.2
PASSENGER,MEDIUM,110.7,30.6,45.4,110.0,3.1,1,4.7,2,50.7,39.9,3,MORNING,WEEKDAY,22.9
LOCAL,MEDIUM,178.8,40.5,74.7,90.0,0.0,0,0.0,1,30.1,41.7,0,NIGHT,WEEKEND,3.7
EXPRESS,HIGH,53.6,24.1,5.4,120.0,1.2,1,1.9,2,45.1,40.4,3,EVENING,WEEKDAY,15.6
EXPRESS,HIGH,66.3,17.7,70.0,140.0,0.0,0,0.0,2,85.5,80.5,0,MORNING,WEEKDAY,8.3
PASSENGER,MEDIUM,66.5,69.6,10.2,110.0,0.3,0,0.0,2,48.3,50.9,3,NIGHT,WEEKDAY,21.2
FREIGHT,LOW,137.0,54.0,19.1,75.0,0.0,0,0.0,1,27.2,20.9,1,AFTERNOON,WEEKEND,10.9
EXPRESS,HIGH,91.9,64.3,101.5,120.0,0.0,1,1.6,1,52.1,49.6,0,AFTERNOON,WEEKDAY,3.6
PASSENGER,MEDIUM,62.5,14.0,106.6,110.0,0.0,0,0.0,1,38.6,37.3,0,NIGHT,WEEKDAY,3.1
PASSENGER,MEDIUM,54.7,5.5,76.7,100.0,0.3,0,0.0,2,53.2,56.3,0,AFTERNOON,WEEKEND,5.3
EXPRESS,HIGH,54.2,18.2,120.2,140.0,0.0,0,0.0,1,57.1,55.0,0,NIGHT,WEEKDAY,2.7
PASSENGER,MEDIUM,144.1,91.0,75.1,100.0,4.2,5,2.2,1,15.4,26.9,0,AFTERNOON,WEEKDAY,8.2
EXPRESS,HIGH,155.1,58.6,16.9,120.0,0.0,2,2.5,2,92.5,87.8,1,MORNING,WEEKDAY,12.8
PASSENGER,MEDIUM,106.4,63.3,90.6,100.0,11.7,4,1.8,2,53.3,46.7,0,EVENING,WEEKDAY,19.0
PASSENGER,MEDIUM,32.9,7.3,76.0,100.0,2.3,1,2.0,1,64.3,60.5,0,EVENING,WEEKDAY,8.8
EXPRESS,HIGH,150.7,84.8,104.2,120.0,3.6,3,4.4,1,56.2,53.4,0,AFTERNOON,WEEKDAY,12.5
PASSENGER,MEDIUM,117.2,50.1,18.5,100.0,0.0,0,0.0,1,89.8,89.7,1,MORNING,WEEKDAY,14.9
PASSENGER,MEDIUM,160.3,75.4,97.8,110.0,5.0,4,3.7,1,33.5,31.2,0,AFTERNOON,WEEKDAY,12.5
FREIGHT,LOW,151.4,51.4,12.0,75.0,3.4,3,2.1,3,44.9,39.5,3,EVENING,WEEKEND,30.1
FREIGHT,LOW,120.0,27.5,60.6,75.0,1.4,1,4.6,1,24.4,30.4,0,EVENING,WEEKEND,6.0
EXPRESS,HIGH,71.3,76.4,53.6,120.0,2.8,4,2.5,2,94.9,88.4,2,EVENING,WEEKDAY,18.2
PASSENGER,MEDIUM,62.9,84.0,95.0,100.0,0.5,4,4.7,1,10.0,10.4,0,NIGHT,WEEKDAY,4.9
LOCAL,MEDIUM,57.5,47.5,20.3,90.0,3.1,3,2.8,3,88.4,81.8,2,MORNING,WEEKDAY,24.5
EXPRESS,MEDIUM,118.1,80.9,46.3,110.0,0.2,1,4.5,2,80.0,78.6,0,MORNING,WEEKDAY,13.6
FREIGHT,LOW,83.6,8.1,28.8,65.0,11.4,0,0.0,2,59.3,50.6,2,EVENING,WEEKDAY,31.9
FREIGHT,LOW,61.0,27.9,14.8,65.0,1.6,1,2.1,1,83.2,79.7,2,AFTERNOON,WEEKDAY,21.6
EXPRESS,HIGH,111.5,13.5,64.6,140.0,10.0,1,2.5,2,97.8,89.4,0,MORNING,WEEKDAY,17.8
PASSENGER,MEDIUM,113.4,6.1,82.0,100.0,0.9,0,0.0,1,35.7,37.9,0,EVENING,WEEKEND,3.9
PASSENGER,MEDIUM,37.7,17.4,42.9,100.0,2.8,1,1.8,2,78.2,76.5,1,EVENING,WEEKDAY,16.4
PASSENGER,HIGH,142.5,81.3,3.5,100.0,0.0,1,3.5,2,85.6,81.1,3,MORNING,WEEKDAY,21.6
LOCAL,MEDIUM,103.0,61.0,0.6,90.0,1.4,1,1.8,4,78.2,68.6,1,MORNING,WEEKDAY,21.7
EXPRESS,HIGH,146.4,64.9,112.0,140.0,0.8,1,2.6,1,18.0,21.4,0,AFTERNOON,WEEKEND,2.9
PASSENGER,MEDIUM,52.3,59.8,36.5,110.0,4.1,2,1.7,3,57.6,49.7,2,EVENING,WEEKDAY,21.9
LOCAL,LOW,49.0,9.6,22.8,80.0,1.4,1,3.3,1,77.3,69.6,2,NIGHT,WEEKDAY,20.5
EXPRESS,HIGH,169.1,51.9,103.0,130.0,0.0,1,1.7,1,47.0,35.1,0,MORNING,WEEKEND,1.9
PASSENGER,MEDIUM,100.0,82.0,96.8,100.0,0.0,1,4.4,1,27.3,30.3,0,AFTERNOON,WEEKEND,2.2
LOCAL,LOW,110.3,35.5,81.2,90.0,0.0,2,1.6,1,39.9,33.4,0,EVENING,WEEKEND,3.9
EXPRESS,HIGH,113.3,18.0,108.7,130.0,3.0,1,3.1,1,38.9,39.2,0,AFTERNOON,WEEKEND,6.0
PASSENGER,MEDIUM,155.8,21.6,43.1,100.0,0.0,0,0.0,1,86.8,85.5,3,EVENING,WEEKDAY,19.6
FREIGHT,LOW,137.0,26.0,9.4,65.0,0.0,0,0.0,2,10.0,9.5,1,NIGHT,WEEKEND,9.6
FREIGHT,MEDIUM,106.7,77.5,64.6,75.0,0.0,4,2.6,1,22.0,28.4,0,AFTERNOON,WEEKEND,3.6
LOCAL,LOW,177.8,78.2,69.6,90.0,0.6,5,2.0,1,30.2,27.5,0,NIGHT,WEEKDAY,4.4
PASSENGER,MEDIUM,134.3,49.7,15.0,100.0,3.3,1,2.4,2,61.8,50.7,1,MORNING,WEEKEND,16.1
PASSENGER,MEDIUM,63.3,48.7,28.9,110.0,0.0,0,0.0,4,81.5,73.1,1,MORNING,WEEKDAY,18.2
PASSENGER,MEDIUM,56.0,51.9,83.2,100.0,2.4,0,0.0,2,44.6,47.7,0,MORNING,WEEKDAY,10.4
PASSENGER,MEDIUM,123.2,57.5,41.2,110.0,1.8,0,0.0,2,40.8,38.8,3,NIGHT,WEEKDAY,19.8
PASSENGER,MEDIUM,82.3,44.5,28.9,100.0,0.0,0,0.0,3,71.2,63.4,1,EVENING,WEEKDAY,15.5
PASSENGER,MEDIUM,164.9,47.1,84.2,100.0,0.0,2,4.8,1,23.0,21.9,0,AFTERNOON,WEEKEND,5.5
FREIGHT,LOW,50.7,26.6,53.3,65.0,10.7,0,0.0,1,10.0,16.4,0,EVENING,WEEKEND,12.1
EXPRESS,HIGH,113.4,83.5,14.6,140.0,6.9,0,0.0,3,80.0,75.4,1,MORNING,WEEKDAY,24.3
EXPRESS,HIGH,109.7,50.5,48.4,120.0,4.5,0,0.0,2,83.8,69.8,1,MORNING,WEEKDAY,15.4
EXPRESS,MEDIUM,129.5,44.8,112.4,140.0,1.2,0,0.0,3,70.1,67.6,0,MORNING,WEEKDAY,11.7
FREIGHT,MEDIUM,95.7,87.7,5.1,65.0,0.0,0,0.0,2,81.2,78.6,1,EVENING,WEEKDAY,20.7
EXPRESS,HIGH,45.9,58.4,45.3,140.0,0.0,0,0.0,2,14.5,18.8,2,AFTERNOON,WEEKDAY,10.6
LOCAL,MEDIUM,72.7,11.8,71.8,80.0,7.8,1,3.2,1,57.0,48.3,0,EVENING,WEEKDAY,14.8
PASSENGER,LOW,68.4,49.7,42.4,100.0,2.5,2,4.9,2,79.6,74.9,2,EVENING,WEEKDAY,30.8
PASSENGER,MEDIUM,136.1,60.2,0.7,110.0,0.3,2,1.8,2,45.3,46.6,1,AFTERNOON,WEEKDAY,13.2
EXPRESS,HIGH,151.1,22.8,7.2,120.0,5.9,0,0.0,2,70.0,62.1,1,MORNING,WEEKDAY,16.3
LOCAL,MEDIUM,134.6,80.1,34.7,80.0,0.0,2,2.0,3,93.7,84.0,1,MORNING,WEEKDAY,19.2
EXPRESS,HIGH,125.8,29.7,96.0,120.0,0.0,1,2.7,1,29.1,26.7,0,NIGHT,WEEKDAY,1.7
PASSENGER,HIGH,139.4,79.4,0.5,100.0,8.3,2,5.0,2,98.0,96.5,1,MORNING,WEEKDAY,29.1
EXPRESS,MEDIUM,161.7,70.9,9.7,110.0,6.8,1,2.6,2,77.9,70.6,2,EVENING,WEEKEND,27.9
EXPRESS,HIGH,174.2,31.4,2.0,120.0,7.3,0,0.0,1,22.1,24.5,1,AFTERNOON,WEEKDAY,13.1
FREIGHT,LOW,135.3,79.6,6.1,65.0,0.0,3,3.1,2,48.4,47.0,2,MORNING,WEEKDAY,25.2
EXPRESS,HIGH,44.3,21.7,115.6,130.0,4.4,1,2.7,3,69.1,63.5,0,MORNING,WEEKDAY,11.2
EXPRESS,HIGH,130.0,83.3,15.7,110.0,0.0,4,2.6,3,12.7,17.3,1,AFTERNOON,WEEKEND,12.4
PASSENGER,MEDIUM,124.6,79.0,102.8,110.0,0.0,1,1.5,3,10.7,10.2,0,MORNING,WEEKEND,5.2
LOCAL,MEDIUM,55.5,19.2,87.3,90.0,0.0,0,0.0,3,22.1,13.4,0,NIGHT,WEEKDAY,5.5
LOCAL,MEDIUM,37.7,53.5,27.0,80.0,0.0,2,2.7,2,74.6,68.8,1,MORNING,WEEKDAY,15.5
PASSENGER,HIGH,50.9,54.2,37.2,100.0,0.0,2,3.0,2,94.8,92.0,2,EVENING,WEEKDAY,15.4
EXPRESS,MEDIUM,124.9,47.2,31.4,130.0,0.0,3,2.7,3,74.2,60.6,1,EVENING,WEEKDAY,17.1
LOCAL,MEDIUM,153.2,17.6,31.1,80.0,0.0,1,3.7,3,90.1,91.0,1,EVENING,WEEKDAY,16.0
LOCAL,MEDIUM,65.9,71.5,26.6,80.0,0.5,0,0.0,2,46.6,38.1,1,MORNING,WEEKDAY,14.2
EXPRESS,HIGH,68.9,27.9,101.7,110.0,11.7,1,3.3,1,47.2,50.8,0,AFTERNOON,WEEKEND,15.4
EXPRESS,HIGH,127.5,51.8,2.2,130.0,2.4,0,0.0,1,79.8,69.6,1,MORNING,WEEKEND,13.7
EXPRESS,HIGH,156.9,90.7,51.8,140.0,0.0,0,0.0,2,72.8,77.0,1,AFTERNOON,WEEKEND,10.9
PASSENGER,HIGH,174.7,62.4,80.3,100.0,0.6,2,2.0,1,53.6,59.4,0,AFTERNOON,WEEKEND,4.6
EXPRESS,HIGH,131.7,12.7,4.5,120.0,9.4,0,0.0,1,88.4,81.5,1,MORNING,WEEKDAY,19.3
EXPRESS,HIGH,142.8,41.0,37.9,110.0,7.7,0,0.0,2,19.0,23.1,1,AFTERNOON,WEEKEND,14.6
LOCAL,MEDIUM,78.7,10.4,80.8,90.0,5.5,0,0.0,1,21.7,28.7,0,NIGHT,WEEKDAY,6.8
EXPRESS,HIGH,156.4,17.4,54.5,140.0,1.1,0,0.0,3,55.5,45.5,1,EVENING,WEEKDAY,11.0
EXPRESS,HIGH,46.5,32.2,24.0,110.0,2.9,0,0.0,1,51.3,41.4,1,NIGHT,WEEKEND,9.7
EXPRESS,HIGH,83.9,33.2,34.3,130.0,1.0,2,4.8,2,46.3,49.6,1,AFTERNOON,WEEKEND,12.6
EXPRESS,HIGH,119.4,50.3,124.8,130.0,0.0,2,4.3,1,51.5,55.6,0,AFTERNOON,WEEKDAY,6.5
EXPRESS,HIGH,179.9,46.9,43.2,110.0,0.0,0,0.0,1,91.3,83.8,1,MORNING,WEEKDAY,10.1
EXPRESS,HIGH,130.5,46.3,124.6,140.0,1.1,3,2.9,1,59.7,59.2,0,AFTERNOON,WEEKEND,5.7
PASSENGER,MEDIUM,76.3,54.2,83.3,100.0,0.0,2,2.8,1,10.0,14.0,0,EVENING,WEEKEND,2.2
EXPRESS,HIGH,141.2,55.1,4.8,140.0,0.0,1,4.6,3,55.3,55.0,1,MORNING,WEEKDAY,14.7
LOCAL,MEDIUM,131.0,67.4,60.9,80.0,0.0,3,2.7,1,10.0,5.0,0,AFTERNOON,WEEKDAY,2.3
PASSENGER,MEDIUM,160.2,21.1,24.2,100.0,1.6,0,0.0,3,98.0,95.8,1,MORNING,WEEKDAY,19.0
PASSENGER,HIGH,32.9,19.5,39.4,100.0,0.7,0,0.0,3,63.5,64.1,1,MORNING,WEEKDAY,13.0
EXPRESS,HIGH,153.0,39.0,86.9,110.0,0.0,0,0.0,1,10.7,10.8,0,AFTERNOON,WEEKDAY,1.5
PASSENGER,MEDIUM,115.1,10.4,89.2,110.0,0.0,1,3.9,3,77.5,72.9,0,MORNING,WEEKDAY,12.4
PASSENGER,MEDIUM,126.3,46.6,5.0,100.0,7.0,3,3.1,3,76.3,80.5,1,AFTERNOON,WEEKDAY,24.2
EXPRESS,HIGH,124.8,10.4,54.7,110.0,6.5,0,0.0,3,83.7,81.8,0,MORNING,WEEKDAY,14.7
PASSENGER,MEDIUM,132.4,10.0,40.5,110.0,0.1,0,0.0,2,27.1,36.4,1,AFTERNOON,WEEKEND,8.3
PASSENGER,MEDIUM,42.9,36.9,1.4,100.0,0.0,1,1.9,2,74.2,68.9,1,EVENING,WEEKDAY,15.3
PASSENGER,MEDIUM,163.8,20.2,85.2,110.0,1.4,0,0.0,3,53.5,44.9,0,EVENING,WEEKDAY,10.6
PASSENGER,HIGH,169.2,92.3,12.9,100.0,0.0,4,3.9,2,76.0,68.2,1,MORNING,WEEKDAY,19.4
EXPRESS,HIGH,167.6,62.5,114.6,140.0,2.1,2,4.3,1,65.3,64.8,0,MORNING,WEEKDAY,11.0
LOCAL,MEDIUM,177.3,73.7,87.5,90.0,4.3,1,4.8,1,54.9,45.3,0,NIGHT,WEEKDAY,9.8
LOCAL,MEDIUM,164.9,67.0,7.0,80.0,0.0,4,2.4,2,51.0,54.0,1,AFTERNOON,WEEKDAY,13.4
EXPRESS,HIGH,134.7,87.5,39.0,140.0,0.2,2,4.3,2,69.9,74.6,1,NIGHT,WEEKDAY,14.5
FREIGHT,LOW,124.8,12.2,46.6,75.0,0.6,1,3.4,2,86.1,86.5,0,MORNING,WEEKEND,11.0
EXPRESS,HIGH,172.2,60.6,108.1,130.0,0.4,0,0.0,2,29.9,31.2,0,AFTERNOON,WEEKDAY,4.8
PASSENGER,MEDIUM,36.1,93.3,15.1,100.0,0.0,4,4.6,3,86.7,78.6,1,EVENING,WEEKDAY,28.3
PASSENGER,MEDIUM,148.3,47.9,49.4,110.0,6.6,2,2.7,2,77.7,74.7,0,MORNING,WEEKDAY,17.3
PASSENGER,HIGH,172.3,62.1,57.8,110.0,0.0,3,4.7,2,76.6,68.4,0,MORNING,WEEKDAY,15.2
EXPRESS,MEDIUM,52.3,93.3,10.8,110.0,0.7,0,0.0,3,98.0,93.3,2,MORNING,WEEKDAY,26.9
FREIGHT,LOW,120.2,50.0,34.3,65.0,2.8,2,3.5,2,93.5,83.4,0,MORNING,WEEKDAY,20.4
EXPRESS,MEDIUM,109.7,30.5,54.0,120.0,1.1,0,0.0,4,88.9,83.4,0,EVENING,WEEKDAY,15.5
EXPRESS,HIGH,141.4,17.5,123.4,130.0,0.0,1,1.5,1,59.3,67.4,0,NIGHT,WEEKDAY,2.8
EXPRESS,MEDIUM,116.1,66.3,3.2,120.0,0.7,3,2.3,2,39.8,46.6,1,AFTERNOON,WEEKDAY,13.5
PASSENGER,HIGH,104.3,26.5,89.0,100.0,0.7,0,0.0,1,57.7,47.1,0,NIGHT,WEEKDAY,3.1
EXPRESS,HIGH,65.1,89.7,19.6,120.0,7.9,0,0.0,4,48.5,42.9,2,EVENING,WEEKDAY,27.6
LOCAL,MEDIUM,163.4,21.2,32.3,80.0,0.0,1,3.9,3,30.3,32.0,2,EVENING,WEEKEND,14.5
EXPRESS,HIGH,140.4,48.8,62.2,140.0,0.0,1,2.3,3,59.3,55.4,2,MORNING,WEEKDAY,14.5
PASSENGER,MEDIUM,71.3,62.5,14.9,100.0,0.0,4,2.1,3,61.7,54.3,2,MORNING,WEEKDAY,20.2
LOCAL,LOW,134.1,81.7,40.1,90.0,1.7,1,3.9,2,84.4,83.6,0,MORNING,WEEKDAY,19.5
EXPRESS,HIGH,128.6,8.9,18.2,110.0,7.5,1,4.3,2,23.5,24.8,2,MORNING,WEEKEND,16.3
EXPRESS,MEDIUM,52.6,61.5,51.3,130.0,9.3,2,3.1,2,15.4,16.0,1,AFTERNOON,WEEKDAY,20.1
EXPRESS,HIGH,78.8,33.9,38.3,130.0,2.8,0,0.0,2,67.6,63.7,2,EVENING,WEEKDAY,15.8
EXPRESS,HIGH,124.7,64.7,105.4,110.0,0.0,3,2.6,1,51.4,51.3,0,MORNING,WEEKEND,2.7
EXPRESS,HIGH,48.0,64.2,8.5,110.0,0.3,2,3.7,2,33.4,31.6,2,AFTERNOON,WEEKDAY,13.9
EXPRESS,HIGH,81.2,35.5,10.4,110.0,10.8,1,4.1,2,43.6,38.4,2,EVENING,WEEKDAY,23.5
LOCAL,MEDIUM,178.5,11.1,8.4,90.0,0.0,1,3.1,2,59.9,55.8,3,MORNING,WEEKDAY,19.2
EXPRESS,HIGH,78.8,64.1,42.3,120.0,2.0,2,4.7,2,79.4,75.2,2,EVENING,WEEKDAY,20.6
PASSENGER,MEDIUM,93.3,60.2,43.4,100.0,3.1,0,0.0,3,71.4,65.9,1,EVENING,WEEKDAY,19.1
EXPRESS,HIGH,175.5,16.0,106.0,110.0,8.1,0,0.0,1,11.8,13.0,0,AFTERNOON,WEEKDAY,8.3
LOCAL,MEDIUM,42.6,30.2,35.1,90.0,0.5,0,0.0,3,55.8,48.1,1,MORNING,WEEKDAY,13.6
EXPRESS,HIGH,56.5,24.4,93.7,110.0,1.2,0,0.0,1,50.2,54.4,0,AFTERNOON,WEEKDAY,4.2
PASSENGER,HIGH,127.4,83.2,28.9,100.0,8.3,0,0.0,2,51.3,48.4,2,EVENING,WEEKDAY,23.8
LOCAL,MEDIUM,50.3,71.4,68.1,90.0,0.0,4,2.4,1,10.0,6.5,0,MORNING,WEEKEND,1.6
EXPRESS,HIGH,99.0,15.9,17.2,110.0,5.6,0,0.0,2,66.7,61.5,2,EVENING,WEEKDAY,18.4
LOCAL,MEDIUM,97.7,59.4,82.7,90.0,0.6,2,3.2,2,30.3,25.3,0,EVENING,WEEKEND,7.2
LOCAL,LOW,144.5,91.2,18.3,90.0,2.4,0,0.0,3,84.3,76.3,1,MORNING,WEEKDAY,26.6
PASSENGER,MEDIUM,163.8,56.3,86.2,100.0,1.0,0,0.0,2,60.1,54.6,0,AFTERNOON,WEEKDAY,6.3
EXPRESS,HIGH,175.2,15.1,50.1,140.0,2.6,0,0.0,2,55.3,62.3,2,AFTERNOON,WEEKEND,12.8
PASSENGER,MEDIUM,134.6,55.3,88.0,100.0,0.0,2,3.8,2,37.2,35.6,0,MORNING,WEEKDAY,8.2
EXPRESS,HIGH,45.4,23.8,137.8,140.0,0.0,1,1.7,1,16.7,12.3,0,MORNING,WEEKEND,1.7
FREIGHT,LOW,141.9,6.2,8.6,75.0,2.3,1,4.8,4,76.8,72.6,1,MORNING,WEEKDAY,23.5
EXPRESS,HIGH,72.5,50.6,31.8,110.0,0.0,0,0.0,1,10.0,9.6,1,NIGHT,WEEKDAY,5.6
EXPRESS,MEDIUM,128.8,88.9,32.9,110.0,1.3,2,3.9,2,70.4,66.2,1,MORNING,WEEKDAY,21.8
LOCAL,MEDIUM,93.2,59.2,35.9,80.0,0.3,2,4.3,2,28.4,32.4,2,AFTERNOON,WEEKDAY,17.2
FREIGHT,LOW,146.2,37.9,4.4,65.0,2.1,2,3.3,2,36.6,36.0,1,AFTERNOON,WEEKDAY,16.2
PASSENGER,HIGH,95.6,74.7,108.4,110.0,0.0,2,2.0,1,20.6,25.9,0,AFTERNOON,WEEKDAY,0.0
PASSENGER,MEDIUM,132.7,28.0,88.3,110.0,2.5,1,1.9,1,29.5,24.2,0,EVENING,WEEKEND,3.9
EXPRESS,HIGH,38.8,39.9,22.8,140.0,4.8,0,0.0,2,34.3,31.8,1,AFTERNOON,WEEKDAY,13.0
PASSENGER,HIGH,92.9,22.3,33.6,110.0,4.5,0,0.0,2,72.1,60.8,1,MORNING,WEEKDAY,13.7
LOCAL,MEDIUM,30.6,74.0,29.1,80.0,0.0,2,3.6,2,78.1,75.2,3,MORNING,WEEKDAY,25.7
PASSENGER,MEDIUM,97.7,37.6,22.0,110.0,11.6,2,1.7,2,43.3,50.1,3,NIGHT,WEEKDAY,30.1
PASSENGER,MEDIUM,55.7,46.7,33.4,100.0,12.1,0,0.0,2,57.6,53.5,1,NIGHT,WEEKEND,23.8
PASSENGER,HIGH,56.9,68.8,77.2,100.0,0.0,1,3.0,2,50.2,51.3,0,NIGHT,WEEKDAY,4.5
PASSENGER,MEDIUM,104.3,21.2,89.9,100.0,5.8,1,2.6,1,48.4,46.2,0,AFTERNOON,WEEKDAY,7.5
PASSENGER,MEDIUM,137.7,92.4,19.3,100.0,0.0,5,3.0,2,84.4,84.3,2,EVENING,WEEKDAY,25.6
PASSENGER,LOW,114.8,60.9,36.1,110.0,0.9,1,1.7,4,91.7,85.5,1,EVENING,WEEKDAY,24.9
EXPRESS,HIGH,175.7,54.7,45.8,110.0,7.5,0,0.0,2,71.6,74.1,1,MORNING,WEEKEND,18.2
EXPRESS,HIGH,155.2,67.7,31.9,140.0,0.0,0,0.0,4,37.4,33.7,1,EVENING,WEEKDAY,14.1
PASSENGER,MEDIUM,91.2,44.1,42.2,100.0,7.3,2,3.3,2,49.7,52.8,2,MORNING,WEEKEND,23.2
FREIGHT,LOW,91.6,9.8,14.7,75.0,29.3,0,0.0,2,64.8,62.5,2,MORNING,WEEKDAY,50.3
LOCAL,MEDIUM,171.5,14.5,37.1,80.0,0.9,1,3.3,1,74.1,65.7,0,MORNING,WEEKDAY,9.2
EXPRESS,HIGH,161.0,90.5,87.2,110.0,1.2,1,4.3,1,10.0,10.1,0,NIGHT,WEEKDAY,3.8
PASSENGER,HIGH,45.1,64.4,102.4,110.0,2.7,2,2.2,1,48.8,54.2,0,EVENING,WEEKEND,5.2
EXPRESS,HIGH,46.4,69.1,29.0,130.0,5.2,3,2.7,1,97.4,89.8,2,EVENING,WEEKDAY,21.7
FREIGHT,LOW,89.2,57.7,7.6,75.0,4.3,2,1.7,2,76.8,75.5,1,EVENING,WEEKDAY,25.5
PASSENGER,HIGH,127.1,47.6,46.0,110.0,0.1,2,5.0,2,92.8,87.0,1,MORNING,WEEKDAY,16.8
PASSENGER,MEDIUM,178.4,54.6,8.5,100.0,5.5,1,2.2,2,80.8,81.1,1,MORNING,WEEKDAY,22.2
EXPRESS,MEDIUM,39.3,22.2,35.7,130.0,0.0,1,4.3,3,84.6,79.5,1,EVENING,WEEKDAY,17.6
EXPRESS,HIGH,116.9,71.2,45.6,110.0,1.0,4,1.8,4,45.4,45.7,1,EVENING,WEEKDAY,14.9
PASSENGER,MEDIUM,35.0,54.4,87.8,100.0,0.7,1,2.6,1,27.0,42.4,0,MORNING,WEEKEND,5.0
EXPRESS,HIGH,78.7,8.9,30.3,140.0,0.0,0,0.0,2,51.9,55.0,1,EVENING,WEEKDAY,7.6
EXPRESS,HIGH,123.9,66.2,98.8,110.0,4.5,4,2.7,1,32.0,33.3,0,AFTERNOON,WEEKDAY,8.2
PASSENGER,MEDIUM,115.5,39.3,16.2,110.0,0.0,2,3.2,3,50.1,41.9,2,EVENING,WEEKDAY,20.5
PASSENGER,MEDIUM,169.4,48.5,105.9,110.0,0.2,1,4.4,1,65.2,55.9,0,EVENING,WEEKEND,5.8
FREIGHT,MEDIUM,154.0,63.2,5.9,75.0,0.1,2,4.0,2,58.5,52.5,1,MORNING,WEEKDAY,17.3
EXPRESS,HIGH,167.6,23.5,10.1,130.0,0.0,1,1.9,2,29.0,31.2,2,NIGHT,WEEKEND,9.5
FREIGHT,LOW,76.1,31.0,7.4,75.0,0.8,0,0.0,1,16.6,12.9,1,NIGHT,WEEKDAY,10.4
FREIGHT,LOW,172.2,94.7,16.8,75.0,0.0,5,2.4,2,44.4,41.7,1,NIGHT,WEEKDAY,17.8
FREIGHT,LOW,53.4,67.2,52.4,65.0,0.0,0,0.0,1,32.9,25.9,0,EVENING,WEEKEND,4.4
PASSENGER,MEDIUM,35.6,40.0,21.2,110.0,2.8,2,3.5,4,69.1,61.3,1,EVENING,WEEKDAY,21.2
PASSENGER,HIGH,129.4,80.9,40.7,100.0,0.0,2,4.6,3,98.0,92.1,2,EVENING,WEEKDAY,21.2
EXPRESS,HIGH,130.2,15.5,18.5,110.0,0.0,1,3.3,1,71.1,61.9,1,NIGHT,WEEKDAY,6.2
EXPRESS,HIGH,138.9,64.9,116.6,140.0,2.7,3,4.5,1,44.2,48.4,0,MORNING,WEEKEND,10.3
LOCAL,MEDIUM,91.2,12.0,65.5,80.0,0.0,0,0.0,1,54.4,54.5,0,NIGHT,WEEKDAY,4.1
LOCAL,MEDIUM,102.7,40.9,39.0,90.0,1.4,0,0.0,3,31.8,29.6,1,AFTERNOON,WEEKDAY,11.7
PASSENGER,MEDIUM,41.7,6.3,12.9,110.0,0.0,1,3.2,2,17.9,10.9,1,NIGHT,WEEKDAY,6.5
EXPRESS,HIGH,102.5,42.9,28.5,110.0,0.0,0,0.0,2,70.3,72.9,1,MORNING,WEEKDAY,10.6
PASSENGER,MEDIUM,172.8,20.0,98.3,100.0,5.2,0,0.0,1,30.9,26.4,0,NIGHT,WEEKDAY,8.8
FREIGHT,LOW,70.3,64.0,5.8,65.0,0.0,3,1.7,1,43.5,45.0,1,MORNING,WEEKEND,14.4
LOCAL,MEDIUM,100.4,93.5,32.2,80.0,0.0,1,3.0,2,77.5,74.7,1,EVENING,WEEKDAY,17.8
EXPRESS,HIGH,173.1,55.0,114.1,120.0,0.0,2,3.9,1,38.9,45.0,0,AFTERNOON,WEEKDAY,3.8
EXPRESS,HIGH,58.1,63.7,11.7,140.0,2.4,4,2.9,3,37.3,29.8,1,AFTERNOON,WEEKEND,14.3
EXPRESS,HIGH,93.7,78.2,27.4,120.0,8.4,0,0.0,2,34.0,29.0,1,EVENING,WEEKDAY,20.5
PASSENGER,MEDIUM,84.4,91.3,16.4,100.0,0.3,4,1.6,1,56.5,49.1,1,EVENING,WEEKEND,13.7
PASSENGER,MEDIUM,51.1,62.8,80.4,100.0,7.2,3,2.9,3,70.7,62.3,0,EVENING,WEEKDAY,18.6
LOCAL,LOW,70.0,55.6,67.3,90.0,0.0,3,4.6,3,98.0,94.9,0,MORNING,WEEKDAY,19.7
LOCAL,MEDIUM,141.0,21.2,75.4,90.0,8.0,1,3.3,1,68.6,58.4,0,EVENING,WEEKDAY,15.6
PASSENGER,HIGH,50.1,69.2,12.0,110.0,7.2,1,2.4,3,26.2,20.6,1,EVENING,WEEKEND,18.2
EXPRESS,HIGH,170.6,26.9,12.4,110.0,2.8,1,1.9,4,68.3,57.8,3,MORNING,WEEKDAY,20.8
EXPRESS,HIGH,169.0,45.6,27.5,130.0,0.0,3,3.2,2,41.7,38.3,1,EVENING,WEEKEND,10.8
LOCAL,MEDIUM,130.4,44.2,76.9,80.0,3.1,0,0.0,1,63.4,59.2,0,MORNING,WEEKDAY,9.9
PASSENGER,LOW,94.7,65.1,40.0,100.0,0.0,4,2.9,2,98.0,84.6,1,MORNING,WEEKDAY,20.9
FREIGHT,LOW,85.8,15.0,0.2,65.0,0.0,0,0.0,3,93.1,89.1,1,EVENING,WEEKDAY,20.2
EXPRESS,HIGH,48.2,14.3,110.1,130.0,0.0,0,0.0,1,42.2,42.7,0,AFTERNOON,WEEKDAY,1.3
EXPRESS,HIGH,86.9,42.4,0.1,120.0,0.0,0,0.0,2,54.7,47.9,2,MORNING,WEEKDAY,13.9
PASSENGER,MEDIUM,156.7,11.5,34.3,100.0,0.0,0,0.0,3,23.2,21.4,2,MORNING,WEEKEND,12.3
EXPRESS,MEDIUM,34.9,42.1,2.4,130.0,0.9,1,1.6,2,39.7,40.3,2,MORNING,WEEKEND,16.7
FREIGHT,LOW,179.9,46.5,13.5,65.0,2.3,0,0.0,3,35.8,34.5,1,EVENING,WEEKDAY,20.1
EXPRESS,HIGH,125.5,26.0,95.1,110.0,6.7,0,0.0,1,14.3,16.1,0,EVENING,WEEKEND,7.2
LOCAL,LOW,139.0,84.7,87.1,90.0,0.0,2,1.7,1,32.7,39.4,0,AFTERNOON,WEEKDAY,1.1
LOCAL,MEDIUM,102.7,87.6,52.9,90.0,2.1,2,4.2,1,70.6,58.7,0,EVENING,WEEKDAY,14.3
EXPRESS,HIGH,157.2,87.0,85.9,110.0,0.3,1,4.4,1,70.9,65.1,0,EVENING,WEEKDAY,8.5
FREIGHT,MEDIUM,171.4,86.2,71.8,75.0,4.3,0,0.0,1,28.9,26.3,0,MORNING,WEEKEND,4.6
EXPRESS,HIGH,126.8,88.5,113.1,140.0,0.0,0,0.0,3,22.1,21.3,0,MORNING,WEEKEND,6.4
EXPRESS,MEDIUM,170.5,18.4,125.4,140.0,2.3,0,0.0,1,52.2,54.9,0,NIGHT,WEEKDAY,5.6
EXPRESS,HIGH,74.8,81.6,104.5,130.0,0.0,1,4.7,3,72.6,66.9,0,MORNING,WEEKDAY,10.3
EXPRESS,MEDIUM,124.4,87.1,62.9,140.0,0.0,1,4.4,1,47.2,45.9,1,AFTERNOON,WEEKDAY,12.9
LOCAL,MEDIUM,43.3,54.4,14.9,80.0,4.8,1,1.6,2,10.0,6.8,2,AFTERNOON,WEEKEND,17.7
PASSENGER,MEDIUM,101.2,76.3,105.9,110.0,0.0,0,0.0,1,49.1,42.3,0,EVENING,WEEKDAY,5.1
PASSENGER,MEDIUM,54.6,83.4,81.0,100.0,1.4,5,2.8,1,46.0,45.3,0,AFTERNOON,WEEKDAY,6.2
FREIGHT,LOW,126.4,82.9,62.3,65.0,6.0,3,2.5,3,58.5,51.4,0,EVENING,WEEKDAY,16.4
LOCAL,HIGH,128.2,45.2,62.6,80.0,0.0,3,2.8,1,10.0,9.8,0,NIGHT,WEEKDAY,2.0
EXPRESS,HIGH,120.4,79.3,119.1,130.0,2.9,1,4.7,1,34.1,37.1,0,MORNING,WEEKEND,7.0
EXPRESS,MEDIUM,178.0,29.1,27.8,110.0,1.0,1,4.2,2,84.7,81.6,1,EVENING,WEEKDAY,17.0
EXPRESS,HIGH,162.8,18.1,36.6,110.0,0.0,1,1.8,2,57.3,61.7,1,AFTERNOON,WEEKDAY,8.6
EXPRESS,MEDIUM,149.6,83.8,57.8,130.0,10.6,3,3.8,1,71.7,72.1,0,AFTERNOON,WEEKEND,22.8
PASSENGER,MEDIUM,39.7,14.6,102.6,110.0,0.0,0,0.0,2,39.6,35.3,0,MORNING,WEEKDAY,6.7
EXPRESS,HIGH,106.5,90.5,32.9,130.0,2.0,1,1.5,2,58.1,56.4,1,AFTERNOON,WEEKDAY,13.7
EXPRESS,HIGH,124.1,45.1,98.7,120.0,0.2,0,0.0,3,78.7,69.4,0,EVENING,WEEKDAY,8.2
EXPRESS,MEDIUM,110.9,61.3,2.2,120.0,4.5,4,2.1,3,56.3,54.6,1,MORNING,WEEKDAY,21.9
EXPRESS,HIGH,171.3,24.4,56.6,120.0,0.0,1,1.7,1,74.2,64.6,0,MORNING,WEEKEND,4.6
FREIGHT,LOW,118.3,10.2,62.2,75.0,1.3,0,0.0,2,27.2,23.3,0,AFTERNOON,WEEKDAY,5.6
PASSENGER,MEDIUM,154.8,8.2,102.5,110.0,0.7,0,0.0,1,47.7,47.5,0,MORNING,WEEKEND,4.0
PASSENGER,MEDIUM,61.3,85.4,90.8,110.0,0.0,2,3.7,1,24.9,23.3,0,MORNING,WEEKEND,5.7
PASSENGER,LOW,48.8,28.1,92.6,100.0,0.0,1,1.6,1,37.7,35.8,0,NIGHT,WEEKDAY,3.0
PASSENGER,MEDIUM,163.7,21.8,5.7,100.0,0.5,0,0.0,1,84.7,78.6,1,MORNING,WEEKDAY,13.7
EXPRESS,HIGH,50.2,15.4,84.6,120.0,2.1,1,1.7,3,77.8,69.7,0,MORNING,WEEKDAY,11.0
EXPRESS,HIGH,124.4,49.3,99.7,120.0,0.0,2,2.8,1,98.0,89.4,0,EVENING,WEEKDAY,7.9
PASSENGER,HIGH,153.7,22.8,96.0,110.0,2.5,0,0.0,1,20.0,10.4,0,MORNING,WEEKDAY,5.6
EXPRESS,HIGH,159.1,81.4,99.0,130.0,3.1,0,0.0,1,56.6,59.6,0,AFTERNOON,WEEKDAY,7.1
EXPRESS,HIGH,169.5,9.6,98.4,140.0,2.0,1,3.7,2,72.4,65.3,0,AFTERNOON,WEEKDAY,7.4
PASSENGER,MEDIUM,111.8,53.2,89.5,110.0,1.0,3,2.2,1,74.4,67.3,0,MORNING,WEEKDAY,8.9
EXPRESS,HIGH,80.7,21.3,11.1,140.0,1.9,1,3.0,2,74.3,68.9,1,EVENING,WEEKDAY,12.4
PASSENGER,HIGH,63.1,39.7,90.3,110.0,0.6,1,2.6,1,39.9,39.5,0,MORNING,WEEKEND,1.8
LOCAL,LOW,76.2,43.8,79.4,80.0,2.1,0,0.0,1,62.5,63.3,0,AFTERNOON,WEEKEND,7.9
PASSENGER,MEDIUM,146.5,57.8,26.0,110.0,6.2,1,2.0,3,88.8,81.6,2,MORNING,WEEKDAY,28.6
LOCAL,MEDIUM,88.0,9.2,72.3,80.0,1.1,1,3.3,1,11.7,16.9,0,NIGHT,WEEKDAY,2.4
EXPRESS,HIGH,156.6,55.1,46.8,110.0,0.0,3,3.2,3,46.2,36.5,2,EVENING,WEEKDAY,14.8
PASSENGER,MEDIUM,114.9,63.6,38.4,110.0,0.5,2,3.1,3,49.1,45.9,1,EVENING,WEEKDAY,16.1
EXPRESS,HIGH,161.5,26.5,115.1,120.0,0.8,1,3.6,1,46.3,36.1,0,NIGHT,WEEKEND,3.3
PASSENGER,MEDIUM,130.2,6.1,82.8,100.0,6.3,0,0.0,1,68.6,65.6,0,EVENING,WEEKDAY,13.9
LOCAL,MEDIUM,98.9,42.9,28.1,90.0,0.0,2,4.5,2,50.9,49.1,1,MORNING,WEEKDAY,15.9
PASSENGER,MEDIUM,40.8,11.3,59.8,100.0,0.0,0,0.0,1,83.4,83.0,0,MORNING,WEEKDAY,9.0
PASSENGER,MEDIUM,138.1,60.5,2.3,110.0,0.3,3,3.2,1,86.3,88.9,2,AFTERNOON,WEEKDAY,19.8
PASSENGER,MEDIUM,113.5,50.7,86.0,100.0,0.0,1,3.9,1,57.5,63.4,0,MORNING,WEEKEND,5.3
PASSENGER,MEDIUM,174.0,58.6,39.0,110.0,0.0,1,4.8,1,69.2,67.1,1,AFTERNOON,WEEKEND,13.9
EXPRESS,MEDIUM,145.2,70.0,105.1,110.0,0.0,4,1.6,1,15.4,16.7,0,AFTERNOON,WEEKDAY,0.0
FREIGHT,LOW,152.7,67.2,0.3,75.0,0.4,1,3.1,2,47.8,47.1,1,EVENING,WEEKDAY,19.5
FREIGHT,MEDIUM,46.9,59.4,26.5,75.0,1.5,1,3.8,2,48.2,39.6,2,EVENING,WEEKEND,16.9
PASSENGER,MEDIUM,176.1,88.0,30.6,110.0,5.3,2,2.5,1,69.8,65.6,1,NIGHT,WEEKDAY,18.3
EXPRESS,MEDIUM,96.9,90.8,54.5,130.0,0.0,4,3.4,2,61.1,63.8,1,AFTERNOON,WEEKDAY,15.8
PASSENGER,HIGH,51.8,70.1,22.4,110.0,0.0,4,4.5,2,44.4,35.6,1,AFTERNOON,WEEKEND,17.1
FREIGHT,LOW,37.3,47.9,7.2,75.0,0.4,0,0.0,1,34.6,33.9,1,EVENING,WEEKEND,12.8
EXPRESS,HIGH,128.9,59.7,49.3,120.0,0.8,2,3.3,2,71.9,74.3,0,MORNING,WEEKDAY,11.7
EXPRESS,HIGH,177.2,40.9,83.7,130.0,0.0,2,2.2,1,73.7,71.2,0,AFTERNOON,WEEKEND,5.0
EXPRESS,HIGH,83.9,20.2,87.0,110.0,0.0,1,4.9,1,38.3,38.7,0,AFTERNOON,WEEKDAY,3.9
FREIGHT,LOW,179.1,51.7,33.2,75.0,16.9,3,2.9,1,31.4,26.7,1,NIGHT,WEEKEND,28.5
EXPRESS,HIGH,82.0,87.7,129.9,130.0,0.0,1,1.8,3,61.5,58.3,0,MORNING,WEEKDAY,7.9
PASSENGER,MEDIUM,107.9,41.2,1.0,100.0,5.4,0,0.0,1,86.8,82.3,1,EVENING,WEEKDAY,20.0
LOCAL,MEDIUM,84.6,55.8,35.9,80.0,2.8,0,0.0,1,90.0,87.2,2,NIGHT,WEEKEND,18.7
EXPRESS,HIGH,114.0,5.2,116.7,140.0,4.6,1,1.9,2,57.0,56.8,0,EVENING,WEEKDAY,10.8
EXPRESS,HIGH,120.4,15.7,75.8,140.0,2.1,1,3.7,3,88.1,84.0,0,MORNING,WEEKDAY,11.8
EXPRESS,HIGH,150.7,40.1,41.9,110.0,0.0,1,2.3,3,81.9,73.9,1,EVENING,WEEKDAY,12.0
PASSENGER,HIGH,59.3,21.2,105.5,110.0,0.0,1,2.4,1,32.5,42.2,0,NIGHT,WEEKDAY,1.8
EXPRESS,HIGH,40.7,40.1,39.6,120.0,0.0,1,3.3,2,57.0,54.8,2,EVENING,WEEKDAY,13.5
PASSENGER,MEDIUM,159.3,57.8,85.7,110.0,0.0,0,0.0,1,55.9,55.9,0,MORNING,WEEKEND,5.5
EXPRESS,HIGH,42.0,30.9,79.0,120.0,0.0,0,0.0,1,72.5,68.3,0,EVENING,WEEKDAY,5.9
LOCAL,LOW,113.0,37.3,23.4,90.0,3.4,2,3.4,2,61.6,56.3,2,EVENING,WEEKDAY,27.1
LOCAL,MEDIUM,114.1,79.1,75.6,80.0,1.4,2,4.0,1,39.2,36.2,0,EVENING,WEEKEND,6.8
LOCAL,MEDIUM,121.8,61.1,24.3,80.0,1.7,3,4.4,3,37.4,32.4,2,EVENING,WEEKDAY,24.7
FREIGHT,MEDIUM,63.1,79.8,73.5,75.0,2.3,2,4.5,1,59.8,62.1,0,EVENING,WEEKDAY,12.1
EXPRESS,HIGH,85.2,76.3,118.4,140.0,4.7,5,4.4,1,64.3,56.5,0,MORNING,WEEKDAY,17.3
PASSENGER,MEDIUM,37.3,15.2,37.3,110.0,0.0,0,0.0,2,52.3,53.6,1,AFTERNOON,WEEKDAY,10.1
EXPRESS,HIGH,141.9,60.9,17.5,140.0,0.3,1,4.1,2,77.8,74.5,1,MORNING,WEEKDAY,15.9
FREIGHT,LOW,163.3,52.1,33.4,75.0,0.8,2,4.2,2,10.0,7.3,2,NIGHT,WEEKEND,18.2
EXPRESS,HIGH,137.5,53.3,120.3,130.0,1.5,1,3.4,3,52.4,45.3,0,AFTERNOON,WEEKEND,7.4
EXPRESS,HIGH,164.1,67.6,104.3,120.0,11.5,0,0.0,1,13.3,17.8,0,AFTERNOON,WEEKDAY,13.7
PASSENGER,MEDIUM,151.4,92.5,78.8,100.0,4.6,4,4.2,1,34.9,34.7,0,EVENING,WEEKEND,13.1
PASSENGER,MEDIUM,62.4,53.4,89.6,100.0,0.0,1,3.6,1,34.5,37.8,0,MORNING,WEEKEND,4.4
EXPRESS,HIGH,170.2,14.1,86.5,110.0,0.0,1,1.6,4,58.3,54.9,0,EVENING,WEEKDAY,10.2
LOCAL,MEDIUM,45.5,83.4,3.9,90.0,0.0,1,4.0,4,65.9,63.3,1,EVENING,WEEKDAY,22.7
EXPRESS,HIGH,35.7,43.4,107.1,110.0,0.0,0,0.0,1,60.7,62.8,0,EVENING,WEEKDAY,5.2
PASSENGER,MEDIUM,51.4,90.7,85.9,100.0,0.0,5,4.5,2,47.2,49.8,0,NIGHT,WEEKEND,15.1
EXPRESS,HIGH,166.2,80.0,6.6,120.0,0.0,0,0.0,1,38.7,44.5,1,EVENING,WEEKEND,10.3
EXPRESS,HIGH,129.3,42.3,99.0,110.0,1.2,0,0.0,2,60.7,56.8,0,AFTERNOON,WEEKEND,6.0
FREIGHT,LOW,135.2,7.5,57.9,75.0,2.7,1,1.7,1,41.1,44.9,0,EVENING,WEEKEND,6.2
PASSENGER,HIGH,95.4,16.9,35.2,110.0,0.0,0,0.0,2,98.0,89.8,3,EVENING,WEEKDAY,15.7
EXPRESS,HIGH,93.3,22.9,110.6,120.0,1.1,0,0.0,2,31.1,25.5,0,MORNING,WEEKEND,4.1
PASSENGER,MEDIUM,41.1,87.7,8.4,100.0,0.0,5,2.7,2,20.0,11.5,1,EVENING,WEEKDAY,16.2
PASSENGER,MEDIUM,70.7,26.8,100.4,110.0,9.8,0,0.0,1,49.3,49.5,0,MORNING,WEEKEND,13.1
EXPRESS,HIGH,162.5,92.4,21.9,130.0,2.3,1,4.1,1,86.2,74.9,1,EVENING,WEEKEND,15.1
LOCAL,LOW,61.0,5.2,88.2,90.0,8.1,0,0.0,1,50.2,55.2,0,MORNING,WEEKEND,12.6
EXPRESS,HIGH,160.3,74.3,49.6,140.0,0.0,0,0.0,2,73.0,72.1,3,EVENING,WEEKDAY,17.8
PASSENGER,MEDIUM,129.3,58.0,40.0,100.0,0.0,2,2.5,2,36.2,31.7,1,AFTERNOON,WEEKDAY,11.0
PASSENGER,MEDIUM,171.0,40.8,96.2,110.0,0.8,0,0.0,1,40.7,43.4,0,AFTERNOON,WEEKEND,4.5
EXPRESS,HIGH,164.2,48.2,137.2,140.0,0.0,1,2.1,1,41.4,39.9,0,MORNING,WEEKEND,3.1
EXPRESS,HIGH,108.5,10.0,135.9,140.0,5.5,1,2.7,1,59.5,61.4,0,EVENING,WEEKEND,9.1
LOCAL,MEDIUM,126.8,49.7,8.4,80.0,0.4,2,2.7,3,79.4,74.8,1,MORNING,WEEKDAY,17.7
PASSENGER,MEDIUM,103.7,92.7,107.9,110.0,2.3,0,0.0,3,47.2,40.4,0,EVENING,WEEKDAY,9.4
PASSENGER,MEDIUM,94.2,62.7,22.7,100.0,0.3,1,2.0,4,59.2,49.9,2,MORNING,WEEKDAY,20.9
LOCAL,MEDIUM,31.7,77.7,20.9,90.0,0.0,5,2.0,3,37.6,29.3,2,EVENING,WEEKDAY,20.1
LOCAL,MEDIUM,172.5,93.7,40.3,90.0,1.0,4,3.7,2,98.0,90.8,0,EVENING,WEEKDAY,20.2
EXPRESS,HIGH,102.6,86.1,16.1,110.0,0.1,5,2.4,1,77.0,76.6,2,EVENING,WEEKDAY,16.8
EXPRESS,HIGH,111.1,28.3,89.0,130.0,29.2,0,0.0,1,92.0,90.0,0,EVENING,WEEKDAY,36.4
FREIGHT,LOW,48.3,31.5,56.6,65.0,4.4,0,0.0,1,34.8,38.7,0,AFTERNOON,WEEKEND,8.7
LOCAL,LOW,114.5,20.6,73.2,80.0,0.3,0,0.0,1,38.9,45.8,0,EVENING,WEEKEND,4.9
FREIGHT,LOW,52.6,84.3,25.0,75.0,0.0,2,3.6,3,92.1,87.6,1,EVENING,WEEKDAY,25.5
LOCAL,MEDIUM,30.5,78.6,54.0,80.0,0.0,2,2.0,2,77.2,70.8,0,EVENING,WEEKDAY,9.3
EXPRESS,HIGH,129.7,5.9,43.5,110.0,16.6,0,0.0,3,94.9,90.1,1,EVENING,WEEKDAY,27.9
FREIGHT,LOW,165.7,23.5,14.4,65.0,7.3,1,4.2,4,57.3,51.7,2,EVENING,WEEKDAY,33.6
PASSENGER,HIGH,51.3,34.9,103.6,110.0,1.8,2,3.8,1,19.5,24.7,0,EVENING,WEEKEND,5.5
FREIGHT,MEDIUM,60.4,52.7,64.8,65.0,0.0,1,2.3,1,16.6,13.6,0,NIGHT,WEEKDAY,0.0
PASSENGER,HIGH,126.9,60.5,1.4,110.0,1.1,1,4.7,2,49.0,38.1,2,MORNING,WEEKDAY,17.7
PASSENGER,LOW,115.6,23.9,96.3,110.0,0.1,0,0.0,1,65.3,64.9,0,MORNING,WEEKEND,7.3
PASSENGER,MEDIUM,165.6,46.5,101.6,110.0,0.0,3,2.7,1,23.9,34.3,0,AFTERNOON,WEEKEND,1.8
EXPRESS,HIGH,116.3,40.7,122.9,130.0,2.1,2,4.3,3,54.4,61.9,0,MORNING,WEEKEND,9.9
FREIGHT,LOW,69.9,66.2,51.8,65.0,1.5,0,0.0,3,70.4,71.0,0,EVENING,WEEKDAY,14.8
PASSENGER,MEDIUM,156.0,17.4,18.9,100.0,0.0,0,0.0,2,95.4,89.0,1,MORNING,WEEKDAY,14.8
EXPRESS,HIGH,111.7,87.3,17.1,120.0,3.6,0,0.0,3,30.5,27.8,2,EVENING,WEEKDAY,21.3
LOCAL,MEDIUM,51.5,78.0,61.3,90.0,0.0,1,3.8,1,86.9,77.3,0,MORNING,WEEKDAY,10.3
PASSENGER,MEDIUM,123.1,24.0,98.9,110.0,1.2,1,2.2,1,54.3,62.6,0,AFTERNOON,WEEKEND,5.2
EXPRESS,MEDIUM,175.7,42.0,31.3,120.0,0.3,0,0.0,3,25.7,25.3,1,MORNING,WEEKDAY,14.2
EXPRESS,HIGH,90.2,88.1,47.1,130.0,0.0,4,4.2,4,60.7,58.8,2,MORNING,WEEKDAY,22.6
PASSENGER,MEDIUM,144.5,29.8,32.2,100.0,0.0,0,0.0,4,70.8,66.2,1,MORNING,WEEKDAY,16.7
EXPRESS,HIGH,152.2,90.4,59.1,140.0,2.3,3,2.1,4,88.1,83.8,1,EVENING,WEEKDAY,19.5
LOCAL,MEDIUM,82.8,68.9,14.7,80.0,0.0,2,2.5,4,85.6,76.8,2,MORNING,WEEKDAY,25.2
PASSENGER,MEDIUM,37.6,39.5,4.3,100.0,2.0,1,4.4,1,78.2,80.9,1,MORNING,WEEKEND,15.8
EXPRESS,HIGH,42.9,25.9,16.5,110.0,2.5,0,0.0,2,48.2,41.5,1,EVENING,WEEKDAY,11.4
EXPRESS,HIGH,62.7,40.3,107.6,110.0,0.0,2,2.3,1,48.3,59.7,0,NIGHT,WEEKDAY,3.9
LOCAL,MEDIUM,108.2,69.5,28.6,90.0,3.8,4,2.2,3,74.6,66.0,1,MORNING,WEEKDAY,22.3
LOCAL,MEDIUM,133.1,49.8,67.1,80.0,2.0,2,3.6,1,55.3,58.9,0,NIGHT,WEEKEND,9.0
EXPRESS,HIGH,73.5,63.1,93.3,110.0,0.0,2,4.0,1,22.6,20.6,0,AFTERNOON,WEEKDAY,3.9
PASSENGER,MEDIUM,78.1,88.5,78.9,100.0,0.0,2,2.7,2,78.3,71.6,0,EVENING,WEEKDAY,12.4
EXPRESS,HIGH,58.9,77.9,85.2,110.0,2.2,2,4.6,2,30.6,29.8,0,AFTERNOON,WEEKDAY,9.5
LOCAL,MEDIUM,88.5,83.3,79.7,90.0,0.0,4,3.9,1,69.2,68.7,0,AFTERNOON,WEEKDAY,9.5
PASSENGER,MEDIUM,165.3,78.5,95.6,110.0,2.1,4,4.5,3,48.8,45.0,0,EVENING,WEEKDAY,16.5
FREIGHT,LOW,158.3,44.4,29.8,75.0,0.0,1,3.0,3,56.7,51.0,1,EVENING,WEEKDAY,19.5
EXPRESS,HIGH,102.1,60.8,12.7,140.0,0.0,1,4.1,1,77.3,72.8,1,MORNING,WEEKDAY,13.9
EXPRESS,HIGH,123.5,14.0,36.2,130.0,0.5,0,0.0,2,98.0,91.1,2,EVENING,WEEKDAY,12.2
PASSENGER,MEDIUM,175.9,13.8,97.0,110.0,0.0,0,0.0,1,17.7,14.3,0,AFTERNOON,WEEKDAY,0.5
PASSENGER,MEDIUM,106.1,64.1,43.2,100.0,1.8,3,2.9,3,55.9,54.0,2,EVENING,WEEKDAY,21.6
EXPRESS,HIGH,131.5,18.7,117.5,130.0,0.0,1,3.5,1,15.8,20.2,0,EVENING,WEEKEND,2.4
EXPRESS,HIGH,40.1,85.5,91.3,140.0,0.9,4,3.5,3,84.4,82.9,0,MORNING,WEEKDAY,15.1
PASSENGER,HIGH,57.1,8.6,31.4,100.0,1.8,0,0.0,3,54.4,50.9,2,EVENING,WEEKDAY,12.6
EXPRESS,HIGH,56.3,38.5,123.6,140.0,0.0,0,0.0,3,68.2,64.4,0,AFTERNOON,WEEKDAY,6.5
FREIGHT,LOW,40.8,8.2,26.3,65.0,0.0,0,0.0,3,82.3,74.3,1,EVENING,WEEKDAY,18.3
EXPRESS,HIGH,145.1,94.8,4.3,130.0,0.4,3,3.1,4,93.7,88.1,2,MORNING,WEEKDAY,25.4
LOCAL,LOW,130.3,60.5,69.1,80.0,10.4,4,4.0,1,52.9,52.0,0,NIGHT,WEEKDAY,20.5
EXPRESS,HIGH,47.4,20.3,99.9,120.0,0.0,0,0.0,2,86.5,81.6,0,MORNING,WEEKDAY,6.9
PASSENGER,HIGH,159.7,76.4,19.6,100.0,0.0,5,4.3,3,97.4,93.0,1,MORNING,WEEKDAY,24.2
PASSENGER,HIGH,123.9,54.0,95.5,110.0,0.0,2,4.9,3,60.3,57.6,0,MORNING,WEEKDAY,11.3
PASSENGER,MEDIUM,65.1,77.6,97.2,110.0,2.6,0,0.0,1,28.5,27.6,0,AFTERNOON,WEEKDAY,5.6
EXPRESS,HIGH,138.3,92.3,4.0,110.0,2.9,1,3.6,3,73.0,64.8,1,MORNING,WEEKDAY,21.1
LOCAL,MEDIUM,77.1,27.1,79.5,80.0,2.8,0,0.0,1,40.6,35.5,0,AFTERNOON,WEEKDAY,5.7
LOCAL,LOW,52.9,33.0,72.7,90.0,4.4,0,0.0,1,40.4,36.2,0,MORNING,WEEKDAY,11.1
EXPRESS,HIGH,130.8,90.4,92.0,110.0,5.6,4,2.2,1,43.3,36.9,0,AFTERNOON,WEEKDAY,8.0
EXPRESS,HIGH,67.0,48.6,94.4,110.0,2.4,1,2.7,1,33.0,34.7,0,MORNING,WEEKEND,5.1
EXPRESS,HIGH,110.0,76.3,23.5,120.0,0.0,1,2.6,4,30.2,28.6,1,MORNING,WEEKDAY,14.3
PASSENGER,MEDIUM,78.1,94.8,3.9,100.0,0.0,3,4.0,1,82.3,90.4,2,EVENING,WEEKEND,24.6
EXPRESS,HIGH,107.2,12.7,46.3,110.0,0.0,1,3.8,1,81.2,67.9,2,EVENING,WEEKDAY,12.3
FREIGHT,LOW,128.4,30.3,58.0,75.0,2.8,2,4.4,1,61.3,61.4,0,EVENING,WEEKDAY,13.7
LOCAL,MEDIUM,41.0,42.0,12.5,90.0,3.4,0,0.0,3,30.8,29.3,2,MORNING,WEEKDAY,19.6
EXPRESS,HIGH,149.4,30.1,44.7,110.0,9.7,2,4.8,3,76.8,69.2,3,MORNING,WEEKDAY,29.4
PASSENGER,LOW,150.6,38.3,33.5,110.0,0.0,2,4.4,2,67.9,61.4,2,EVENING,WEEKDAY,26.3
FREIGHT,MEDIUM,142.2,13.7,58.9,75.0,0.7,1,3.9,1,53.8,50.3,0,NIGHT,WEEKEND,6.2
EXPRESS,MEDIUM,71.3,11.2,83.6,110.0,0.3,1,3.0,1,67.2,58.2,0,AFTERNOON,WEEKEND,6.0
FREIGHT,LOW,40.3,45.9,22.5,75.0,0.0,0,0.0,3,92.5,86.2,2,EVENING,WEEKDAY,26.5
EXPRESS,MEDIUM,62.2,91.3,91.3,120.0,0.0,3,2.2,1,26.7,33.1,0,NIGHT,WEEKDAY,4.9
FREIGHT,LOW,78.0,36.8,69.6,75.0,1.3,1,3.0,1,21.9,24.1,0,EVENING,WEEKEND,3.9
LOCAL,MEDIUM,63.8,58.1,12.4,80.0,0.0,1,4.3,2,75.9,65.4,1,MORNING,WEEKDAY,18.2
EXPRESS,HIGH,123.4,28.7,50.8,140.0,0.0,0,0.0,3,67.5,57.7,1,MORNING,WEEKDAY,10.3
PASSENGER,MEDIUM,42.2,53.0,26.1,110.0,0.0,1,1.7,2,64.4,59.9,3,AFTERNOON,WEEKDAY,20.6
EXPRESS,HIGH,150.6,29.8,46.7,110.0,0.3,1,2.1,2,20.9,26.1,1,AFTERNOON,WEEKDAY,6.8
PASSENGER,MEDIUM,73.6,48.6,82.2,100.0,0.0,0,0.0,4,98.0,94.8,0,EVENING,WEEKDAY,14.5
LOCAL,MEDIUM,57.4,23.6,80.3,90.0,1.4,1,4.2,1,36.5,36.2,0,AFTERNOON,WEEKEND,5.9
LOCAL,MEDIUM,48.5,38.7,7.9,80.0,7.1,2,2.3,2,32.0,29.2,1,EVENING,WEEKEND,17.4
EXPRESS,HIGH,123.6,27.0,22.2,110.0,0.8,1,3.6,2,48.5,44.4,2,EVENING,WEEKEND,12.3
EXPRESS,MEDIUM,158.3,54.7,15.4,120.0,1.7,1,3.5,2,83.1,80.6,1,MORNING,WEEKDAY,17.9
EXPRESS,HIGH,130.8,77.9,9.2,140.0,2.9,0,0.0,2,39.8,37.2,1,AFTERNOON,WEEKDAY,13.9
EXPRESS,HIGH,129.4,29.3,10.7,140.0,1.4,0,0.0,2,17.4,8.6,1,AFTERNOON,WEEKDAY,7.4
PASSENGER,MEDIUM,37.5,91.5,90.1,100.0,3.4,5,1.9,1,10.0,13.9,0,NIGHT,WEEKDAY,3.9
FREIGHT,LOW,42.7,27.7,59.4,75.0,0.0,1,2.1,1,18.5,16.4,0,AFTERNOON,WEEKEND,2.5
EXPRESS,HIGH,102.2,83.5,36.7,130.0,9.1,2,3.6,2,47.7,45.6,1,MORNING,WEEKDAY,23.2
PASSENGER,MEDIUM,75.6,12.8,107.4,110.0,4.0,1,2.2,2,32.7,31.8,0,NIGHT,WEEKEND,7.4
LOCAL,MEDIUM,161.1,40.3,64.8,80.0,0.0,2,4.6,1,61.7,50.0,0,MORNING,WEEKEND,7.0
EXPRESS,HIGH,179.8,28.1,139.2,140.0,0.8,1,3.8,1,47.0,43.1,0,AFTERNOON,WEEKDAY,3.1
FREIGHT,LOW,144.8,79.5,59.8,65.0,4.3,3,3.6,1,15.4,15.4,0,MORNING,WEEKEND,9.6
EXPRESS,HIGH,128.2,36.3,89.2,110.0,2.1,2,3.7,2,44.3,43.3,0,MORNING,WEEKDAY,11.1
PASSENGER,MEDIUM,107.0,9.7,16.1,110.0,0.7,0,0.0,1,50.6,52.8,1,AFTERNOON,WEEKEND,9.2
EXPRESS,MEDIUM,45.2,69.7,0.7,120.0,6.2,1,3.2,2,41.3,46.7,1,AFTERNOON,WEEKEND,20.5
PASSENGER,MEDIUM,122.2,82.3,39.2,110.0,0.0,3,2.8,3,82.6,76.5,1,EVENING,WEEKDAY,19.0
LOCAL,MEDIUM,76.0,14.5,0.4,80.0,9.7,0,0.0,2,94.1,91.8,1,EVENING,WEEKDAY,23.5
EXPRESS,HIGH,159.5,70.7,14.6,120.0,0.4,4,3.7,2,20.1,13.4,2,MORNING,WEEKEND,16.2
LOCAL,MEDIUM,155.9,24.8,6.7,90.0,1.9,1,3.1,2,89.3,81.1,1,EVENING,WEEKDAY,17.4
LOCAL,LOW,148.7,12.1,8.7,80.0,3.6,0,0.0,2,34.8,32.1,1,NIGHT,WEEKDAY,14.8
PASSENGER,HIGH,50.8,71.7,97.5,110.0,0.3,2,3.1,1,67.7,65.7,0,EVENING,WEEKEND,4.3
EXPRESS,MEDIUM,57.2,86.9,43.0,120.0,0.0,2,3.9,2,17.3,7.3,2,AFTERNOON,WEEKEND,17.2
FREIGHT,LOW,61.2,19.9,69.8,75.0,2.2,0,0.0,1,48.5,40.0,0,AFTERNOON,WEEKDAY,6.3
EXPRESS,MEDIUM,102.2,22.1,86.3,110.0,0.0,1,4.2,1,16.8,12.6,0,NIGHT,WEEKDAY,3.2
PASSENGER,MEDIUM,166.2,74.4,36.3,110.0,1.1,1,1.8,1,36.3,28.7,1,AFTERNOON,WEEKDAY,11.4
PASSENGER,MEDIUM,49.5,31.4,90.7,110.0,7.2,1,2.4,1,50.5,51.2,0,AFTERNOON,WEEKDAY,10.7
EXPRESS,HIGH,76.7,72.5,31.6,140.0,5.5,2,1.9,1,84.0,85.9,1,MORNING,WEEKDAY,18.3
FREIGHT,MEDIUM,133.5,14.1,31.7,75.0,0.0,1,3.3,4,95.0,91.1,2,EVENING,WEEKDAY,21.8
EXPRESS,HIGH,148.2,41.8,35.1,120.0,0.0,1,4.5,2,10.0,10.2,1,AFTERNOON,WEEKDAY,8.3
EXPRESS,HIGH,170.6,34.5,28.8,120.0,2.2,2,4.9,3,75.8,71.0,2,MORNING,WEEKDAY,20.5
EXPRESS,HIGH,121.4,31.1,50.8,130.0,0.0,2,1.9,3,93.7,81.6,1,MORNING,WEEKDAY,12.7
EXPRESS,MEDIUM,91.6,40.2,27.1,110.0,3.1,2,1.8,2,51.4,48.4,3,EVENING,WEEKEND,21.2
EXPRESS,MEDIUM,134.8,27.0,94.5,120.0,3.5,1,1.5,2,72.6,70.9,0,MORNING,WEEKDAY,11.9
EXPRESS,HIGH,62.0,9.9,66.8,140.0,2.1,1,2.5,2,86.3,75.9,0,EVENING,WEEKDAY,10.1
FREIGHT,MEDIUM,97.5,49.1,7.9,75.0,0.0,2,2.3,2,37.0,36.2,1,MORNING,WEEKEND,9.6
PASSENGER,MEDIUM,126.9,50.7,75.2,100.0,0.0,2,4.5,3,78.5,74.6,0,EVENING,WEEKDAY,15.0
LOCAL,LOW,160.0,24.9,71.8,80.0,0.0,0,0.0,1,16.5,23.3,0,AFTERNOON,WEEKEND,2.1
PASSENGER,MEDIUM,80.6,17.1,36.3,100.0,0.0,1,2.2,2,38.1,32.0,2,MORNING,WEEKDAY,15.1
PASSENGER,MEDIUM,124.1,77.0,96.9,100.0,7.0,0,0.0,1,18.7,20.8,0,AFTERNOON,WEEKDAY,6.6
EXPRESS,HIGH,141.6,35.3,137.3,140.0,0.0,2,2.3,1,28.7,28.4,0,AFTERNOON,WEEKDAY,0.7
PASSENGER,MEDIUM,82.1,91.1,87.3,100.0,3.6,0,0.0,3,69.4,60.7,0,MORNING,WEEKDAY,14.5
PASSENGER,MEDIUM,64.7,93.4,1.4,110.0,9.8,4,2.6,2,78.4,77.0,1,EVENING,WEEKDAY,29.3
PASSENGER,MEDIUM,56.8,22.4,87.6,100.0,2.0,1,2.4,1,28.0,25.1,0,MORNING,WEEKEND,3.6
PASSENGER,MEDIUM,163.7,77.1,83.5,110.0,0.0,0,0.0,3,57.1,60.4,0,AFTERNOON,WEEKDAY,8.8
PASSENGER,MEDIUM,167.0,87.4,96.1,100.0,6.7,4,3.6,1,39.7,39.9,0,AFTERNOON,WEEKEND,13.4
PASSENGER,MEDIUM,55.0,73.6,10.7,100.0,0.0,2,3.0,2,18.6,23.0,1,MORNING,WEEKEND,13.9
EXPRESS,HIGH,141.9,10.6,86.2,110.0,0.7,0,0.0,1,42.6,43.4,0,AFTERNOON,WEEKEND,2.4
EXPRESS,HIGH,167.4,77.3,19.8,110.0,0.0,2,3.3,2,50.5,51.0,2,EVENING,WEEKDAY,17.1
EXPRESS,HIGH,59.4,27.9,100.3,120.0,0.0,1,3.8,1,62.0,61.3,0,EVENING,WEEKEND,4.5
FREIGHT,MEDIUM,97.8,70.7,12.0,75.0,0.8,4,2.3,2,77.8,80.1,2,EVENING,WEEKDAY,21.2
LOCAL,LOW,33.6,8.7,17.0,90.0,2.0,0,0.0,3,93.5,95.9,1,EVENING,WEEKDAY,22.8
EXPRESS,HIGH,88.5,71.3,36.6,140.0,1.5,1,2.5,2,20.5,25.7,2,MORNING,WEEKEND,14.0
EXPRESS,HIGH,71.7,93.8,28.1,110.0,0.0,5,3.0,2,64.3,60.7,1,MORNING,WEEKDAY,16.4
EXPRESS,HIGH,133.3,8.5,53.7,130.0,1.7,0,0.0,2,70.0,71.0,1,MORNING,WEEKDAY,10.8
PASSENGER,MEDIUM,63.4,81.7,95.4,110.0,0.3,5,4.0,1,24.1,24.6,0,MORNING,WEEKEND,8.6
EXPRESS,HIGH,167.2,75.1,108.6,130.0,0.0,5,1.8,3,72.3,67.6,0,MORNING,WEEKDAY,8.9
LOCAL,MEDIUM,44.7,42.4,20.7,90.0,4.5,0,0.0,2,10.0,6.5,3,AFTERNOON,WEEKDAY,20.2
PASSENGER,MEDIUM,146.5,54.4,38.1,100.0,1.9,0,0.0,2,72.9,65.0,2,MORNING,WEEKDAY,20.4
PASSENGER,MEDIUM,150.6,31.1,93.0,100.0,1.4,2,2.2,1,51.4,50.6,0,AFTERNOON,WEEKDAY,5.3
PASSENGER,MEDIUM,113.6,47.9,88.1,110.0,0.1,2,1.8,1,11.1,16.4,0,AFTERNOON,WEEKEND,3.1
EXPRESS,MEDIUM,111.4,54.2,130.5,140.0,4.9,2,2.6,1,21.4,16.4,0,EVENING,WEEKEND,6.7
EXPRESS,HIGH,155.7,72.0,106.8,110.0,5.2,1,2.6,1,31.6,30.3,0,EVENING,WEEKEND,4.6
FREIGHT,LOW,162.4,92.1,15.5,65.0,10.4,4,3.7,2,46.4,53.0,3,AFTERNOON,WEEKDAY,41.1
LOCAL,MEDIUM,147.6,90.0,8.9,90.0,0.7,1,3.8,2,82.8,81.7,2,EVENING,WEEKDAY,24.8
EXPRESS,HIGH,174.3,18.2,114.3,120.0,0.1,0,0.0,1,60.6,56.5,0,EVENING,WEEKDAY,5.2
LOCAL,LOW,161.1,56.4,70.6,80.0,0.0,3,4.6,1,41.4,43.6,0,EVENING,WEEKEND,10.2
LOCAL,MEDIUM,179.5,16.0,67.7,80.0,0.4,0,0.0,2,42.9,36.6,0,MORNING,WEEKEND,3.8
PASSENGER,LOW,112.7,39.6,99.0,100.0,0.0,1,4.2,1,33.3,38.5,0,AFTERNOON,WEEKDAY,3.9
PASSENGER,HIGH,62.1,42.3,33.0,110.0,2.9,2,4.6,3,47.6,42.2,1,EVENING,WEEKEND,15.3
PASSENGER,MEDIUM,62.5,55.2,74.6,100.0,0.0,3,3.9,2,80.0,81.5,0,AFTERNOON,WEEKEND,12.9
PASSENGER,LOW,82.4,84.5,18.8,110.0,0.0,1,2.0,4,38.6,42.1,1,MORNING,WEEKDAY,21.0
PASSENGER,MEDIUM,44.6,91.0,79.3,100.0,0.0,0,0.0,1,49.6,45.1,0,MORNING,WEEKEND,5.2
EXPRESS,HIGH,142.7,79.4,123.1,140.0,0.5,3,2.7,1,49.8,43.3,0,MORNING,WEEKDAY,6.6
EXPRESS,MEDIUM,178.7,44.1,32.3,120.0,1.1,0,0.0,2,14.9,10.7,1,EVENING,WEEKEND,10.2
EXPRESS,HIGH,97.4,63.0,99.5,120.0,6.0,1,2.9,2,10.0,9.7,0,AFTERNOON,WEEKEND,9.5
PASSENGER,HIGH,151.6,67.3,3.4,110.0,11.8,2,4.3,2,94.3,89.8,2,MORNING,WEEKDAY,32.5
EXPRESS,HIGH,148.5,58.9,125.0,140.0,0.0,0,0.0,2,65.8,62.1,0,MORNING,WEEKDAY,6.9
LOCAL,LOW,147.6,18.9,35.5,80.0,9.4,1,4.6,3,94.9,88.8,0,EVENING,WEEKDAY,25.8
EXPRESS,MEDIUM,165.3,40.4,78.9,130.0,1.7,0,0.0,1,71.3,69.9,0,AFTERNOON,WEEKEND,7.3
PASSENGER,MEDIUM,40.2,92.5,18.9,110.0,0.0,4,2.8,2,68.0,61.7,1,MORNING,WEEKDAY,19.1
EXPRESS,HIGH,93.1,35.2,103.9,110.0,0.0,1,3.8,1,69.0,72.0,0,NIGHT,WEEKEND,4.1
EXPRESS,HIGH,156.6,84.5,129.0,130.0,8.1,1,3.7,3,62.7,61.8,0,MORNING,WEEKDAY,17.0
PASSENGER,MEDIUM,161.3,37.8,6.3,100.0,3.0,1,2.9,3,72.5,70.5,2,EVENING,WEEKDAY,23.6
EXPRESS,HIGH,176.6,44.2,106.3,140.0,1.3,2,4.1,1,20.0,15.4,0,NIGHT,WEEKDAY,4.8
FREIGHT,LOW,69.3,6.0,62.4,75.0,0.0,0,0.0,1,42.4,42.2,0,EVENING,WEEKEND,4.9
EXPRESS,HIGH,108.4,83.9,53.7,120.0,8.8,4,4.2,2,54.4,59.7,1,AFTERNOON,WEEKDAY,24.0
EXPRESS,HIGH,148.3,90.5,19.2,140.0,0.0,1,2.0,2,77.4,71.7,2,MORNING,WEEKDAY,17.9
EXPRESS,MEDIUM,77.6,44.9,23.1,110.0,0.0,0,0.0,4,52.8,54.9,1,MORNING,WEEKDAY,16.6
PASSENGER,MEDIUM,172.2,24.0,105.0,110.0,0.0,0,0.0,1,30.8,23.7,0,AFTERNOON,WEEKDAY,2.8
LOCAL,MEDIUM,63.0,32.2,10.6,90.0,0.4,1,2.4,2,32.6,33.2,1,MORNING,WEEKEND,8.6
EXPRESS,HIGH,149.4,83.6,14.1,110.0,2.1,3,4.5,2,65.2,58.9,1,MORNING,WEEKDAY,21.5
EXPRESS,HIGH,141.7,10.3,105.3,110.0,0.0,1,2.3,1,62.4,59.2,0,EVENING,WEEKDAY,4.4
PASSENGER,MEDIUM,76.9,84.9,78.7,100.0,0.0,4,1.5,1,36.2,33.3,0,AFTERNOON,WEEKDAY,4.0
EXPRESS,HIGH,112.6,70.6,12.3,140.0,0.0,3,2.8,2,87.7,87.0,1,MORNING,WEEKDAY,16.3
PASSENGER,MEDIUM,132.7,21.6,52.8,100.0,0.4,1,3.0,2,94.8,97.9,0,MORNING,WEEKDAY,11.1
EXPRESS,HIGH,56.5,43.8,45.5,110.0,2.7,2,3.1,1,60.4,53.3,1,MORNING,WEEKDAY,13.0
EXPRESS,HIGH,133.6,49.8,19.2,140.0,0.0,2,3.8,2,51.8,50.2,1,EVENING,WEEKDAY,12.9
PASSENGER,MEDIUM,77.1,20.9,85.3,110.0,3.2,1,2.1,2,50.4,44.7,0,EVENING,WEEKEND,7.8
LOCAL,LOW,138.7,83.0,79.8,80.0,6.8,5,4.5,2,35.8,35.3,0,AFTERNOON,WEEKDAY,20.9
FREIGHT,LOW,86.8,14.5,61.5,75.0,0.3,0,0.0,2,64.0,56.0,0,MORNING,WEEKDAY,10.3
LOCAL,HIGH,132.0,12.9,54.9,80.0,0.0,0,0.0,4,95.3,86.0,0,MORNING,WEEKDAY,10.1
EXPRESS,HIGH,107.4,29.8,84.2,110.0,0.0,0,0.0,1,48.3,50.9,0,MORNING,WEEKEND,3.0
EXPRESS,HIGH,45.0,46.2,48.8,140.0,0.0,0,0.0,2,36.5,40.3,1,AFTERNOON,WEEKEND,8.8
LOCAL,MEDIUM,72.1,32.9,17.3,90.0,1.5,1,3.0,3,52.1,60.0,1,NIGHT,WEEKDAY,14.4
PASSENGER,MEDIUM,140.2,29.0,102.3,110.0,0.0,0,0.0,1,56.5,52.8,0,AFTERNOON,WEEKEND,3.3
FREIGHT,LOW,179.2,7.1,70.6,75.0,0.0,1,4.6,3,51.0,50.8,0,EVENING,WEEKDAY,12.0
EXPRESS,HIGH,128.0,47.5,6.2,130.0,0.0,2,1.7,2,66.7,65.0,2,EVENING,WEEKDAY,15.3
PASSENGER,HIGH,81.7,6.9,14.2,110.0,0.3,1,3.6,2,51.1,50.8,2,EVENING,WEEKEND,9.0
LOCAL,MEDIUM,163.1,17.2,36.4,90.0,0.8,1,1.6,2,81.5,80.2,1,EVENING,WEEKDAY,14.2
PASSENGER,MEDIUM,108.5,65.8,95.6,110.0,0.3,0,0.0,1,43.2,35.6,0,AFTERNOON,WEEKDAY,4.5
PASSENGER,MEDIUM,58.8,57.0,29.3,100.0,4.6,0,0.0,1,83.7,85.0,1,AFTERNOON,WEEKEND,17.3
EXPRESS,HIGH,94.3,18.0,100.1,110.0,0.0,1,4.5,1,29.8,24.4,0,NIGHT,WEEKEND,2.8
EXPRESS,HIGH,54.9,65.8,82.1,110.0,0.7,0,0.0,3,97.9,88.5,0,MORNING,WEEKDAY,10.7
EXPRESS,HIGH,79.8,37.8,48.6,120.0,2.0,2,2.2,2,55.7,49.3,2,EVENING,WEEKDAY,13.1
EXPRESS,HIGH,90.4,25.9,113.7,130.0,7.8,0,0.0,1,40.3,45.9,0,NIGHT,WEEKEND,10.0
PASSENGER,HIGH,126.1,48.5,14.4,110.0,0.0,3,4.6,2,92.5,92.9,1,MORNING,WEEKDAY,19.2
PASSENGER,MEDIUM,157.5,60.7,92.3,100.0,0.0,2,1.9,1,52.2,48.0,0,EVENING,WEEKEND,3.2
PASSENGER,HIGH,110.2,61.5,21.9,100.0,0.0,3,5.0,1,70.8,64.7,1,EVENING,WEEKEND,14.9
LOCAL,LOW,128.2,49.8,81.9,90.0,1.8,1,3.4,1,67.9,69.3,0,EVENING,WEEKEND,9.4
LOCAL,MEDIUM,83.8,31.2,88.2,90.0,7.9,0,0.0,1,23.9,29.4,0,MORNING,WEEKEND,8.9
EXPRESS,HIGH,51.2,75.2,26.2,140.0,2.3,0,0.0,2,46.9,38.9,2,EVENING,WEEKDAY,17.4
LOCAL,MEDIUM,138.2,27.7,16.9,80.0,0.0,0,0.0,3,68.4,71.2,1,EVENING,WEEKEND,13.7
EXPRESS,HIGH,37.7,32.3,1.3,120.0,0.0,2,3.8,3,54.2,47.5,2,EVENING,WEEKDAY,16.2
PASSENGER,HIGH,134.8,66.0,82.5,110.0,1.1,0,0.0,2,35.4,30.1,0,MORNING,WEEKEND,5.2
FREIGHT,LOW,72.0,93.1,11.0,65.0,0.0,5,3.1,3,66.0,62.9,1,MORNING,WEEKDAY,26.1
EXPRESS,HIGH,151.9,88.7,90.6,140.0,2.7,5,2.3,1,73.1,75.7,0,MORNING,WEEKEND,8.9
EXPRESS,MEDIUM,178.7,68.4,107.3,130.0,5.8,0,0.0,1,45.7,46.4,0,EVENING,WEEKEND,11.4
PASSENGER,MEDIUM,39.9,87.3,1.4,110.0,0.3,4,2.6,1,43.2,34.9,1,MORNING,WEEKEND,13.2
PASSENGER,MEDIUM,164.7,11.3,96.4,100.0,16.8,1,3.4,2,57.2,55.6,0,EVENING,WEEKDAY,25.2
EXPRESS,HIGH,89.3,51.2,37.5,140.0,0.0,3,1.9,2,84.1,83.8,1,EVENING,WEEKDAY,13.0
LOCAL,MEDIUM,101.9,57.8,78.5,90.0,3.8,2,2.3,1,42.2,47.8,0,EVENING,WEEKEND,6.7
FREIGHT,LOW,91.0,60.2,29.8,75.0,4.6,2,4.7,3,31.6,27.3,2,EVENING,WEEKDAY,29.3
LOCAL,HIGH,62.6,60.5,60.7,80.0,1.4,0,0.0,3,38.0,29.3,0,AFTERNOON,WEEKDAY,7.1
FREIGHT,LOW,58.9,35.7,57.1,65.0,0.0,0,0.0,1,37.3,35.0,0,AFTERNOON,WEEKDAY,4.0
PASSENGER,MEDIUM,132.1,26.4,17.7,100.0,0.0,0,0.0,3,96.8,87.3,1,EVENING,WEEKDAY,16.9
EXPRESS,HIGH,169.9,91.7,37.5,110.0,4.9,1,2.5,3,85.8,83.9,1,MORNING,WEEKDAY,20.2
LOCAL,LOW,140.0,82.3,61.2,80.0,0.0,0,0.0,1,21.0,14.0,0,AFTERNOON,WEEKDAY,3.3
EXPRESS,HIGH,66.9,85.7,30.5,110.0,0.0,1,2.7,2,78.0,65.9,3,EVENING,WEEKDAY,18.7
PASSENGER,HIGH,47.9,52.9,14.1,100.0,0.0,0,0.0,3,41.3,35.9,1,MORNING,WEEKDAY,11.9
LOCAL,LOW,47.9,49.5,75.2,80.0,2.8,0,0.0,1,59.4,56.4,0,AFTERNOON,WEEKDAY,9.3
EXPRESS,HIGH,169.9,15.3,118.8,120.0,0.0,1,2.3,1,68.7,65.2,0,AFTERNOON,WEEKDAY,3.2
PASSENGER,HIGH,59.7,29.5,86.5,100.0,0.0,1,4.0,1,48.8,49.6,0,AFTERNOON,WEEKDAY,3.9
EXPRESS,HIGH,131.1,19.3,109.8,120.0,0.5,1,4.2,1,35.7,38.3,0,AFTERNOON,WEEKDAY,3.5
FREIGHT,LOW,122.9,22.5,59.9,65.0,1.3,0,0.0,1,22.6,29.7,0,AFTERNOON,WEEKDAY,3.7
EXPRESS,HIGH,34.6,64.5,39.1,120.0,0.0,3,4.5,3,34.5,31.7,1,EVENING,WEEKDAY,16.6
PASSENGER,MEDIUM,154.5,26.1,33.7,100.0,0.0,1,3.1,3,75.6,77.4,2,MORNING,WEEKDAY,18.9
LOCAL,LOW,30.3,46.0,37.3,90.0,0.3,2,3.3,2,88.3,81.7,1,EVENING,WEEKDAY,21.0
EXPRESS,HIGH,114.2,94.0,129.1,130.0,4.2,2,4.9,1,66.7,64.0,0,EVENING,WEEKDAY,12.3
EXPRESS,MEDIUM,117.7,57.7,117.3,130.0,0.0,1,3.9,3,22.4,20.3,0,NIGHT,WEEKEND,5.5
EXPRESS,MEDIUM,51.7,57.2,51.9,130.0,0.0,1,1.8,2,15.1,24.8,1,AFTERNOON,WEEKDAY,8.4
FREIGHT,LOW,81.8,9.5,6.5,75.0,3.6,1,5.0,1,69.0,68.2,1,AFTERNOON,WEEKDAY,19.2
PASSENGER,MEDIUM,131.6,29.8,9.8,100.0,3.8,1,4.2,3,62.5,64.2,2,MORNING,WEEKDAY,24.6
PASSENGER,MEDIUM,86.9,17.5,8.8,110.0,13.9,0,0.0,1,98.0,94.6,2,MORNING,WEEKDAY,30.6
PASSENGER,HIGH,50.3,78.4,109.4,110.0,1.3,5,1.7,2,40.6,35.6,0,EVENING,WEEKEND,4.3
PASSENGER,MEDIUM,157.4,17.6,104.3,110.0,0.0,1,1.7,1,28.2,27.0,0,NIGHT,WEEKDAY,1.4
PASSENGER,HIGH,41.2,32.5,12.4,100.0,0.0,0,0.0,3,89.5,89.8,1,EVENING,WEEKDAY,13.2
EXPRESS,HIGH,45.2,25.9,10.4,120.0,0.8,0,0.0,2,75.0,71.3,1,EVENING,WEEKDAY,12.8
PASSENGER,HIGH,95.9,78.0,24.3,100.0,0.1,0,0.0,2,54.9,49.1,1,MORNING,WEEKDAY,14.0
EXPRESS,HIGH,133.0,32.8,86.6,110.0,0.0,2,3.8,1,72.0,64.9,0,MORNING,WEEKDAY,9.1
LOCAL,MEDIUM,43.1,61.2,88.8,90.0,0.4,3,3.2,1,10.9,13.2,0,EVENING,WEEKEND,2.3
EXPRESS,HIGH,123.2,87.1,79.1,140.0,0.0,4,1.6,2,71.0,66.8,0,AFTERNOON,WEEKEND,7.4
PASSENGER,MEDIUM,51.4,73.8,25.6,110.0,7.5,1,1.5,2,14.0,14.9,1,NIGHT,WEEKEND,17.9
PASSENGER,MEDIUM,55.0,20.3,1.2,110.0,0.0,1,3.9,2,27.7,23.4,1,MORNING,WEEKEND,9.9
PASSENGER,MEDIUM,60.0,54.7,98.3,100.0,0.2,0,0.0,3,50.0,49.5,0,EVENING,WEEKDAY,8.3
PASSENGER,HIGH,170.1,77.6,97.3,100.0,3.9,0,0.0,1,58.8,57.1,0,AFTERNOON,WEEKEND,7.5
PASSENGER,MEDIUM,45.4,34.8,97.5,100.0,8.1,2,3.0,1,10.3,19.1,0,MORNING,WEEKEND,8.8
PASSENGER,MEDIUM,173.5,25.0,44.7,110.0,3.0,1,4.3,3,84.2,85.9,1,EVENING,WEEKDAY,20.7
EXPRESS,HIGH,89.3,83.5,98.1,110.0,2.5,3,1.7,1,52.0,50.4,0,AFTERNOON,WEEKDAY,5.3
FREIGHT,LOW,94.7,47.9,25.6,75.0,16.2,0,0.0,2,78.8,70.9,2,MORNING,WEEKDAY,41.1
FREIGHT,LOW,32.5,27.9,60.1,75.0,0.0,0,0.0,3,57.5,51.6,0,EVENING,WEEKDAY,10.2
PASSENGER,MEDIUM,108.8,91.9,24.7,100.0,1.8,4,3.3,3,64.7,64.5,1,EVENING,WEEKDAY,22.9
EXPRESS,HIGH,95.2,46.2,103.5,130.0,0.0,1,4.4,1,61.5,61.8,0,AFTERNOON,WEEKDAY,4.3
LOCAL,LOW,123.3,45.3,69.9,90.0,4.8,3,4.1,1,68.4,80.9,0,AFTERNOON,WEEKEND,16.2
EXPRESS,HIGH,55.2,23.3,103.8,130.0,0.0,1,3.8,2,91.1,90.3,0,EVENING,WEEKDAY,8.9
PASSENGER,MEDIUM,81.7,44.9,34.2,100.0,1.3,0,0.0,2,33.1,29.5,2,AFTERNOON,WEEKDAY,13.3
EXPRESS,HIGH,154.5,92.0,120.9,140.0,3.8,0,0.0,2,56.1,50.1,0,EVENING,WEEKDAY,8.8
PASSENGER,HIGH,39.0,67.7,30.2,110.0,0.0,2,2.8,2,29.9,23.0,1,AFTERNOON,WEEKDAY,10.4
FREIGHT,MEDIUM,52.9,52.9,23.6,75.0,0.4,2,4.7,2,43.9,46.4,2,NIGHT,WEEKDAY,19.6
PASSENGER,HIGH,72.9,21.1,100.1,110.0,4.6,1,2.9,1,10.0,11.2,0,NIGHT,WEEKDAY,6.5
EXPRESS,MEDIUM,99.7,29.0,18.2,140.0,0.0,1,3.2,2,24.2,25.7,1,AFTERNOON,WEEKEND,9.5
EXPRESS,HIGH,107.1,91.4,26.6,110.0,1.7,4,1.9,2,10.6,10.0,1,NIGHT,WEEKEND,12.1
LOCAL,LOW,154.2,74.9,9.0,90.0,0.0,2,4.6,2,90.0,90.8,1,EVENING,WEEKEND,23.1
EXPRESS,HIGH,152.4,80.1,8.2,120.0,4.0,0,0.0,2,83.5,83.2,1,EVENING,WEEKDAY,20.3
PASSENGER,MEDIUM,115.7,91.5,84.6,110.0,0.2,0,0.0,1,51.3,56.9,0,AFTERNOON,WEEKEND,6.1
EXPRESS,HIGH,155.5,40.4,109.2,110.0,0.5,1,3.6,1,64.4,66.0,0,AFTERNOON,WEEKDAY,4.6
EXPRESS,HIGH,97.8,87.2,12.6,140.0,0.0,3,4.2,2,70.5,57.0,1,MORNING,WEEKDAY,18.8
PASSENGER,MEDIUM,32.9,87.7,23.1,110.0,0.0,0,0.0,4,62.1,50.7,1,MORNING,WEEKDAY,18.8
FREIGHT,MEDIUM,83.0,57.7,25.4,75.0,2.3,2,3.0,2,63.1,59.7,2,EVENING,WEEKDAY,21.5
PASSENGER,MEDIUM,83.9,26.1,96.2,100.0,3.6,0,0.0,1,28.4,29.0,0,AFTERNOON,WEEKDAY,6.2
EXPRESS,HIGH,140.5,52.2,1.7,140.0,1.2,3,1.9,2,72.0,67.5,2,EVENING,WEEKDAY,17.1
EXPRESS,HIGH,61.7,8.8,25.0,130.0,0.0,0,0.0,1,49.5,50.8,1,MORNING,WEEKDAY,7.3
EXPRESS,HIGH,93.6,59.8,18.6,110.0,0.0,3,3.9,2,43.4,41.4,1,MORNING,WEEKDAY,14.8
PASSENGER,HIGH,59.2,43.9,109.2,110.0,5.3,1,1.5,1,66.8,70.5,0,AFTERNOON,WEEKDAY,8.4
PASSENGER,HIGH,176.8,30.1,18.8,100.0,3.3,0,0.0,2,10.0,10.0,1,AFTERNOON,WEEKEND,9.3
EXPRESS,HIGH,168.3,73.0,23.0,110.0,15.8,0,0.0,2,85.4,84.8,1,NIGHT,WEEKDAY,27.9
LOCAL,MEDIUM,109.3,14.5,88.6,90.0,0.7,0,0.0,2,56.1,59.1,0,AFTERNOON,WEEKEND,6.2
PASSENGER,MEDIUM,76.1,35.4,30.5,100.0,0.2,1,1.9,1,97.1,87.8,1,MORNING,WEEKDAY,14.3
PASSENGER,HIGH,50.1,67.0,101.2,110.0,0.0,1,3.9,1,63.5,71.0,0,MORNING,WEEKEND,5.4
PASSENGER,MEDIUM,38.4,24.1,94.2,100.0,0.0,1,3.4,1,47.6,46.4,0,AFTERNOON,WEEKDAY,3.4
EXPRESS,HIGH,54.6,78.2,18.6,140.0,13.3,0,0.0,3,81.3,73.7,1,EVENING,WEEKDAY,29.9
EXPRESS,HIGH,39.0,86.6,46.9,140.0,5.2,0,0.0,2,81.5,78.5,1,MORNING,WEEKDAY,18.9
EXPRESS,HIGH,177.0,67.6,48.5,130.0,0.0,0,0.0,3,61.5,52.6,2,MORNING,WEEKDAY,17.0
PASSENGER,HIGH,31.8,41.5,90.1,110.0,0.0,2,3.3,1,89.9,87.2,0,MORNING,WEEKDAY,7.0
EXPRESS,MEDIUM,55.2,69.4,122.5,140.0,1.0,2,4.9,3,62.1,63.2,0,EVENING,WEEKDAY,13.8
EXPRESS,HIGH,127.0,33.8,86.8,110.0,2.0,2,4.7,1,63.1,53.9,0,AFTERNOON,WEEKDAY,7.7
LOCAL,LOW,156.5,6.3,66.3,80.0,6.1,1,2.2,1,43.8,47.6,0,NIGHT,WEEKDAY,9.9
PASSENGER,MEDIUM,34.8,75.9,83.5,110.0,1.2,2,4.4,1,35.4,42.9,0,AFTERNOON,WEEKEND,8.8
PASSENGER,MEDIUM,49.7,35.1,93.9,110.0,0.0,1,4.0,1,10.9,24.1,0,MORNING,WEEKEND,2.9
EXPRESS,HIGH,88.2,23.9,116.4,140.0,0.0,0,0.0,1,10.0,13.7,0,AFTERNOON,WEEKDAY,0.0
PASSENGER,MEDIUM,106.8,17.6,23.7,110.0,0.0,1,3.9,3,75.3,72.3,2,MORNING,WEEKDAY,19.3
EXPRESS,HIGH,129.8,74.9,116.8,140.0,0.0,3,4.9,3,70.7,77.0,0,AFTERNOON,WEEKDAY,13.9
LOCAL,MEDIUM,33.7,8.8,22.1,90.0,3.9,1,2.8,2,59.5,58.9,1,MORNING,WEEKEND,13.5
EXPRESS,HIGH,87.1,47.5,5.0,120.0,2.4,2,4.5,2,51.5,55.2,1,MORNING,WEEKEND,14.7
PASSENGER,LOW,126.9,48.6,85.1,100.0,0.0,0,0.0,1,18.2,22.0,0,AFTERNOON,WEEKDAY,1.3
PASSENGER,HIGH,89.1,67.0,5.1,100.0,3.8,0,0.0,1,29.8,29.3,1,AFTERNOON,WEEKEND,13.0
EXPRESS,HIGH,110.7,41.3,93.0,110.0,0.0,1,2.7,1,66.4,52.6,0,EVENING,WEEKDAY,5.4
PASSENGER,LOW,135.6,13.0,92.7,100.0,0.2,1,4.4,1,21.8,22.9,0,AFTERNOON,WEEKDAY,4.2
PASSENGER,MEDIUM,64.4,30.8,90.4,100.0,0.0,2,3.7,1,52.9,44.1,0,AFTERNOON,WEEKDAY,5.0
LOCAL,LOW,61.2,18.0,17.8,80.0,0.0,0,0.0,3,54.9,55.8,1,EVENING,WEEKDAY,17.7
PASSENGER,HIGH,66.3,54.6,27.5,110.0,0.0,0,0.0,2,65.3,62.7,1,AFTERNOON,WEEKDAY,9.0
PASSENGER,MEDIUM,170.5,15.1,12.7,100.0,0.0,1,3.0,1,98.0,93.4,3,EVENING,WEEKDAY,21.7
PASSENGER,MEDIUM,72.2,54.3,94.7,110.0,0.0,3,4.5,1,41.0,33.6,0,NIGHT,WEEKDAY,8.5
EXPRESS,HIGH,155.3,24.7,119.7,120.0,1.5,1,3.2,1,25.4,26.8,0,AFTERNOON,WEEKDAY,4.1
FREIGHT,MEDIUM,176.2,40.7,0.7,75.0,0.0,2,3.7,2,67.0,68.3,1,MORNING,WEEKDAY,16.0
PASSENGER,MEDIUM,80.7,10.1,1.2,110.0,2.5,0,0.0,2,45.8,43.1,1,AFTERNOON,WEEKEND,11.4
EXPRESS,HIGH,119.7,57.8,87.7,120.0,0.0,2,2.8,1,78.6,75.0,0,AFTERNOON,WEEKDAY,6.0
PASSENGER,MEDIUM,69.6,6.6,31.1,110.0,13.9,1,4.8,3,59.3,56.3,1,EVENING,WEEKDAY,28.4
EXPRESS,MEDIUM,134.0,39.2,107.5,120.0,0.1,1,1.8,2,10.0,11.5,0,EVENING,WEEKEND,2.4
LOCAL,MEDIUM,91.9,75.9,60.5,80.0,1.7,1,3.6,1,59.4,57.1,0,EVENING,WEEKDAY,10.2
PASSENGER,MEDIUM,124.2,67.3,3.8,100.0,0.0,2,1.7,3,79.3,80.1,1,EVENING,WEEKDAY,19.1
LOCAL,MEDIUM,149.3,29.1,73.9,80.0,0.0,0,0.0,1,41.4,47.9,0,AFTERNOON,WEEKDAY,4.5
FREIGHT,MEDIUM,133.0,70.6,11.0,75.0,0.5,4,4.9,3,75.1,73.7,1,MORNING,WEEKDAY,26.2
FREIGHT,LOW,130.8,44.5,22.3,65.0,4.3,2,5.0,4,80.4,70.5,2,MORNING,WEEKDAY,35.9
LOCAL,MEDIUM,121.5,87.3,9.0,90.0,8.6,2,4.1,3,51.5,46.2,1,MORNING,WEEKDAY,29.3
FREIGHT,LOW,101.1,18.8,33.6,75.0,0.0,0,0.0,3,78.1,74.3,2,EVENING,WEEKDAY,23.8
PASSENGER,MEDIUM,90.4,6.7,37.1,110.0,8.9,1,2.0,2,53.7,44.0,1,EVENING,WEEKEND,16.8
EXPRESS,HIGH,141.5,89.0,44.2,110.0,4.9,0,0.0,2,23.1,23.1,1,NIGHT,WEEKEND,14.1
EXPRESS,HIGH,95.8,83.4,102.5,130.0,5.8,1,3.0,1,28.5,26.3,0,NIGHT,WEEKEND,8.5
EXPRESS,HIGH,109.6,63.2,129.0,130.0,4.6,4,3.6,1,10.0,11.3,0,NIGHT,WEEKDAY,7.0
EXPRESS,HIGH,117.9,71.9,2.1,110.0,1.9,1,4.5,3,90.0,95.6,1,NIGHT,WEEKEND,18.0
LOCAL,MEDIUM,130.4,17.5,64.8,90.0,4.6,0,0.0,1,74.6,81.3,0,EVENING,WEEKEND,9.8
EXPRESS,HIGH,111.8,87.2,131.9,140.0,14.5,0,0.0,1,58.7,62.2,0,EVENING,WEEKEND,17.1
PASSENGER,MEDIUM,159.0,25.6,90.6,100.0,4.7,0,0.0,1,66.5,60.9,0,AFTERNOON,WEEKDAY,9.5
PASSENGER,HIGH,57.5,38.6,81.1,100.0,5.3,0,0.0,2,42.0,44.9,0,NIGHT,WEEKDAY,9.7
EXPRESS,HIGH,68.3,21.6,48.2,120.0,2.0,0,0.0,3,69.9,59.6,1,EVENING,WEEKDAY,12.9
PASSENGER,MEDIUM,79.4,83.8,48.3,110.0,1.5,4,3.4,3,64.9,63.8,2,MORNING,WEEKDAY,26.5
EXPRESS,HIGH,120.2,24.3,127.8,130.0,0.0,0,0.0,2,21.0,26.6,0,NIGHT,WEEKDAY,2.7
EXPRESS,HIGH,174.2,13.3,48.8,120.0,0.0,1,4.0,1,45.7,45.4,1,NIGHT,WEEKEND,7.9
PASSENGER,MEDIUM,78.4,37.0,12.0,100.0,0.0,2,4.5,1,90.1,81.7,1,MORNING,WEEKDAY,18.3
PASSENGER,MEDIUM,168.4,41.7,41.6,110.0,0.4,2,4.9,2,67.2,62.5,3,EVENING,WEEKDAY,25.0
FREIGHT,MEDIUM,143.5,34.7,51.8,65.0,0.0,0,0.0,1,60.8,57.6,0,AFTERNOON,WEEKDAY,4.8
LOCAL,LOW,137.8,52.2,76.3,80.0,2.1,1,1.6,1,32.9,33.0,0,EVENING,WEEKEND,4.6
PASSENGER,MEDIUM,163.4,27.0,11.6,110.0,1.3,0,0.0,2,30.5,30.4,2,MORNING,WEEKDAY,15.7
PASSENGER,MEDIUM,173.6,6.1,8.9,100.0,0.0,1,1.7,2,73.4,71.4,1,MORNING,WEEKDAY,12.2
EXPRESS,HIGH,79.6,27.4,18.4,130.0,2.2,0,0.0,3,96.0,85.9,1,EVENING,WEEKDAY,14.3
PASSENGER,MEDIUM,37.9,68.9,77.4,100.0,1.1,4,3.1,4,25.0,20.4,0,MORNING,WEEKDAY,12.7
PASSENGER,MEDIUM,103.2,6.7,77.6,100.0,0.4,1,2.8,1,68.1,68.7,0,MORNING,WEEKDAY,7.6
PASSENGER,MEDIUM,40.5,82.8,83.6,110.0,6.3,3,4.1,2,54.8,53.4,0,EVENING,WEEKDAY,17.9
FREIGHT,LOW,122.1,63.7,56.2,65.0,2.1,0,0.0,1,54.7,47.5,0,AFTERNOON,WEEKDAY,8.8
EXPRESS,HIGH,163.4,48.8,49.4,130.0,3.3,0,0.0,3,46.3,42.1,1,EVENING,WEEKDAY,14.4
EXPRESS,HIGH,42.8,12.4,69.9,120.0,12.7,1,2.3,2,85.8,86.9,0,MORNING,WEEKDAY,20.6
EXPRESS,HIGH,66.8,42.7,18.2,110.0,12.0,0,0.0,1,49.1,51.0,1,AFTERNOON,WEEKEND,19.2
FREIGHT,LOW,48.6,17.6,57.8,65.0,0.0,0,0.0,1,56.1,62.0,0,AFTERNOON,WEEKDAY,6.3
EXPRESS,HIGH,78.2,75.3,37.5,140.0,1.7,5,3.9,3,80.8,74.2,1,AFTERNOON,WEEKEND,20.8
EXPRESS,MEDIUM,111.1,34.2,101.1,130.0,0.0,2,2.7,1,54.4,53.5,0,AFTERNOON,WEEKDAY,4.8
FREIGHT,LOW,64.5,70.4,50.1,65.0,0.0,3,4.3,1,75.9,75.9,0,EVENING,WEEKEND,12.3
EXPRESS,HIGH,155.0,47.4,55.7,140.0,0.0,2,3.6,2,67.8,61.1,1,MORNING,WEEKDAY,13.0
EXPRESS,HIGH,117.6,62.2,91.6,120.0,2.3,2,3.3,3,85.6,80.7,0,MORNING,WEEKDAY,13.8
EXPRESS,HIGH,78.0,11.3,40.4,120.0,3.9,0,0.0,4,79.2,79.7,1,MORNING,WEEKDAY,17.2
EXPRESS,HIGH,43.0,55.3,31.6,120.0,0.0,1,2.3,1,81.3,79.3,3,EVENING,WEEKDAY,14.9
FREIGHT,LOW,115.7,34.7,61.9,75.0,2.0,0,0.0,1,32.5,37.6,0,AFTERNOON,WEEKDAY,6.6
FREIGHT,MEDIUM,118.2,42.9,63.2,75.0,0.0,0,0.0,1,34.8,32.8,0,AFTERNOON,WEEKDAY,2.5
EXPRESS,HIGH,179.3,24.3,13.6,140.0,0.2,1,2.4,3,58.8,51.4,1,MORNING,WEEKDAY,11.7
EXPRESS,HIGH,74.9,72.8,108.0,120.0,0.1,0,0.0,1,58.8,57.3,0,MORNING,WEEKEND,2.6
FREIGHT,LOW,114.3,22.1,27.0,65.0,6.0,1,3.7,2,73.0,68.9,2,MORNING,WEEKDAY,29.6
LOCAL,LOW,91.1,51.8,47.3,90.0,0.0,3,3.5,3,80.0,74.6,0,MORNING,WEEKDAY,16.6
EXPRESS,HIGH,161.8,5.2,113.3,120.0,0.0,1,2.0,1,53.4,57.9,0,AFTERNOON,WEEKEND,1.8
EXPRESS,HIGH,159.8,57.3,100.0,120.0,0.0,2,3.6,2,70.3,65.3,0,MORNING,WEEKDAY,9.0
EXPRESS,HIGH,36.7,44.6,98.3,130.0,12.1,0,0.0,2,68.8,59.4,0,EVENING,WEEKDAY,19.6
LOCAL,MEDIUM,90.9,42.3,18.2,80.0,0.0,0,0.0,2,27.6,21.7,1,EVENING,WEEKEND,8.9
LOCAL,LOW,53.8,88.8,9.3,90.0,5.5,4,3.2,3,91.2,79.9,1,EVENING,WEEKDAY,33.8
FREIGHT,LOW,50.0,57.5,62.5,65.0,4.3,0,0.0,1,10.7,15.3,0,AFTERNOON,WEEKDAY,3.5
PASSENGER,LOW,38.2,15.8,9.8,100.0,0.0,0,0.0,3,82.0,84.5,1,EVENING,WEEKDAY,20.9
LOCAL,MEDIUM,134.0,89.8,28.5,80.0,0.0,1,2.7,2,55.4,53.7,1,NIGHT,WEEKEND,14.4
LOCAL,LOW,30.3,76.9,8.3,90.0,0.0,0,0.0,3,83.7,81.2,1,EVENING,WEEKDAY,24.2
PASSENGER,HIGH,154.6,21.3,82.9,100.0,1.0,0,0.0,3,37.9,37.5,0,NIGHT,WEEKDAY,4.4
PASSENGER,LOW,69.8,44.7,93.6,100.0,1.3,0,0.0,1,42.4,32.2,0,MORNING,WEEKEND,3.9
PASSENGER,LOW,166.0,69.6,89.6,100.0,2.8,3,4.9,1,20.6,15.0,0,MORNING,WEEKEND,11.8
LOCAL,MEDIUM,68.0,69.2,70.0,80.0,1.0,2,4.4,1,51.0,42.2,0,MORNING,WEEKDAY,10.4
FREIGHT,LOW,35.2,81.6,34.2,75.0,0.9,0,0.0,1,73.3,74.9,0,NIGHT,WEEKDAY,12.1
LOCAL,MEDIUM,146.1,65.1,71.4,80.0,1.7,2,4.7,1,43.8,38.3,0,MORNING,WEEKEND,9.1
PASSENGER,MEDIUM,113.7,54.5,89.4,110.0,0.0,3,3.6,1,23.0,35.7,0,NIGHT,WEEKEND,5.4
PASSENGER,MEDIUM,128.5,92.5,5.7,110.0,3.6,4,2.6,2,62.8,62.0,2,MORNING,WEEKDAY,26.3
PASSENGER,MEDIUM,100.2,15.1,30.3,100.0,0.0,0,0.0,2,38.1,35.3,1,EVENING,WEEKDAY,11.2
EXPRESS,HIGH,98.6,54.9,101.2,110.0,10.3,3,3.5,1,61.5,60.2,0,MORNING,WEEKEND,15.5
EXPRESS,HIGH,146.1,55.8,36.8,130.0,0.0,3,1.5,2,81.6,68.0,1,EVENING,WEEKDAY,13.0
FREIGHT,LOW,116.1,58.5,49.3,75.0,4.0,3,2.0,2,72.3,64.7,0,EVENING,WEEKDAY,16.6
EXPRESS,HIGH,54.7,43.2,1.9,110.0,1.0,2,4.6,2,90.1,87.8,1,EVENING,WEEKDAY,18.5
FREIGHT,LOW,146.1,86.5,69.3,75.0,10.2,3,4.7,1,66.6,61.8,0,MORNING,WEEKDAY,24.9
PASSENGER,MEDIUM,89.2,41.6,15.8,110.0,2.8,2,2.1,2,17.6,21.4,1,AFTERNOON,WEEKDAY,11.5
EXPRESS,HIGH,32.2,84.8,13.1,110.0,2.9,5,2.3,2,31.5,27.8,2,MORNING,WEEKDAY,18.3
PASSENGER,MEDIUM,32.9,58.3,18.4,110.0,0.0,1,3.0,2,60.3,50.9,1,EVENING,WEEKDAY,15.5
PASSENGER,HIGH,102.8,13.0,19.9,100.0,1.3,1,1.9,2,91.9,90.0,2,EVENING,WEEKDAY,15.2
EXPRESS,HIGH,146.2,58.2,2.7,110.0,0.0,3,3.6,1,75.0,71.3,1,EVENING,WEEKDAY,13.1
LOCAL,LOW,150.9,14.5,56.7,90.0,7.1,0,0.0,3,96.8,92.7,0,EVENING,WEEKDAY,21.1
PASSENGER,MEDIUM,76.0,39.9,87.2,110.0,2.8,0,0.0,1,10.0,2.7,0,AFTERNOON,WEEKDAY,3.8
EXPRESS,HIGH,165.0,31.2,67.2,110.0,0.0,0,0.0,1,73.6,59.7,0,EVENING,WEEKDAY,6.0
PASSENGER,HIGH,78.1,21.1,7.5,100.0,0.0,1,3.7,4,62.5,57.7,1,MORNING,WEEKDAY,13.0
PASSENGER,MEDIUM,112.5,73.2,87.6,100.0,9.3,2,2.0,1,24.6,21.2,0,NIGHT,WEEKEND,11.5
EXPRESS,HIGH,90.9,34.5,83.1,140.0,0.1,1,4.1,3,88.5,76.1,0,EVENING,WEEKDAY,11.0
EXPRESS,HIGH,163.6,73.9,135.7,140.0,12.8,0,0.0,1,22.8,21.6,0,NIGHT,WEEKEND,11.5
EXPRESS,MEDIUM,138.9,20.2,49.1,120.0,2.4,1,3.2,2,56.7,57.9,1,AFTERNOON,WEEKDAY,14.2
PASSENGER,MEDIUM,34.9,89.6,101.4,110.0,3.2,3,3.3,1,10.2,11.4,0,MORNING,WEEKEND,7.5
EXPRESS,HIGH,106.6,87.6,16.2,130.0,0.0,5,2.7,2,65.1,58.6,2,EVENING,WEEKDAY,18.3
PASSENGER,MEDIUM,107.1,17.7,30.9,110.0,0.5,1,4.1,2,28.4,37.8,2,EVENING,WEEKEND,14.6
EXPRESS,HIGH,148.4,77.7,115.7,120.0,0.0,4,3.3,1,62.9,55.6,0,EVENING,WEEKEND,5.9
FREIGHT,LOW,152.1,5.8,69.9,75.0,0.2,0,0.0,1,10.0,7.4,0,EVENING,WEEKEND,1.6
FREIGHT,LOW,114.6,31.1,54.4,65.0,1.3,1,4.3,1,10.0,12.7,0,NIGHT,WEEKDAY,5.2
LOCAL,LOW,138.2,62.2,87.9,90.0,4.5,1,1.8,1,26.1,21.7,0,EVENING,WEEKEND,5.6
EXPRESS,HIGH,83.3,50.0,97.4,110.0,0.0,3,2.9,1,42.1,37.9,0,MORNING,WEEKEND,3.3
EXPRESS,HIGH,154.3,75.9,40.8,140.0,12.5,4,4.0,2,55.8,52.8,2,EVENING,WEEKDAY,31.8
EXPRESS,MEDIUM,170.5,83.6,99.1,120.0,0.0,4,3.7,1,41.7,42.5,0,NIGHT,WEEKDAY,8.2
FREIGHT,LOW,164.0,77.5,23.0,75.0,0.8,3,3.5,1,76.5,74.5,1,EVENING,WEEKEND,22.0
PASSENGER,MEDIUM,116.4,56.5,98.9,100.0,4.4,2,2.6,2,39.2,39.1,0,EVENING,WEEKDAY,11.5
EXPRESS,HIGH,70.3,72.3,107.8,140.0,7.5,0,0.0,2,53.9,47.4,0,EVENING,WEEKDAY,14.0
LOCAL,HIGH,146.8,67.9,74.1,80.0,0.8,0,0.0,3,17.1,7.1,0,AFTERNOON,WEEKDAY,5.4
LOCAL,MEDIUM,66.7,42.2,52.8,80.0,0.0,0,0.0,3,95.0,89.9,0,EVENING,WEEKDAY,12.3
LOCAL,MEDIUM,76.3,88.0,26.3,90.0,5.5,0,0.0,2,73.1,74.1,1,AFTERNOON,WEEKDAY,20.2
FREIGHT,LOW,166.0,47.3,74.9,75.0,8.3,3,3.0,1,49.0,44.1,0,MORNING,WEEKDAY,16.1
EXPRESS,HIGH,166.9,94.9,115.9,130.0,3.0,0,0.0,1,16.1,15.4,0,EVENING,WEEKEND,5.2
EXPRESS,HIGH,77.7,64.3,16.8,110.0,1.0,1,2.4,4,98.0,95.7,1,EVENING,WEEKDAY,18.8
LOCAL,MEDIUM,41.2,32.5,47.3,90.0,0.0,0,0.0,3,90.0,91.0,0,EVENING,WEEKDAY,12.2
EXPRESS,HIGH,126.4,28.5,95.8,110.0,1.9,1,2.6,1,62.9,62.9,0,AFTERNOON,WEEKDAY,5.1
LOCAL,MEDIUM,145.4,86.6,89.6,90.0,9.3,1,2.8,1,21.5,30.1,0,MORNING,WEEKEND,8.3
FREIGHT,MEDIUM,101.9,55.4,12.3,65.0,0.0,1,4.1,2,43.3,41.2,1,EVENING,WEEKDAY,14.9
EXPRESS,HIGH,98.2,64.1,8.0,120.0,1.6,4,4.7,2,71.4,63.2,1,EVENING,WEEKDAY,21.4
PASSENGER,LOW,44.8,33.6,70.7,100.0,3.5,0,0.0,4,98.0,94.9,0,MORNING,WEEKDAY,19.7
EXPRESS,HIGH,171.9,53.7,107.2,130.0,6.7,2,2.8,1,36.4,40.9,0,AFTERNOON,WEEKDAY,10.6
LOCAL,MEDIUM,136.9,15.7,60.1,80.0,0.7,1,4.3,1,17.0,7.0,0,AFTERNOON,WEEKDAY,3.4
LOCAL,MEDIUM,103.5,87.5,14.5,80.0,0.0,1,3.4,2,88.4,91.2,1,MORNING,WEEKDAY,19.5
PASSENGER,HIGH,176.0,78.8,33.0,110.0,1.5,5,3.8,2,92.7,92.2,2,EVENING,WEEKDAY,23.4
FREIGHT,LOW,126.6,37.6,6.4,65.0,0.0,0,0.0,2,33.6,28.0,1,EVENING,WEEKDAY,14.9
LOCAL,MEDIUM,158.2,9.1,85.6,90.0,1.8,0,0.0,1,58.8,58.5,0,EVENING,WEEKEND,5.5
EXPRESS,HIGH,94.0,48.2,0.9,130.0,7.8,2,3.8,3,98.0,89.7,2,MORNING,WEEKDAY,28.9
EXPRESS,HIGH,140.0,43.1,102.9,140.0,3.3,0,0.0,2,87.6,84.1,0,MORNING,WEEKDAY,11.7
PASSENGER,MEDIUM,108.4,46.2,0.5,100.0,3.4,1,1.7,1,61.8,67.5,1,AFTERNOON,WEEKEND,15.9
PASSENGER,MEDIUM,40.8,33.2,96.8,100.0,6.3,2,4.6,1,40.0,43.2,0,MORNING,WEEKEND,12.3
EXPRESS,HIGH,149.4,7.1,4.8,110.0,0.0,1,1.6,2,21.9,29.0,2,AFTERNOON,WEEKDAY,7.0
FREIGHT,LOW,42.9,43.5,28.6,75.0,0.6,1,1.8,2,98.0,96.5,1,MORNING,WEEKDAY,20.6
LOCAL,MEDIUM,159.0,5.9,71.0,90.0,0.7,0,0.0,1,11.0,8.0,0,NIGHT,WEEKDAY,1.3
EXPRESS,HIGH,114.7,10.5,43.8,120.0,0.6,1,4.1,2,55.9,56.0,1,AFTERNOON,WEEKDAY,8.6
PASSENGER,MEDIUM,87.6,11.8,75.6,100.0,0.0,0,0.0,1,52.5,54.1,0,MORNING,WEEKEND,4.4
PASSENGER,MEDIUM,162.6,11.9,55.2,110.0,8.2,0,0.0,4,95.2,88.5,0,MORNING,WEEKDAY,22.1
LOCAL,MEDIUM,84.0,84.6,29.4,90.0,0.3,5,3.7,2,49.2,45.5,1,EVENING,WEEKEND,19.2
PASSENGER,HIGH,147.7,78.0,91.1,100.0,0.0,3,4.1,1,10.0,10.1,0,AFTERNOON,WEEKDAY,5.0
EXPRESS,MEDIUM,168.4,22.2,29.5,110.0,1.2,1,2.9,4,66.0,56.4,1,EVENING,WEEKDAY,16.7
PASSENGER,MEDIUM,86.4,14.4,27.0,100.0,3.1,0,0.0,4,60.2,53.8,1,MORNING,WEEKDAY,18.6
PASSENGER,MEDIUM,113.6,49.0,29.9,100.0,2.6,2,2.6,2,83.4,77.7,1,EVENING,WEEKDAY,18.5
PASSENGER,LOW,161.9,78.2,83.3,110.0,0.0,4,2.0,3,69.5,62.4,0,MORNING,WEEKDAY,12.7
PASSENGER,MEDIUM,177.7,86.2,90.2,100.0,0.0,0,0.0,1,33.1,29.6,0,EVENING,WEEKEND,2.0
FREIGHT,MEDIUM,87.1,14.1,55.1,75.0,1.4,1,1.6,1,76.6,75.0,0,AFTERNOON,WEEKEND,6.0
EXPRESS,HIGH,90.9,5.8,31.7,110.0,2.1,0,0.0,3,84.7,75.8,1,EVENING,WEEKDAY,13.1
FREIGHT,MEDIUM,117.8,46.7,14.9,65.0,0.3,3,2.9,3,92.5,82.3,2,MORNING,WEEKDAY,21.5
EXPRESS,HIGH,62.5,85.1,2.5,130.0,2.4,5,4.1,3,54.1,44.7,1,EVENING,WEEKDAY,25.2
PASSENGER,MEDIUM,106.1,21.5,86.4,110.0,0.0,0,0.0,1,55.1,63.0,0,AFTERNOON,WEEKEND,4.0
PASSENGER,MEDIUM,171.4,44.1,75.5,100.0,2.3,1,3.2,1,29.3,17.4,0,NIGHT,WEEKEND,6.1
EXPRESS,HIGH,137.8,48.1,15.3,110.0,0.0,0,0.0,2,72.5,65.6,1,EVENING,WEEKDAY,10.9
EXPRESS,MEDIUM,60.4,18.0,93.7,110.0,0.0,1,4.3,1,10.0,3.4,0,AFTERNOON,WEEKDAY,0.8
FREIGHT,LOW,111.3,34.1,63.5,75.0,8.2,2,3.1,1,32.4,32.7,0,NIGHT,WEEKDAY,12.9
LOCAL,MEDIUM,119.9,48.1,35.0,90.0,0.2,2,1.9,3,43.7,40.4,1,EVENING,WEEKDAY,13.9
PASSENGER,MEDIUM,62.5,63.8,17.4,110.0,0.0,1,2.2,2,61.7,61.0,1,EVENING,WEEKDAY,16.0
PASSENGER,MEDIUM,178.9,24.9,36.5,110.0,1.9,0,0.0,3,74.9,76.4,1,AFTERNOON,WEEKDAY,14.1
PASSENGER,MEDIUM,125.5,17.3,43.0,100.0,1.4,0,0.0,1,80.3,76.2,2,EVENING,WEEKDAY,15.4
EXPRESS,HIGH,114.2,53.0,82.7,110.0,0.0,3,1.6,1,64.1,56.4,0,MORNING,WEEKDAY,6.2
LOCAL,MEDIUM,73.9,74.5,79.0,80.0,9.6,4,3.2,2,17.4,19.9,0,EVENING,WEEKEND,12.2
EXPRESS,HIGH,112.1,61.3,27.7,120.0,7.2,1,2.8,2,56.8,59.0,1,MORNING,WEEKDAY,19.0
PASSENGER,MEDIUM,125.2,62.4,43.2,110.0,0.9,1,3.6,3,57.5,64.1,2,EVENING,WEEKDAY,22.3
LOCAL,LOW,39.4,74.6,64.5,80.0,0.0,0,0.0,2,10.0,8.7,0,MORNING,WEEKEND,3.5
FREIGHT,LOW,120.3,82.4,36.9,65.0,0.0,3,3.2,1,88.7,77.4,0,MORNING,WEEKDAY,15.7
EXPRESS,MEDIUM,108.2,37.1,93.8,120.0,0.3,2,2.0,1,93.7,86.5,0,EVENING,WEEKDAY,8.7
LOCAL,LOW,69.9,49.0,61.5,80.0,1.9,2,3.2,1,51.4,43.4,0,AFTERNOON,WEEKDAY,8.3
EXPRESS,HIGH,147.0,72.9,108.3,110.0,0.0,3,3.2,1,10.3,11.1,0,AFTERNOON,WEEKDAY,0.0
PASSENGER,MEDIUM,134.2,19.8,9.2,100.0,2.8,0,0.0,2,23.1,19.0,1,NIGHT,WEEKDAY,9.7
EXPRESS,HIGH,40.8,45.8,43.4,110.0,3.6,3,2.9,2,46.7,41.5,2,AFTERNOON,WEEKEND,14.1
EXPRESS,MEDIUM,131.0,85.8,26.6,120.0,0.5,5,2.2,2,63.5,51.0,3,EVENING,WEEKDAY,24.2
FREIGHT,LOW,165.3,62.9,8.1,75.0,1.8,4,4.7,1,42.5,40.1,1,MORNING,WEEKDAY,26.6
EXPRESS,HIGH,152.8,75.6,49.8,120.0,3.8,0,0.0,2,70.2,71.7,1,MORNING,WEEKDAY,16.9
LOCAL,LOW,172.0,15.4,76.8,80.0,0.0,0,0.0,1,62.3,67.3,0,EVENING,WEEKEND,7.0
EXPRESS,HIGH,48.5,40.9,33.2,120.0,0.0,2,4.1,2,69.4,74.5,3,MORNING,WEEKDAY,18.4
EXPRESS,HIGH,50.7,42.3,22.0,130.0,0.0,1,1.8,1,18.1,22.2,1,MORNING,WEEKEND,6.9
EXPRESS,HIGH,101.6,33.6,14.1,120.0,20.6,1,4.5,3,80.6,82.7,2,EVENING,WEEKDAY,37.5
LOCAL,LOW,67.5,71.4,74.5,80.0,0.0,2,3.4,1,10.0,13.2,0,NIGHT,WEEKDAY,3.6
FREIGHT,LOW,175.6,38.3,9.9,75.0,3.5,0,0.0,2,90.3,85.5,1,EVENING,WEEKDAY,24.2
PASSENGER,HIGH,107.3,37.5,6.1,110.0,5.9,2,3.2,2,59.9,61.4,1,AFTERNOON,WEEKDAY,16.1
LOCAL,MEDIUM,79.3,10.8,77.2,90.0,0.1,1,1.5,2,16.2,19.2,0,EVENING,WEEKEND,2.9
EXPRESS,MEDIUM,172.3,51.5,101.2,120.0,1.3,3,2.8,1,26.7,30.0,0,NIGHT,WEEKDAY,4.4
EXPRESS,HIGH,179.9,13.7,134.0,140.0,0.4,1,4.3,2,67.6,54.4,0,AFTERNOON,WEEKDAY,6.2
FREIGHT,LOW,136.3,85.4,31.7,75.0,0.0,1,2.0,4,58.4,48.1,2,MORNING,WEEKDAY,25.9
PASSENGER,MEDIUM,63.9,35.7,106.0,110.0,0.0,1,4.0,1,32.2,36.2,0,AFTERNOON,WEEKDAY,2.8
PASSENGER,MEDIUM,127.9,88.9,19.1,100.0,7.2,2,4.9,3,88.9,86.6,1,EVENING,WEEKDAY,31.9
FREIGHT,LOW,139.5,84.3,28.9,75.0,0.3,3,3.2,1,28.5,34.9,1,MORNING,WEEKEND,13.9
LOCAL,MEDIUM,35.3,45.2,23.2,90.0,0.1,3,3.9,2,47.3,41.6,1,MORNING,WEEKDAY,15.4
PASSENGER,MEDIUM,64.0,91.9,38.6,110.0,13.3,4,2.4,1,40.7,30.8,1,AFTERNOON,WEEKDAY,25.3
PASSENGER,MEDIUM,77.1,20.5,83.2,100.0,0.0,0,0.0,2,41.0,41.0,0,AFTERNOON,WEEKDAY,5.2
LOCAL,MEDIUM,53.1,52.0,65.6,80.0,0.4,1,2.9,3,53.0,49.2,0,EVENING,WEEKDAY,8.8
EXPRESS,HIGH,102.0,26.5,131.1,140.0,1.5,0,0.0,1,32.6,31.0,0,MORNING,WEEKEND,3.5
EXPRESS,MEDIUM,58.0,70.0,42.0,110.0,0.1,0,0.0,2,11.8,13.1,2,EVENING,WEEKEND,13.8
EXPRESS,HIGH,114.5,92.9,8.1,140.0,1.2,2,2.1,2,21.3,20.3,2,AFTERNOON,WEEKDAY,16.4
LOCAL,MEDIUM,56.2,66.1,77.1,80.0,5.9,0,0.0,1,40.7,37.8,0,AFTERNOON,WEEKDAY,9.2
FREIGHT,LOW,155.0,53.0,16.2,65.0,2.6,1,3.2,3,13.8,13.1,2,MORNING,WEEKEND,22.0
PASSENGER,HIGH,77.0,60.4,24.7,100.0,7.7,1,2.9,2,98.0,88.9,1,EVENING,WEEKDAY,21.8
PASSENGER,MEDIUM,82.6,82.5,88.1,110.0,0.0,0,0.0,1,61.5,68.4,0,AFTERNOON,WEEKDAY,6.0
EXPRESS,HIGH,133.2,81.0,112.4,140.0,0.0,5,4.3,2,44.0,46.2,0,EVENING,WEEKEND,13.4
LOCAL,MEDIUM,62.3,64.5,70.0,90.0,5.3,4,4.7,1,15.6,17.4,0,MORNING,WEEKEND,13.7
PASSENGER,HIGH,118.7,60.3,23.9,100.0,2.3,0,0.0,3,71.5,67.1,1,MORNING,WEEKDAY,16.4
LOCAL,MEDIUM,160.4,85.6,15.1,90.0,0.7,5,1.8,1,75.4,75.0,2,AFTERNOON,WEEKDAY,19.0
EXPRESS,HIGH,111.6,7.0,51.3,120.0,7.6,1,3.0,4,65.1,54.9,2,MORNING,WEEKDAY,22.0
EXPRESS,MEDIUM,110.6,93.1,42.6,110.0,0.0,0,0.0,2,61.8,53.7,2,MORNING,WEEKDAY,18.9
EXPRESS,MEDIUM,44.4,48.6,29.4,110.0,10.4,3,4.7,2,73.3,78.1,2,AFTERNOON,WEEKEND,32.4
LOCAL,MEDIUM,95.7,37.2,9.5,80.0,1.3,0,0.0,2,79.1,78.1,1,EVENING,WEEKDAY,16.3
PASSENGER,LOW,63.1,60.2,7.1,110.0,0.0,3,2.1,2,81.8,78.7,2,MORNING,WEEKDAY,27.1
EXPRESS,HIGH,31.8,80.6,44.1,120.0,7.8,3,3.2,2,11.7,12.0,2,AFTERNOON,WEEKEND,20.2
FREIGHT,LOW,76.8,61.2,26.2,75.0,2.6,2,3.9,1,15.8,16.7,1,MORNING,WEEKEND,15.4
EXPRESS,HIGH,64.2,32.0,35.2,120.0,0.0,1,3.5,2,45.5,47.6,3,AFTERNOON,WEEKEND,13.8
EXPRESS,HIGH,109.3,57.4,62.2,140.0,0.0,2,3.4,1,73.6,74.7,1,MORNING,WEEKDAY,10.6
FREIGHT,LOW,127.3,9.1,7.0,75.0,0.0,1,4.6,2,34.4,41.3,1,MORNING,WEEKEND,12.9
EXPRESS,HIGH,52.4,38.3,15.4,140.0,0.1,1,2.3,2,42.2,42.9,2,MORNING,WEEKEND,10.7
EXPRESS,HIGH,100.8,78.8,9.5,110.0,8.3,3,3.2,2,88.5,83.8,3,MORNING,WEEKDAY,31.4
EXPRESS,HIGH,36.7,87.6,101.3,120.0,0.0,0,0.0,3,77.9,76.1,0,EVENING,WEEKDAY,10.2
EXPRESS,HIGH,116.9,34.0,22.1,140.0,3.5,1,3.2,3,55.1,49.3,1,AFTERNOON,WEEKEND,14.1
FREIGHT,LOW,89.4,42.7,7.6,65.0,3.2,2,3.4,2,67.8,68.5,1,EVENING,WEEKDAY,23.7
PASSENGER,MEDIUM,162.7,28.3,43.0,110.0,0.0,0,0.0,4,94.8,96.0,3,EVENING,WEEKDAY,26.4
PASSENGER,HIGH,170.0,51.1,37.7,100.0,0.1,0,0.0,3,98.0,91.2,1,MORNING,WEEKDAY,14.1
PASSENGER,MEDIUM,52.4,21.4,104.6,110.0,2.2,0,0.0,1,19.1,27.2,0,AFTERNOON,WEEKDAY,4.1
EXPRESS,HIGH,44.4,44.1,21.8,110.0,1.9,0,0.0,2,83.5,78.7,3,MORNING,WEEKDAY,17.9
LOCAL,LOW,33.6,84.4,79.8,80.0,0.0,5,3.8,1,41.9,41.9,0,NIGHT,WEEKEND,9.5
